SYMBOL,NAME OF COMPANY,normalizedName
20MICRONS,20 Microns Limited,20 microns
21STCENMGM,21st Century Management Services Limited,21st century management services
360ONE,360 ONE WAM LIMITED,360 one wam
3IINFOLTD,3i Infotech Limited,3i infotech
3MINDIA,3M India Limited,3m
3PLAND,3P Land Holdings Limited,3p land holdings
5PAISA,5Paisa Capital Limited,5paisa capital
63MOONS,63 moons technologies limited,63 moons technologies
A2ZINFRA,A2Z Infra Engineering Limited,a2z infra engineering
AAATECH,AAA Technologies Limited,aaa technologies
AADHARHFC,Aadhar Housing Finance Limited,aadhar housing finance
AAKASH,Aakash Exploration Services Limited,aakash exploration services
AAREYDRUGS,Aarey Drugs & Pharmaceuticals Limited,aarey drugs pharmaceuticals
AARON,Aaron Industries Limited,aaron
AARTECH,Aartech Solonics Limited,aartech solonics
AARTIDRUGS,Aarti Drugs Limited,aarti drugs
AARTIIND,Aarti Industries Limited,aarti
AARTIPHARM,Aarti Pharmalabs Limited,aarti pharmalabs
AARTISURF,Aarti Surfactants Limited,aarti surfactants
AARVEEDEN,Aarvee Denims & Exports Limited,aarvee denims exports
AARVI,Aarvi Encon Limited,aarvi encon
AAVAS,Aavas Financiers Limited,aavas financiers
ABAN,Aban Offshore Limited,aban offshore
ABB,ABB India Limited,abb
ABBOTINDIA,Abbott India Limited,abbott
ABCAPITAL,Aditya Birla Capital Limited,aditya birla capital
ABDL,Allied Blenders and Distillers Limited,allied blenders and distillers
ABFRL,Aditya Birla Fashion and Retail Limited,aditya birla fashion and retail
ABINFRA,A B Infrabuild Limited,a b infrabuild
ABLBL,Aditya Birla Lifestyle Brands Limited,aditya birla lifestyle brands
ABMINTLLTD,ABM International Limited,abm international
ABREL,Aditya Birla Real Estate Limited,aditya birla real estate
ABSLAMC,Aditya Birla Sun Life AMC Limited,aditya birla sun life amc
ACC,ACC Limited,acc
ACCELYA,Accelya Solutions India Limited,accelya solutions
ACCURACY,Accuracy Shipping Limited,accuracy shipping
ACE,Action Construction Equipment Limited,action construction equipment
ACEINTEG,Ace Integrated Solutions Limited,ace integrated solutions
ACI,Archean Chemical Industries Limited,archean chemical
ACL,Andhra Cements Limited,andhra cements
ACLGATI,Allcargo Gati Limited,allcargo gati
ACMESOLAR,Acme Solar Holdings Limited,acme solar holdings
ACUTAAS,Acutaas Chemicals Limited,acutaas chemicals
ADANIENSOL,Adani Energy Solutions Limited,adani energy solutions
ADANIENT,Adani Enterprises Limited,adani enterprises
ADANIGREEN,Adani Green Energy Limited,adani green energy
ADANIPORTS,Adani Ports and Special Economic Zone Limited,adani ports and special economic zone
ADANIPOWER,Adani Power Limited,adani power
ADFFOODS,ADF Foods Limited,adf foods
ADL,Archidply Decor Limited,archidply decor
ADOR,Ador Welding Limited,ador welding
ADROITINFO,Adroit Infotech Limited,adroit infotech
ADSL,Allied Digital Services Limited,allied digital services
ADVANIHOTR,Advani Hotels & Resorts (India) Limited,advani hotels resorts
ADVENZYMES,Advanced Enzyme Technologies Limited,advanced enzyme technologies
AEGISLOG,Aegis Logistics Limited,aegis logistics
AEGISVOPAK,Aegis Vopak Terminals Limited,aegis vopak terminals
AEROENTER,Aeroflex Enterprises Limited,aeroflex enterprises
AEROFLEX,Aeroflex Industries Limited,aeroflex
AERONEU,Aeroflex Neu Limited,aeroflex neu
AETHER,Aether Industries Limited,aether
AFCONS,Afcons Infrastructure Limited,afcons infrastructure
AFFLE,Affle 3i Limited,affle 3i
AFFORDABLE,Affordable Robotic & Automation Limited,affordable robotic automation
AFIL,Akme Fintrade (India) Limited,akme fintrade
AFSL,Abans Financial Services Limited,abans financial services
AGARIND,Agarwal Industrial Corporation Limited,agarwal industrial corporation
AGARWALEYE,Dr. Agarwal's Health Care Limited,dr agarwal s health care
AGI,AGI Greenpac Limited,agi greenpac
AGIIL,Agi Infra Limited,agi infra
AGRITECH,Agri-Tech (India) Limited,agri tech
AGROPHOS,Agro Phos India Limited,agro phos
AGSTRA,AGS Transact Technologies Limited,ags transact technologies
AHCL,Anlon Healthcare Limited,anlon healthcare
AHLADA,Ahlada Engineers Limited,ahlada engineers
AHLEAST,Asian Hotels (East) Limited,asian hotels east
AHLUCONT,Ahluwalia Contracts (India) Limited,ahluwalia contracts
AIAENG,AIA Engineering Limited,aia engineering
AIIL,Authum Investment & Infrastructure Limited,authum investment infrastructure
AIRAN,Airan Limited,airan
AIROLAM,Airo Lam limited,airo lam
AJANTPHARM,Ajanta Pharma Limited,ajanta pharma
AJAXENGG,Ajax Engineering Limited,ajax engineering
AJMERA,Ajmera Realty & Infra India Limited,ajmera realty infra
AJOONI,Ajooni Biotech Limited,ajooni biotech
AKASH,Akash Infra-Projects Limited,akash infra projects
AKG,Akg Exim Limited,akg exim
AKI,AKI India Limited,aki
AKSHAR,Akshar Spintex Limited,akshar spintex
AKSHARCHEM,AksharChem India Limited,aksharchem
AKSHOPTFBR,Aksh Optifibre Limited,aksh optifibre
AKUMS,Akums Drugs and Pharmaceuticals Limited,akums drugs and pharmaceuticals
AKZOINDIA,Akzo Nobel India Limited,akzo nobel
ALANKIT,Alankit Limited,alankit
ALBERTDAVD,Albert David Limited,albert david
ALEMBICLTD,Alembic Limited,alembic
ALICON,Alicon Castalloy Limited,alicon castalloy
ALIVUS,Alivus Life Sciences Limited,alivus life sciences
ALKALI,Alkali Metals Limited,alkali metals
ALKEM,Alkem Laboratories Limited,alkem laboratories
ALKYLAMINE,Alkyl Amines Chemicals Limited,alkyl amines chemicals
ALLCARGO,Allcargo Logistics Limited,allcargo logistics
ALLDIGI,Alldigi Tech Limited,alldigi tech
ALLTIME,All Time Plastics Limited,all time plastics
ALMONDZ,Almondz Global Securities Limited,almondz global securities
ALOKINDS,Alok Industries Limited,alok
ALPA,Alpa Laboratories Limited,alpa laboratories
ALPHAGEO,Alphageo (India) Limited,alphageo
ALPSINDUS,Alps Industries Limited,alps
AMANTA,Amanta Healthcare Limited,amanta healthcare
AMBER,Amber Enterprises India Limited,amber enterprises
AMBICAAGAR,Ambica Agarbathies & Aroma industries Limited,ambica agarbathies aroma
AMBIKCO,Ambika Cotton Mills Limited,ambika cotton mills
AMBUJACEM,Ambuja Cements Limited,ambuja cements
AMDIND,AMD Industries Limited,amd
AMJLAND,Amj Land Holdings Limited,amj land holdings
AMNPLST,Amines & Plasticizers Limited,amines plasticizers
AMRUTANJAN,Amrutanjan Health Care Limited,amrutanjan health care
ANANDRATHI,Anand Rathi Wealth Limited,anand rathi wealth
ANANTRAJ,Anant Raj Limited,anant raj
ANDHRAPAP,ANDHRA PAPER LIMITED,andhra paper
ANDHRSUGAR,The Andhra Sugars Limited,the andhra sugars
ANGELONE,Angel One Limited,angel one
ANIKINDS,Anik Industries Limited,anik
ANKITMETAL,Ankit Metal & Power Limited,ankit metal power
ANMOL,Anmol India Limited,anmol
ANSALAPI,Ansal Properties & Infrastructure Limited,ansal properties infrastructure
ANTGRAPHIC,Antarctica Limited,antarctica
ANTHEM,Anthem Biosciences Limited,anthem biosciences
ANUHPHR,Anuh Pharma Limited,anuh pharma
ANUP,The Anup Engineering Limited,the anup engineering
ANURAS,Anupam Rasayan India Limited,anupam rasayan
APARINDS,Apar Industries Limited,apar
APCL,Anjani Portland Cement Limited,anjani portland cement
APCOTEXIND,Apcotex Industries Limited,apcotex
APEX,Apex Frozen Foods Limited,apex frozen foods
APLAPOLLO,APL Apollo Tubes Limited,apl apollo tubes
APLLTD,Alembic Pharmaceuticals Limited,alembic pharmaceuticals
APOLLO,Apollo Micro Systems Limited,apollo micro systems
APOLLOHOSP,Apollo Hospitals Enterprise Limited,apollo hospitals enterprise
APOLLOPIPE,Apollo Pipes Limited,apollo pipes
APOLLOTYRE,Apollo Tyres Limited,apollo tyres
APOLSINHOT,Apollo Sindoori Hotels Limited,apollo sindoori hotels
APTECHT,Aptech Limited,aptech
APTUS,Aptus Value Housing Finance India Limited,aptus value housing finance
ARCHIDPLY,Archidply Industries Limited,archidply
ARCHIES,Archies Limited,archies
ARE&M,Amara Raja Energy & Mobility Limited,amara raja energy mobility
ARENTERP,Rajdarshan Industries Limited,rajdarshan
ARFIN,Arfin India Limited,arfin
ARIES,Aries Agro Limited,aries agro
ARIHANTCAP,Arihant Capital Markets Limited,arihant capital markets
ARIHANTSUP,Arihant Superstructures Limited,arihant superstructures
ARISINFRA,Arisinfra Solutions Limited,arisinfra solutions
ARKADE,Arkade Developers Limited,arkade developers
ARMANFIN,Arman Financial Services Limited,arman financial services
AROGRANITE,Aro Granite Industries Limited,aro granite
ARROWGREEN,Arrow Greentech Limited,arrow greentech
ARSHIYA,Arshiya Limited,arshiya
ARTEMISMED,Artemis Medicare Services Limited,artemis medicare services
ARTNIRMAN,Art Nirman Limited,art nirman
ARVEE,Arvee Laboratories (India) Limited,arvee laboratories
ARVIND,Arvind Limited,arvind
ARVINDFASN,Arvind Fashions Limited,arvind fashions
ARVSMART,Arvind SmartSpaces Limited,arvind smartspaces
ASAHIINDIA,Asahi India Glass Limited,asahi india glass
ASAHISONG,Asahi Songwon Colors Limited,asahi songwon colors
ASAL,Automotive Stampings and Assemblies Limited,automotive stampings and assemblies
ASALCBR,Associated Alcohols & Breweries Ltd.,associated alcohols breweries
ASHAPURMIN,Ashapura Minechem Limited,ashapura minechem
ASHIANA,Ashiana Housing Limited,ashiana housing
ASHIMASYN,Ashima Limited,ashima
ASHOKA,Ashoka Buildcon Limited,ashoka buildcon
ASHOKAMET,Ashoka Metcast Limited,ashoka metcast
ASHOKLEY,Ashok Leyland Limited,ashok leyland
ASIANENE,Asian Energy Services Limited,asian energy services
ASIANHOTNR,Asian Hotels (North) Limited,asian hotels north
ASIANPAINT,Asian Paints Limited,asian paints
ASIANTILES,Asian Granito India Limited,asian granito
ASKAUTOLTD,ASK Automotive Limited,ask automotive
ASMS,Bartronics India Limited,bartronics
ASPINWALL,Aspinwall and Company Limited,aspinwall and
ASTEC,Astec LifeSciences Limited,astec lifesciences
ASTERDM,Aster DM Healthcare Limited,aster dm healthcare
ASTRAL,Astral Limited,astral
ASTRAMICRO,Astra Microwave Products Limited,astra microwave products
ASTRAZEN,AstraZeneca Pharma India Limited,astrazeneca pharma
ASTRON,Astron Paper & Board Mill Limited,astron paper board mill
ATALREAL,Atal Realtech Limited,atal realtech
ATAM,Atam Valves Limited,atam valves
ATGL,Adani Total Gas Limited,adani total gas
ATHERENERG,Ather Energy Limited,ather energy
ATL,Allcargo Terminals Limited,allcargo terminals
ATLANTAA,ATLANTAA LIMITED,atlantaa
ATLASCYCLE,Atlas Cycles (Haryana) Limited,atlas cycles haryana
ATUL,Atul Limited,atul
ATULAUTO,Atul Auto Limited,atul auto
AUBANK,AU Small Finance Bank Limited,au small finance bank
AURIONPRO,Aurionpro Solutions Limited,aurionpro solutions
AUROPHARMA,Aurobindo Pharma Limited,aurobindo pharma
AURUM,Aurum PropTech Limited,aurum proptech
AUSOMENT,Ausom Enterprise Limited,ausom enterprise
AUTOAXLES,Automotive Axles Limited,automotive axles
AUTOIND,Autoline Industries Limited,autoline
AVADHSUGAR,Avadh Sugar & Energy Limited,avadh sugar energy
AVALON,Avalon Technologies Limited,avalon technologies
AVANTEL,Avantel Limited,avantel
AVANTIFEED,Avanti Feeds Limited,avanti feeds
AVG,AVG Logistics Limited,avg logistics
AVL,Aditya Vision Limited,aditya vision
AVONMORE,Avonmore Capital & Management Services Limited,avonmore capital management services
AVROIND,AVRO INDIA LIMITED,avro
AVTNPL,AVT Natural Products Limited,avt natural products
AWFIS,Awfis Space Solutions Limited,awfis space solutions
AWHCL,Antony Waste Handling Cell Limited,antony waste handling cell
AWL,AWL Agri Business Limited,awl agri business
AXISBANK,Axis Bank Limited,axis bank
AXISCADES,AXISCADES Technologies Limited,axiscades technologies
AXITA,Axita Cotton Limited,axita cotton
AYMSYNTEX,AYM Syntex Limited,aym syntex
AZAD,Azad Engineering Limited,azad engineering
BAFNAPH,Bafna Pharmaceuticals Limited,bafna pharmaceuticals
BAGFILMS,B.A.G Films and Media Limited,b a g films and media
BAIDFIN,Baid Finserv Limited,baid finserv
BAJAJ-AUTO,Bajaj Auto Limited,bajaj auto
BAJAJCON,Bajaj Consumer Care Limited,bajaj consumer care
BAJAJELEC,Bajaj Electricals Limited,bajaj electricals
BAJAJFINSV,Bajaj Finserv Limited,bajaj finserv
BAJAJHCARE,Bajaj Healthcare Limited,bajaj healthcare
BAJAJHFL,Bajaj Housing Finance Limited,bajaj housing finance
BAJAJHIND,Bajaj Hindusthan Sugar Limited,bajaj hindusthan sugar
BAJAJHLDNG,Bajaj Holdings & Investment Limited,bajaj holdings investment
BAJAJINDEF,Indef Manufacturing Limited,indef manufacturing
BAJEL,Bajel Projects Limited,bajel projects
BAJFINANCE,Bajaj Finance Limited,bajaj finance
BALAJEE,Shree Tirupati Balajee Agro Trading Company Limited,shree tirupati balajee agro trading
BALAJITELE,Balaji Telefilms Limited,balaji telefilms
BALAMINES,Balaji Amines Limited,balaji amines
BALAXI,BALAXI PHARMACEUTICALS LIMITED,balaxi pharmaceuticals
BALKRISHNA,Balkrishna Paper Mills Limited,balkrishna paper mills
BALKRISIND,Balkrishna Industries Limited,balkrishna
BALMLAWRIE,Balmer Lawrie & Company Limited,balmer lawrie
BALPHARMA,Bal Pharma Limited,bal pharma
BALRAMCHIN,Balrampur Chini Mills Limited,balrampur chini mills
BALUFORGE,Balu Forge Industries Limited,balu forge
BANARBEADS,Banaras Beads Limited,banaras beads
BANARISUG,Bannari Amman Sugars Limited,bannari amman sugars
BANCOINDIA,Banco Products (I) Limited,banco products i
BANDHANBNK,Bandhan Bank Limited,bandhan bank
BANG,Bang Overseas Limited,bang overseas
BANKA,Banka BioLoo Limited,banka bioloo
BANKBARODA,Bank of Baroda,bank of baroda
BANKINDIA,Bank of India,bank of
BANSALWIRE,Bansal Wire Industries Limited,bansal wire
BANSWRAS,Banswara Syntex Limited,banswara syntex
BARBEQUE,Barbeque Nation Hospitality Limited,barbeque nation hospitality
BASF,BASF India Limited,basf
BASML,Bannari Amman Spinning Mills Limited,bannari amman spinning mills
BATAINDIA,Bata India Limited,bata
BAYERCROP,Bayer Cropscience Limited,bayer cropscience
BBL,Bharat Bijlee Limited,bharat bijlee
BBOX,Black Box Limited,black box
BBTC,Bombay Burmah Trading Corporation Limited,bombay burmah trading corporation
BBTCL,B&B Triplewall Containers Limited,b b triplewall containers
BCG,Brightcom Group Limited,brightcom group
BCLIND,Bcl Industries Limited,bcl
BCONCEPTS,Brand Concepts Limited,brand concepts
BDL,Bharat Dynamics Limited,bharat dynamics
BEARDSELL,Beardsell Limited,beardsell
BECTORFOOD,Mrs. Bectors Food Specialities Limited,mrs bectors food specialities
BEDMUTHA,Bedmutha Industries Limited,bedmutha
BEL,Bharat Electronics Limited,bharat electronics
BELLACASA,Bella Casa Fashion & Retail Limited,bella casa fashion retail
BELRISE,Belrise Industries Limited,belrise
BEML,BEML Limited,beml
BEPL,Bhansali Engineering Polymers Limited,bhansali engineering polymers
BERGEPAINT,Berger Paints (I) Limited,berger paints i
BESTAGRO,Best Agrolife Limited,best agrolife
BFINVEST,BF Investment Limited,bf investment
BFUTILITIE,BF Utilities Limited,bf utilities
BGRENERGY,BGR Energy Systems Limited,bgr energy systems
BHAGCHEM,Bhagiradha Chemicals & Industries Limited,bhagiradha chemicals
BHAGERIA,Bhageria Industries Limited,bhageria
BHAGYANGR,Bhagyanagar India Limited,bhagyanagar
BHANDARI,Bhandari Hosiery Exports Limited,bhandari hosiery exports
BHARATFORG,Bharat Forge Limited,bharat forge
BHARATGEAR,Bharat Gears Limited,bharat gears
BHARATRAS,Bharat Rasayan Limited,bharat rasayan
BHARATSE,Bharat Seats Limited,bharat seats
BHARATWIRE,Bharat Wire Ropes Limited,bharat wire ropes
BHARTIARTL,Bharti Airtel Limited,bharti airtel
BHARTIHEXA,Bharti Hexacom Limited,bharti hexacom
BHEL,Bharat Heavy Electricals Limited,bharat heavy electricals
BIGBLOC,Bigbloc Construction Limited,bigbloc construction
BIKAJI,Bikaji Foods International Limited,bikaji foods international
BIL,Bhartiya International Limited,bhartiya international
BILVYAPAR,BIL VYAPAR LIMITED,bil vyapar
BIOCON,Biocon Limited,biocon
BIOFILCHEM,Biofil Chemicals & Pharmaceuticals Limited,biofil chemicals pharmaceuticals
BIRLACABLE,Birla Cable Limited,birla cable
BIRLACORPN,Birla Corporation Limited,birla corporation
BIRLAMONEY,Aditya Birla Money Limited,aditya birla money
BIRLANU,BirlaNu Limited,birlanu
BLACKBUCK,Zinka Logistics Solutions Limited,zinka logistics solutions
BLAL,BEML Land Assets Limited,beml land assets
BLBLIMITED,BLB Limited,blb
BLISSGVS,Bliss GVS Pharma Limited,bliss gvs pharma
BLKASHYAP,B. L. Kashyap and Sons Limited,b l kashyap and sons
BLS,BLS International Services Limited,bls international services
BLSE,BLS E-Services Limited,bls e services
BLUECOAST,Blue Coast Hotels Limited,blue coast hotels
BLUEDART,Blue Dart Express Limited,blue dart express
BLUEJET,Blue Jet Healthcare Limited,blue jet healthcare
BLUESTARCO,Blue Star Limited,blue star
BLUESTONE,BlueStone Jewellery and Lifestyle Limited,bluestone jewellery and lifestyle
BLUSPRING,Bluspring Enterprises Limited,bluspring enterprises
BODALCHEM,Bodal Chemicals Limited,bodal chemicals
BOHRAIND,Bohra Industries Limited,bohra
BOMDYEING,Bombay Dyeing & Mfg Company Limited,bombay dyeing mfg
BORANA,Borana Weaves Limited,borana weaves
BOROLTD,Borosil Limited,borosil
BORORENEW,BOROSIL RENEWABLES LIMITED,borosil renewables
BOROSCI,Borosil Scientific Limited,borosil scientific
BOSCHLTD,Bosch Limited,bosch
BPCL,Bharat Petroleum Corporation Limited,bharat petroleum corporation
BPL,BPL Limited,bpl
BRIGADE,Brigade Enterprises Limited,brigade enterprises
BRIGHOTEL,Brigade Hotel Ventures Limited,brigade hotel ventures
BRITANNIA,Britannia Industries Limited,britannia
BRNL,Bharat Road Network Limited,bharat road network
BROOKS,Brooks Laboratories Limited,brooks laboratories
BSE,BSE Limited,bse
BSHSL,Bombay Super Hybrid Seeds Limited,bombay super hybrid seeds
BSL,BSL Limited,bsl
BSOFT,BIRLASOFT LIMITED,birlasoft
BTML,Bodhi Tree Multimedia Limited,bodhi tree multimedia
BUTTERFLY,Butterfly Gandhimathi Appliances Limited,butterfly gandhimathi appliances
BVCL,Barak Valley Cements Limited,barak valley cements
BYKE,The Byke Hospitality Ltd,the byke hospitality
CALSOFT,California Software Company Limited,california software
CAMLINFINE,Camlin Fine Sciences Limited,camlin fine sciences
CAMPUS,Campus Activewear Limited,campus activewear
CAMS,Computer Age Management Services Limited,computer age management services
CANBK,Canara Bank,canara bank
CANFINHOME,Can Fin Homes Limited,can fin homes
CANTABIL,Cantabil Retail India Limited,cantabil retail
CAPACITE,Capacit'e Infraprojects Limited,capacit e infraprojects
CAPITALSFB,Capital Small Finance Bank Limited,capital small finance bank
CAPLIPOINT,Caplin Point Laboratories Limited,caplin point laboratories
CAPTRUST,Capital Trust Limited,capital trust
CARBORUNIV,Carborundum Universal Limited,carborundum universal
CARERATING,CARE Ratings Limited,care ratings
CARRARO,Carraro India Limited,carraro
CARTRADE,Cartrade Tech Limited,cartrade tech
CARYSIL,CARYSIL LIMITED,carysil
CASTROLIND,Castrol India Limited,castrol
CCCL,Consolidated Construction Consortium Limited,consolidated construction consortium
CCHHL,Country Club Hospitality & Holidays Limited,country club hospitality holidays
CCL,CCL Products (India) Limited,ccl products
CDSL,Central Depository Services (India) Limited,central depository services
CEATLTD,CEAT Limited,ceat
CEIGALL,Ceigall India Limited,ceigall
CELEBRITY,Celebrity Fashions Limited,celebrity fashions
CELLO,Cello World Limited,cello world
CENTENKA,Century Enka Limited,century enka
CENTEXT,Century Extrusions Limited,century extrusions
CENTRALBK,Central Bank of India,central bank of
CENTRUM,Centrum Capital Limited,centrum capital
CENTUM,Centum Electronics Limited,centum electronics
CENTURYPLY,Century Plyboards (India) Limited,century plyboards
CERA,Cera Sanitaryware Limited,cera sanitaryware
CEREBRAINT,Cerebra Integrated Technologies Limited,cerebra integrated technologies
CESC,CESC Limited,cesc
CEWATER,Concord Enviro Systems Limited,concord enviro systems
CGCL,Capri Global Capital Limited,capri global capital
CGPOWER,CG Power and Industrial Solutions Limited,cg power and industrial solutions
CHALET,Chalet Hotels Limited,chalet hotels
CHAMBLFERT,Chambal Fertilizers & Chemicals Limited,chambal fertilizers chemicals
CHEMBOND,Chembond Material Technologies Limited,chembond material technologies
CHEMBONDCH,Chembond Chemicals Limited,chembond chemicals
CHEMCON,Chemcon Speciality Chemicals Limited,chemcon speciality chemicals
CHEMFAB,Chemfab Alkalis Limited,chemfab alkalis
CHEMPLASTS,Chemplast Sanmar Limited,chemplast sanmar
CHENNPETRO,Chennai Petroleum Corporation Limited,chennai petroleum corporation
CHEVIOT,Cheviot Company Limited,cheviot
CHOICEIN,Choice International Limited,choice international
CHOLAFIN,Cholamandalam Investment and Finance Company Limited,cholamandalam investment and finance
CHOLAHLDNG,Cholamandalam Financial Holdings Limited,cholamandalam financial holdings
CIEINDIA,CIE Automotive India Limited,cie automotive
CIFL,Capital India Finance Limited,capital india finance
CIGNITITEC,Cigniti Technologies Limited,cigniti technologies
CINELINE,Cineline India Limited,cineline
CINEVISTA,Cinevista Limited,cinevista
CIPLA,Cipla Limited,cipla
CLEAN,Clean Science and Technology Limited,clean science and technology
CLEDUCATE,CL Educate Limited,cl educate
CLSEL,Chaman Lal Setia Exports Limited,chaman lal setia exports
CMSINFO,CMS Info Systems Limited,cms info systems
COALINDIA,Coal India Limited,coal
COASTCORP,Coastal Corporation Limited,coastal corporation
COCHINSHIP,Cochin Shipyard Limited,cochin shipyard
COFFEEDAY,Coffee Day Enterprises Limited,coffee day enterprises
COFORGE,Coforge Limited,coforge
COHANCE,Cohance Lifesciences Limited,cohance lifesciences
COLPAL,Colgate Palmolive (India) Limited,colgate palmolive
COMPINFO,Compuage Infocom Limited,compuage infocom
COMPUSOFT,Compucom Software Limited,compucom software
COMSYN,Commercial Syn Bags Limited,commercial syn bags
CONCOR,Container Corporation of India Limited,container corporation of
CONCORDBIO,Concord Biotech Limited,concord biotech
CONFIPET,Confidence Petroleum India Limited,confidence petroleum
CONSOFINVT,Consolidated Finvest & Holdings Limited,consolidated finvest holdings
CONTROLPR,Control Print Limited,control print
CORALFINAC,Coral India Finance & Housing Limited,coral india finance housing
CORDSCABLE,Cords Cable Industries Limited,cords cable
COROMANDEL,Coromandel International Limited,coromandel international
COSMOFIRST,COSMO FIRST LIMITED,cosmo first
COUNCODOS,Country Condo's Limited,country condo s
CPCAP,CP Capital Limited,cp capital
CPEDU,Career Point Edutech Limited,career point edutech
CPPLUS,Aditya Infotech Limited,aditya infotech
CRAFTSMAN,Craftsman Automation Limited,craftsman automation
CREATIVE,Creative Newtech Limited,creative newtech
CREATIVEYE,Creative Eye Limited,creative eye
CREDITACC,CREDITACCESS GRAMEEN LIMITED,creditaccess grameen
CREST,Crest Ventures Limited,crest ventures
CRISIL,CRISIL Limited,crisil
CRIZAC,Crizac Limited,crizac
CROMPTON,Crompton Greaves Consumer Electricals Limited,crompton greaves consumer electricals
CROWN,Crown Lifters Limited,crown lifters
CSBBANK,CSB Bank Limited,csb bank
CSLFINANCE,CSL Finance Limited,csl finance
CTE,Cambridge Technology Enterprises Limited,cambridge technology enterprises
CUB,City Union Bank Limited,city union bank
CUBEXTUB,Cubex Tubings Limited,cubex tubings
CUMMINSIND,Cummins India Limited,cummins
CUPID,Cupid Limited,cupid
CURAA,Cura Technologies Limited,cura technologies
CYBERMEDIA,Cyber Media (India) Limited,cyber media
CYBERTECH,Cybertech Systems And Software Limited,cybertech systems and software
CYIENT,Cyient Limited,cyient
CYIENTDLM,Cyient DLM Limited,cyient dlm
DABUR,Dabur India Limited,dabur
DALBHARAT,Dalmia Bharat Limited,dalmia bharat
DALMIASUG,Dalmia Bharat Sugar and Industries Limited,dalmia bharat sugar and
DAMCAPITAL,Dam Capital Advisors Limited,dam capital advisors
DAMODARIND,Damodar Industries Limited,damodar
DANGEE,Dangee Dums Limited,dangee dums
DATAMATICS,Datamatics Global Services Limited,datamatics global services
DATAPATTNS,Data Patterns (India) Limited,data patterns
DAVANGERE,Davangere Sugar Company Limited,davangere sugar
DBCORP,D.B.Corp Limited,d b corp
DBEIL,Deepak Builders & Engineers India Limited,deepak builders engineers
DBL,Dilip Buildcon Limited,dilip buildcon
DBOL,Dhampur Bio Organics Limited,dhampur bio organics
DBREALTY,Valor Estate Limited,valor estate
DBSTOCKBRO,DB (International) Stock Brokers Limited,db international stock brokers
DCAL,Dishman Carbogen Amcis Limited,dishman carbogen amcis
DCBBANK,DCB Bank Limited,dcb bank
DCI,Dc Infotech And Communication Limited,dc infotech and communication
DCM,DCM  Limited,dcm
DCMFINSERV,DCM Financial Services Limited,dcm financial services
DCMNVL,DCM Nouvelle Limited,dcm nouvelle
DCMSHRIRAM,DCM Shriram Limited,dcm shriram
DCMSRIND,DCM Shriram Industries Limited,dcm shriram
DCW,DCW Limited,dcw
DCXINDIA,DCX Systems Limited,dcx systems
DDEVPLSTIK,Ddev Plastiks Industries Limited,ddev plastiks
DECCANCE,Deccan Cements Limited,deccan cements
DEEDEV,DEE Development Engineers Limited,dee development engineers
DEEPAKFERT,Deepak Fertilizers and Petrochemicals Corporation Limited,deepak fertilizers and petrochemicals corporation
DEEPAKNTR,Deepak Nitrite Limited,deepak nitrite
DEEPINDS,Deep Industries Limited,deep
DELHIVERY,Delhivery Limited,delhivery
DELPHIFX,DELPHI WORLD MONEY LIMITED,delphi world money
DELTACORP,Delta Corp Limited,delta corp
DELTAMAGNT,Delta Manufacturing Limited,delta manufacturing
DEN,Den Networks Limited,den networks
DENORA,De Nora India Limited,de nora
DENTA,Denta Water and Infra Solutions Limited,denta water and infra solutions
DEVIT,Dev Information Technology Limited,dev information technology
DEVYANI,Devyani International Limited,devyani international
DGCONTENT,Digicontent Limited,digicontent
DHAMPURSUG,Dhampur Sugar Mills Limited,dhampur sugar mills
DHANBANK,Dhanlaxmi Bank Limited,dhanlaxmi bank
DHANI,Dhani Services Limited,dhani services
DHANUKA,Dhanuka Agritech Limited,dhanuka agritech
DHARAN,DHARAN INFRA-EPC LIMITED,dharan infra epc
DHARMAJ,Dharmaj Crop Guard Limited,dharmaj crop guard
DHRUV,Dhruv Consultancy Services Limited,dhruv consultancy services
DHUNINV,Dhunseri Investments Limited,dhunseri investments
DIACABS,Diamond Power Infrastructure Limited,diamond power infrastructure
DIAMINESQ,Diamines & Chemicals Limited,diamines chemicals
DIAMONDYD,Prataap Snacks Limited,prataap snacks
DICIND,DIC India Limited,dic
DIFFNKG,Diffusion Engineers Limited,diffusion engineers
DIGIDRIVE,Digidrive Distributors Limited,digidrive distributors
DIGISPICE,DiGiSPICE Technologies Limited,digispice technologies
DIGITIDE,Digitide Solutions Limited,digitide solutions
DIGJAMLMTD,Digjam Limited,digjam
DIL,Debock Industries Limited,debock
DISHTV,Dish TV India Limited,dish tv
DIVGIITTS,Divgi Torqtransfer Systems Limited,divgi torqtransfer systems
DIVISLAB,Divi's Laboratories Limited,divi s laboratories
DIXON,Dixon Technologies (India) Limited,dixon technologies
DJML,DJ Mediaprint & Logistics Limited,dj mediaprint logistics
DLF,DLF Limited,dlf
DLINKINDIA,D-Link (India) Limited,d link
DMART,Avenue Supermarts Limited,avenue supermarts
DMCC,DMCC SPECIALITY CHEMICALS LIMITED,dmcc speciality chemicals
DNAMEDIA,Diligent Media Corporation Limited,diligent media corporation
DODLA,Dodla Dairy Limited,dodla dairy
DOLATALGO,Dolat Algotech Limited,dolat algotech
DOLLAR,Dollar Industries Limited,dollar
DOLPHIN,Dolphin Offshore Enterprises (India) Limited,dolphin offshore enterprises
DOMS,DOMS Industries Limited,doms
DONEAR,Donear Industries Limited,donear
DPABHUSHAN,D. P. Abhushan Limited,d p abhushan
DPSCLTD,DPSC Limited,dpsc
DPWIRES,D P Wires Limited,d p wires
DRCSYSTEMS,DRC Systems India Limited,drc systems
DREAMFOLKS,Dreamfolks Services Limited,dreamfolks services
DREDGECORP,Dredging Corporation of India Limited,dredging corporation of
DRREDDY,Dr. Reddy's Laboratories Limited,dr reddy s laboratories
DSSL,Dynacons Systems & Solutions Limited,dynacons systems solutions
DTIL,Dhunseri Tea & Industries Limited,dhunseri tea
DUCON,Ducon Infratechnologies Limited,ducon infratechnologies
DVL,Dhunseri Ventures Limited,dhunseri ventures
DWARKESH,Dwarikesh Sugar Industries Limited,dwarikesh sugar
DYCL,Dynamic Cables Limited,dynamic cables
DYNAMATECH,Dynamatic Technologies Limited,dynamatic technologies
DYNPRO,Dynemic Products Limited,dynemic products
E2E,E2E Networks Limited,e2e networks
EASEMYTRIP,Easy Trip Planners Limited,easy trip planners
EBGNG,GNG Electronics Limited,gng electronics
ECLERX,eClerx Services Limited,eclerx services
ECOSMOBLTY,Ecos (India) Mobility & Hospitality Limited,ecos india mobility hospitality
EDELWEISS,Edelweiss Financial Services Limited,edelweiss financial services
EFCIL,EFC (I) Limited,efc i
EICHERMOT,Eicher Motors Limited,eicher motors
EIDPARRY,EID Parry India Limited,eid parry
EIEL,Enviro Infra Engineers Limited,enviro infra engineers
EIFFL,Euro India Fresh Foods Limited,euro india fresh foods
EIHAHOTELS,EIH Associated Hotels Limited,eih associated hotels
EIHOTEL,EIH Limited,eih
EIMCOELECO,Eimco Elecon (India) Limited,eimco elecon
EKC,Everest Kanto Cylinder Limited,everest kanto cylinder
ELDEHSG,Eldeco Housing And Industries Limited,eldeco housing and
ELECON,Elecon Engineering Company Limited,elecon engineering
ELECTCAST,Electrosteel Castings Limited,electrosteel castings
ELECTHERM,Electrotherm (India) Limited,electrotherm
ELGIEQUIP,Elgi Equipments Limited,elgi equipments
ELGIRUBCO,Elgi Rubber Company Limited,elgi rubber
ELIN,Elin Electronics Limited,elin electronics
ELLEN,Ellenbarrie Industrial Gases Limited,ellenbarrie industrial gases
EMAMILTD,Emami Limited,emami
EMAMIPAP,Emami Paper Mills Limited,emami paper mills
EMAMIREAL,Emami Realty Limited,emami realty
EMBDL,Embassy Developments Limited,embassy developments
EMCURE,Emcure Pharmaceuticals Limited,emcure pharmaceuticals
EMIL,Electronics Mart India Limited,electronics mart
EMKAY,Emkay Global Financial Services Limited,emkay global financial services
EMMBI,Emmbi Industries Limited,emmbi
EMSLIMITED,EMS Limited,ems
EMUDHRA,eMudhra Limited,emudhra
ENDURANCE,Endurance Technologies Limited,endurance technologies
ENERGYDEV,Energy Development Company Limited,energy development
ENGINERSIN,Engineers India Limited,engineers
ENIL,Entertainment Network (India) Limited,entertainment network
ENRIN,Siemens Energy India Limited,siemens energy
ENTERO,Entero Healthcare Solutions Limited,entero healthcare solutions
EPACK,EPACK Durable Limited,epack durable
EPIGRAL,Epigral Limited,epigral
EPL,EPL Limited,epl
EQUIPPP,Equippp Social Impact Technologies Limited,equippp social impact technologies
EQUITASBNK,Equitas Small Finance Bank Limited,equitas small finance bank
ERIS,Eris Lifesciences Limited,eris lifesciences
ESABINDIA,Esab India Limited,esab
ESAFSFB,ESAF Small Finance Bank Limited,esaf small finance bank
ESCORTS,Escorts Kubota Limited,escorts kubota
ESSARSHPNG,Essar Shipping Limited,essar shipping
ESSENTIA,Integra Essentia Limited,integra essentia
ESTER,Ester Industries Limited,ester
ETERNAL,ETERNAL LIMITED,eternal
ETHOSLTD,Ethos Limited,ethos
EUREKAFORB,Eureka Forbes Limited,eureka forbes
EUROBOND,Euro Panel Products Limited,euro panel products
EUROTEXIND,Eurotex Industries and Exports Limited,eurotex industries and exports
EVEREADY,Eveready Industries India Limited,eveready industries
EVERESTIND,Everest Industries Limited,everest
EXCEL,Excel Realty N Infra Limited,excel realty n infra
EXCELINDUS,Excel Industries Limited,excel
EXICOM,Exicom Tele-Systems Limited,exicom tele systems
EXIDEIND,Exide Industries Limited,exide
EXPLEOSOL,Expleo Solutions Limited,expleo solutions
EXXARO,Exxaro Tiles Limited,exxaro tiles
FACT,Fertilizers and Chemicals Travancore Limited,fertilizers and chemicals travancore
FAIRCHEMOR,Fairchem Organics Limited,fairchem organics
FAZE3Q,Faze Three Limited,faze three
FCL,Fineotex Chemical Limited,fineotex chemical
FCSSOFT,FCS Software Solutions Limited,fcs software solutions
FDC,FDC Limited,fdc
FEDERALBNK,The Federal Bank  Limited,the federal bank
FEDFINA,Fedbank Financial Services Limited,fedbank financial services
FEL,Future Enterprises Limited,future enterprises
FELDVR,Future Enterprises Limited,future enterprises
FIBERWEB,Fiberweb (India) Limited,fiberweb
FIEMIND,Fiem Industries Limited,fiem
FILATEX,Filatex India Limited,filatex
FILATFASH,Filatex Fashions Limited,filatex fashions
FINCABLES,Finolex Cables Limited,finolex cables
FINEORG,Fine Organic Industries Limited,fine organic
FINOPB,Fino Payments Bank Limited,fino payments bank
FINPIPE,Finolex Industries Limited,finolex
FIRSTCRY,Brainbees Solutions Limited,brainbees solutions
FISCHER,Fischer Medical Ventures Limited,fischer medical ventures
FIVESTAR,Five-Star Business Finance Limited,five star business finance
FLAIR,Flair Writing Industries Limited,flair writing
FLEXITUFF,Flexituff Ventures International Limited,flexituff ventures international
FLFL,Future Lifestyle Fashions Limited,future lifestyle fashions
FLUOROCHEM,Gujarat Fluorochemicals Limited,gujarat fluorochemicals
FMGOETZE,Federal-Mogul Goetze (India) Limited.,federal mogul goetze
FMNL,Future Market Networks Limited,future market networks
FOCUS,Focus Lighting and Fixtures Limited,focus lighting and fixtures
FOODSIN,Foods & Inns Limited,foods inns
FORCEMOT,FORCE MOTORS LTD,force motors
FORTIS,Fortis Healthcare Limited,fortis healthcare
FOSECOIND,Foseco India Limited,foseco
FSC,Future Supply Chain Solutions Limited,future supply chain solutions
FSL,Firstsource Solutions Limited,firstsource solutions
FUSION,Fusion Finance Limited,fusion finance
GABRIEL,Gabriel India Limited,gabriel
GAEL,Gujarat Ambuja Exports Limited,gujarat ambuja exports
GAIL,GAIL (India) Limited,gail
GALAPREC,Gala Precision Engineering Limited,gala precision engineering
GALAXYSURF,Galaxy Surfactants Limited,galaxy surfactants
GALLANTT,Gallantt Ispat Limited,gallantt ispat
GANDHAR,Gandhar Oil Refinery (India) Limited,gandhar oil refinery
GANDHITUBE,Gandhi Special Tubes Limited,gandhi special tubes
GANECOS,Ganesha Ecosphere Limited,ganesha ecosphere
GANESHBE,Ganesh Benzoplast Limited,ganesh benzoplast
GANESHHOUC,Ganesh Housing Corporation Limited,ganesh housing corporation
GANGAFORGE,Ganga Forging Limited,ganga forging
GANGESSECU,Ganges Securities Limited,ganges securities
GARFIBRES,Garware Technical Fibres Limited,garware technical fibres
GARUDA,Garuda Construction and Engineering Limited,garuda construction and engineering
GATECH,GACM Technologies Limited,gacm technologies
GATECHDVR,GACM Technologies Limited,gacm technologies
GATEWAY,Gateway Distriparks Limited,gateway distriparks
GAYAHWS,Gayatri Highways Limited,gayatri highways
GAYAPROJ,Gayatri Projects Limited,gayatri projects
GCSL,Gretex Corporate Services Limited,gretex corporate services
GEECEE,GeeCee Ventures Limited,geecee ventures
GEEKAYWIRE,Geekay Wires Limited,geekay wires
GEMAROMA,Gem Aromatics Limited,gem aromatics
GENCON,Generic Engineering Construction and Projects Limited,generic engineering construction and projects
GENESYS,Genesys International Corporation Limited,genesys international corporation
GENSOL,Gensol Engineering Limited,gensol engineering
GENUSPAPER,Genus Paper & Boards Limited,genus paper boards
GENUSPOWER,Genus Power Infrastructures Limited,genus power infrastructures
GEOJITFSL,Geojit Financial Services Limited,geojit financial services
GESHIP,The Great Eastern Shipping Company Limited,the great eastern shipping
GFLLIMITED,GFL Limited,gfl
GHCL,GHCL Limited,ghcl
GHCLTEXTIL,GHCL Textiles Limited,ghcl textiles
GICHSGFIN,GIC Housing Finance Limited,gic housing finance
GICRE,General Insurance Corporation of India,general insurance corporation of
GILLANDERS,Gillanders Arbuthnot & Company Limited,gillanders arbuthnot
GILLETTE,Gillette India Limited,gillette
GINNIFILA,Ginni Filaments Limited,ginni filaments
GIPCL,Gujarat Industries Power Company Limited,gujarat industries power
GKWLIMITED,GKW Limited,gkw
GLAND,Gland Pharma Limited,gland pharma
GLAXO,GlaxoSmithKline Pharmaceuticals Limited,glaxosmithkline pharmaceuticals
GLENMARK,Glenmark Pharmaceuticals Limited,glenmark pharmaceuticals
GLFL,Gujarat Lease Financing Limited,gujarat lease financing
GLOBAL,Global Education Limited,global education
GLOBALE,Globale Tessile Limited,globale tessile
GLOBALVECT,Global Vectra Helicorp Limited,global vectra helicorp
GLOBE,Globe Textiles (India) Limited,globe textiles
GLOBECIVIL,Globe Civil Projects Limited,globe civil projects
GLOBUSSPR,Globus Spirits Limited,globus spirits
GLOSTERLTD,Gloster Limited,gloster
GMBREW,GM Breweries Limited,gm breweries
GMDCLTD,Gujarat Mineral Development Corporation Limited,gujarat mineral development corporation
GMMPFAUDLR,GMM Pfaudler Limited,gmm pfaudler
GMRAIRPORT,GMR AIRPORTS LIMITED,gmr airports
GMRP&UI,GMR Power and Urban Infra Limited,gmr power and urban infra
GNA,GNA Axles Limited,gna axles
GNFC,Gujarat Narmada Valley Fertilizers and Chemicals Limited,gujarat narmada valley fertilizers and chemicals
GOACARBON,Goa Carbon Limited,goa carbon
GOCLCORP,GOCL Corporation Limited,gocl corporation
GOCOLORS,Go Fashion (India) Limited,go fashion
GODAVARIB,Godavari Biorefineries Limited,godavari biorefineries
GODFRYPHLP,Godfrey Phillips India Limited,godfrey phillips
GODHA,Godha Cabcon & Insulation Limited,godha cabcon insulation
GODIGIT,Go Digit General Insurance Limited,go digit general insurance
GODREJAGRO,Godrej Agrovet Limited,godrej agrovet
GODREJCP,Godrej Consumer Products Limited,godrej consumer products
GODREJIND,Godrej Industries Limited,godrej
GODREJPROP,Godrej Properties Limited,godrej properties
GOENKA,Goenka Diamond and Jewels Limited,goenka diamond and jewels
GOKEX,Gokaldas Exports Limited,gokaldas exports
GOKUL,Gokul Refoils and Solvent Limited,gokul refoils and solvent
GOKULAGRO,Gokul Agro Resources Limited,gokul agro resources
GOLDENTOBC,Golden Tobacco Limited,golden tobacco
GOLDIAM,Goldiam International Limited,goldiam international
GOLDTECH,AION-TECH SOLUTIONS LIMITED,aion tech solutions
GOODLUCK,Goodluck India Limited,goodluck
GOPAL,Gopal Snacks Limited,gopal snacks
GOYALALUM,Goyal Aluminiums Limited,goyal aluminiums
GPIL,Godawari Power And Ispat limited,godawari power and ispat
GPPL,Gujarat Pipavav Port Limited,gujarat pipavav port
GPTHEALTH,GPT Healthcare Limited,gpt healthcare
GPTINFRA,GPT Infraprojects Limited,gpt infraprojects
GRANULES,Granules India Limited,granules
GRAPHITE,Graphite India Limited,graphite
GRASIM,Grasim Industries Limited,grasim
GRAVITA,Gravita India Limited,gravita
GREAVESCOT,Greaves Cotton Limited,greaves cotton
GREENLAM,Greenlam Industries Limited,greenlam
GREENPANEL,Greenpanel Industries Limited,greenpanel
GREENPLY,Greenply Industries Limited,greenply
GREENPOWER,Orient Green Power Company Limited,orient green power
GRINDWELL,Grindwell Norton Limited,grindwell norton
GRINFRA,G R Infraprojects Limited,g r infraprojects
GRMOVER,GRM Overseas Limited,grm overseas
GROBTEA,The Grob Tea Company Limited,the grob tea
GRPLTD,GRP Limited,grp
GRSE,Garden Reach Shipbuilders & Engineers Limited,garden reach shipbuilders engineers
GRWRHITECH,Garware Hi-Tech Films Limited,garware hi tech films
GSFC,Gujarat State Fertilizers & Chemicals Limited,gujarat state fertilizers chemicals
GSLSU,Global Surfaces Limited,global surfaces
GSPL,Gujarat State Petronet Limited,gujarat state petronet
GSS,GSS Infotech Limited,gss infotech
GTECJAINX,G-TEC JAINX EDUCATION LIMITED,g tec jainx education
GTL,GTL Limited,gtl
GTLINFRA,GTL Infrastructure Limited,gtl infrastructure
GTPL,GTPL Hathway Limited,gtpl hathway
GUFICBIO,Gufic Biosciences Limited,gufic biosciences
GUJALKALI,Gujarat Alkalies and Chemicals Limited,gujarat alkalies and chemicals
GUJAPOLLO,Gujarat Apollo Industries Limited,gujarat apollo
GUJGASLTD,Gujarat Gas Limited,gujarat gas
GUJRAFFIA,Gujarat Raffia Industries Limited,gujarat raffia
GUJTHEM,Gujarat Themis Biosyn Limited,gujarat themis biosyn
GULFOILLUB,Gulf Oil Lubricants India Limited,gulf oil lubricants
GULFPETRO,GP Petroleums Limited,gp petroleums
GULPOLY,Gulshan Polyols Limited,gulshan polyols
GVKPIL,GVK Power & Infrastructure Limited,gvk power infrastructure
GVPIL,GE Power India Limited,ge power
GVPTECH,GVP Infotech Limited,gvp infotech
GVT&D,GE Vernova T&D India Limited,ge vernova t d
HAL,Hindustan Aeronautics Limited,hindustan aeronautics
HAPPSTMNDS,Happiest Minds Technologies Limited,happiest minds technologies
HAPPYFORGE,Happy Forgings Limited,happy forgings
HARDWYN,Hardwyn India Limited,hardwyn
HARIOMPIPE,Hariom Pipe Industries Limited,hariom pipe
HARRMALAYA,Harrisons  Malayalam Limited,harrisons malayalam
HARSHA,Harsha Engineers International Limited,harsha engineers international
HATHWAY,Hathway Cable & Datacom Limited,hathway cable datacom
HATSUN,Hatsun Agro Product Limited,hatsun agro product
HAVELLS,Havells India Limited,havells
HAVISHA,Sri Havisha Hospitality and Infrastructure Limited,sri havisha hospitality and infrastructure
HBLENGINE,HBL Engineering Limited,hbl engineering
HBSL,HB Stockholdings Limited,hb stockholdings
HCC,Hindustan Construction Company Limited,hindustan construction
HCG,Healthcare Global Enterprises Limited,healthcare global enterprises
HCL-INSYS,HCL Infosystems Limited,hcl infosystems
HCLTECH,HCL Technologies Limited,hcl technologies
HDBFS,HDB Financial Services Limited,hdb financial services
HDFCAMC,HDFC Asset Management Company Limited,hdfc asset management
HDFCBANK,HDFC Bank Limited,hdfc bank
HDFCLIFE,HDFC Life Insurance Company Limited,hdfc life insurance
HDIL,Housing Development and Infrastructure Limited,housing development and infrastructure
HEADSUP,Heads UP Ventures Limited,heads up ventures
HECPROJECT,HEC Infra Projects Limited,hec infra projects
HEG,HEG Limited,heg
HEIDELBERG,HeidelbergCement India Limited,heidelbergcement
HEMIPROP,Hemisphere Properties India Limited,hemisphere properties
HERANBA,Heranba Industries Limited,heranba
HERCULES,Hercules Hoists Limited,hercules hoists
HERITGFOOD,Heritage Foods Limited,heritage foods
HEROMOTOCO,Hero MotoCorp Limited,hero motocorp
HESTERBIO,Hester Biosciences Limited,hester biosciences
HEUBACHIND,Heubach Colorants India Limited,heubach colorants
HEXATRADEX,Hexa Tradex Limited,hexa tradex
HEXT,Hexaware Technologies Limited,hexaware technologies
HFCL,HFCL Limited,hfcl
HGINFRA,H.G. Infra Engineering Limited,h g infra engineering
HGM,HandsOn Global Management (HGM) Limited,handson global management hgm
HGS,Hinduja Global Solutions Limited,hinduja global solutions
HIKAL,Hikal Limited,hikal
HILINFRA,Highway Infrastructure Limited,highway infrastructure
HILTON,Hilton Metal Forging Limited,hilton metal forging
HIMATSEIDE,Himatsingka Seide Limited,himatsingka seide
HINDALCO,Hindalco Industries Limited,hindalco
HINDCOMPOS,Hindustan Composites Limited,hindustan composites
HINDCON,Hindcon Chemicals Limited,hindcon chemicals
HINDCOPPER,Hindustan Copper Limited,hindustan copper
HINDMOTORS,Hindustan Motors Limited,hindustan motors
HINDOILEXP,Hindustan Oil Exploration Company Limited,hindustan oil exploration
HINDPETRO,Hindustan Petroleum Corporation Limited,hindustan petroleum corporation
HINDUNILVR,Hindustan Unilever Limited,hindustan unilever
HINDWAREAP,Hindware Home Innovation Limited,hindware home innovation
HINDZINC,Hindustan Zinc Limited,hindustan zinc
HIRECT,Hind Rectifiers Limited,hind rectifiers
HISARMETAL,Hisar Metal Industries Limited,hisar metal
HITECH,Hi-Tech Pipes Limited,hi tech pipes
HITECHCORP,Hitech Corporation Limited,hitech corporation
HITECHGEAR,The Hi-Tech Gears Limited,the hi tech gears
HLEGLAS,HLE Glascoat Limited,hle glascoat
HLVLTD,HLV LIMITED,hlv
HMAAGRO,HMA Agro Industries Limited,hma agro
HMT,HMT Limited,hmt
HMVL,Hindustan Media Ventures Limited,hindustan media ventures
HNDFDS,Hindustan Foods Limited,hindustan foods
HOMEFIRST,Home First Finance Company India Limited,home first finance company
HONASA,Honasa Consumer Limited,honasa consumer
HONAUT,Honeywell Automation India Limited,honeywell automation
HONDAPOWER,Honda India Power Products Limited,honda india power products
HPAL,HP Adhesives Limited,hp adhesives
HPIL,Hindprakash Industries Limited,hindprakash
HPL,HPL Electric & Power Limited,hpl electric power
HSCL,Himadri Speciality Chemical Limited,himadri speciality chemical
HTMEDIA,HT Media Limited,ht media
HUBTOWN,Hubtown Limited,hubtown
HUDCO,Housing & Urban Development Corporation Limited,housing urban development corporation
HUHTAMAKI,Huhtamaki India Limited,huhtamaki
HYBRIDFIN,Hybrid Financial Services Limited,hybrid financial services
HYUNDAI,Hyundai Motor India Limited,hyundai motor
ICDSLTD,ICDS Limited,icds
ICEMAKE,Ice Make Refrigeration Limited,ice make refrigeration
ICICIBANK,ICICI Bank Limited,icici bank
ICICIGI,ICICI Lombard General Insurance Company Limited,icici lombard general insurance
ICICIPRULI,ICICI Prudential Life Insurance Company Limited,icici prudential life insurance
ICIL,Indo Count Industries Limited,indo count
ICRA,ICRA Limited,icra
IDBI,IDBI Bank Limited,idbi bank
IDEA,Vodafone Idea Limited,vodafone idea
IDEAFORGE,Ideaforge Technology Limited,ideaforge technology
IDFCFIRSTB,IDFC First Bank Limited,idfc first bank
IEL,Indiabulls Enterprises Limited,indiabulls enterprises
IEX,Indian Energy Exchange Limited,indian energy exchange
IFBAGRO,IFB Agro Industries Limited,ifb agro
IFBIND,IFB Industries Limited,ifb
IFCI,IFCI Limited,ifci
IFGLEXPOR,IFGL Refractories Limited,ifgl refractories
IGARASHI,Igarashi Motors India Limited,igarashi motors
IGCL,Indogulf Cropsciences Limited,indogulf cropsciences
IGIL,International Gemmological Institute (India) Limited,international gemmological institute
IGL,Indraprastha Gas Limited,indraprastha gas
IGPL,IG Petrochemicals Limited,ig petrochemicals
IIFL,IIFL Finance Limited,iifl finance
IIFLCAPS,IIFL Capital Services Limited,iifl capital services
IITL,Industrial Investment Trust Limited,industrial investment trust
IKIO,IKIO Technologies Limited,ikio technologies
IKS,Inventurus Knowledge Solutions Limited,inventurus knowledge solutions
IL&FSENGG,IL&FS Engineering and Construction Company Limited,il fs engineering and construction
IL&FSTRANS,IL&FS Transportation Networks Limited,il fs transportation networks
IMAGICAA,Imagicaaworld Entertainment Limited,imagicaaworld entertainment
IMFA,Indian Metals & Ferro Alloys Limited,indian metals ferro alloys
IMPAL,India Motor Parts and Accessories Limited,india motor parts and accessories
IMPEXFERRO,Impex Ferro Tech Limited,impex ferro tech
INCREDIBLE,INCREDIBLE INDUSTRIES LIMITED,incredible
INDBANK,Indbank Merchant Banking Services Limited,indbank merchant banking services
INDGN,Indegene Limited,indegene
INDHOTEL,The Indian Hotels Company Limited,the indian hotels
INDIACEM,The India Cements Limited,the india cements
INDIAGLYCO,India Glycols Limited,india glycols
INDIAMART,Indiamart Intermesh Limited,indiamart intermesh
INDIANB,Indian Bank,indian bank
INDIANCARD,Indian Card Clothing Company Limited,indian card clothing
INDIANHUME,Indian Hume Pipe Company Limited,indian hume pipe
INDIASHLTR,India Shelter Finance Corporation Limited,india shelter finance corporation
INDIGO,InterGlobe Aviation Limited,interglobe aviation
INDIGOPNTS,Indigo Paints Limited,indigo paints
INDIQUBE,Indiqube Spaces Limited,indiqube spaces
INDNIPPON,India Nippon Electricals Limited,india nippon electricals
INDOAMIN,Indo Amines Limited,indo amines
INDOBORAX,Indo Borax & Chemicals Limited,indo borax chemicals
INDOCO,Indoco Remedies Limited,indoco remedies
INDOFARM,Indo Farm Equipment Limited,indo farm equipment
INDORAMA,Indo Rama Synthetics (India) Limited,indo rama synthetics
INDOSTAR,IndoStar Capital Finance Limited,indostar capital finance
INDOTECH,Indo Tech Transformers Limited,indo tech transformers
INDOTHAI,Indo Thai Securities Limited,indo thai securities
INDOUS,Indo Us Biotech Limited,indo us biotech
INDOWIND,Indowind Energy Limited,indowind energy
INDRAMEDCO,Indraprastha Medical Corporation Limited,indraprastha medical corporation
INDSWFTLAB,Ind-Swift Laboratories Limited,ind swift laboratories
INDTERRAIN,Indian Terrain Fashions Limited,indian terrain fashions
INDUSINDBK,IndusInd Bank Limited,indusind bank
INDUSTOWER,Indus Towers Limited,indus towers
INFIBEAM,Infibeam Avenues Limited,infibeam avenues
INFOBEAN,InfoBeans Technologies Limited,infobeans technologies
INFY,Infosys Limited,infosys
INGERRAND,Ingersoll Rand (India) Limited,ingersoll rand
INNOVACAP,Innova Captab Limited,innova captab
INNOVANA,Innovana Thinklabs Limited,innovana thinklabs
INOXGREEN,Inox Green Energy Services Limited,inox green energy services
INOXINDIA,INOX India Limited,inox
INOXWIND,Inox Wind Limited,inox wind
INSECTICID,Insecticides (India) Limited,insecticides
INSPIRISYS,Inspirisys Solutions Limited,inspirisys solutions
INTELLECT,Intellect Design Arena Limited,intellect design arena
INTENTECH,Intense Technologies Limited,intense technologies
INTERARCH,Interarch Building Solutions Limited,interarch building solutions
INTLCONV,International Conveyors Limited,international conveyors
INVENTURE,Inventure Growth & Securities Limited,inventure growth securities
IOB,Indian Overseas Bank,indian overseas bank
IOC,Indian Oil Corporation Limited,indian oil corporation
IOLCP,IOL Chemicals and Pharmaceuticals Limited,iol chemicals and pharmaceuticals
IONEXCHANG,ION Exchange (India) Limited,ion exchange
IPCALAB,IPCA Laboratories Limited,ipca laboratories
IPL,India Pesticides Limited,india pesticides
IRB,IRB Infrastructure Developers Limited,irb infrastructure developers
IRCON,Ircon International Limited,ircon international
IRCTC,Indian Railway Catering And Tourism Corporation Limited,indian railway catering and tourism corporation
IREDA,Indian Renewable Energy Development Agency Limited,indian renewable energy development agency
IRFC,Indian Railway Finance Corporation Limited,indian railway finance corporation
IRIS,Iris Business Services Limited,iris business services
IRISDOREME,Iris Clothings Limited,iris clothings
IRMENERGY,IRM Energy Limited,irm energy
ISFT,Intrasoft Technologies Limited,intrasoft technologies
ISGEC,Isgec Heavy Engineering Limited,isgec heavy engineering
ISHANCH,Ishan Dyes and Chemicals Limited,ishan dyes and chemicals
ITC,ITC Limited,itc
ITCHOTELS,ITC Hotels Limited,itc hotels
ITDC,India Tourism Development Corporation Limited,india tourism development corporation
ITDCEM,ITD Cementation India Limited,itd cementation
ITI,ITI Limited,iti
IVC,IL&FS Investment Managers Limited,il fs investment managers
IVP,IVP Limited,ivp
IXIGO,Le Travenues Technology Limited,le travenues technology
IZMO,IZMO Limited,izmo
J&KBANK,The Jammu & Kashmir Bank Limited,the jammu kashmir bank
JAGRAN,Jagran Prakashan Limited,jagran prakashan
JAGSNPHARM,Jagsonpal Pharmaceuticals Limited,jagsonpal pharmaceuticals
JAIBALAJI,Jai Balaji Industries Limited,jai balaji
JAICORPLTD,Jai Corp Limited,jai corp
JAIPURKURT,Nandani Creation Limited,nandani creation
JAMNAAUTO,Jamna Auto Industries Limited,jamna auto
JASH,Jash Engineering Limited,jash engineering
JAYAGROGN,Jayant Agro Organics Limited,jayant agro organics
JAYBARMARU,Jay Bharat Maruti Limited,jay bharat maruti
JAYNECOIND,Jayaswal Neco Industries Limited,jayaswal neco
JAYSREETEA,Jayshree Tea & Industries Limited,jayshree tea
JBCHEPHARM,JB Chemicals & Pharmaceuticals Limited,jb chemicals pharmaceuticals
JBMA,JBM Auto Limited,jbm auto
JCHAC,Johnson Controls - Hitachi Air Conditioning India Limited,johnson controls hitachi air conditioning
JETFREIGHT,Jet Freight Logistics Limited,jet freight logistics
JGCHEM,J.G.Chemicals Limited,j g chemicals
JHS,JHS Svendgaard Laboratories Limited,jhs svendgaard laboratories
JINDALPHOT,Jindal Photo Limited,jindal photo
JINDALPOLY,Jindal Poly Films Limited,jindal poly films
JINDALSAW,Jindal Saw Limited,jindal saw
JINDALSTEL,JINDAL STEEL LIMITED,jindal steel
JINDRILL,Jindal Drilling And Industries Limited,jindal drilling and
JINDWORLD,Jindal Worldwide Limited,jindal worldwide
JIOFIN,Jio Financial Services Limited,jio financial services
JISLDVREQS,Jain Irrigation Systems Limited,jain irrigation systems
JISLJALEQS,Jain Irrigation Systems Limited,jain irrigation systems
JITFINFRA,JITF Infralogistics Limited,jitf infralogistics
JKCEMENT,JK Cement Limited,jk cement
JKIL,J.Kumar Infraprojects Limited,j kumar infraprojects
JKLAKSHMI,JK Lakshmi Cement Limited,jk lakshmi cement
JKPAPER,JK Paper Limited,jk paper
JKTYRE,JK Tyre & Industries Limited,jk tyre
JLHL,Jupiter Life Line Hospitals Limited,jupiter life line hospitals
JMA,Jullundur Motor Agency (Delhi) Limited,jullundur motor agency delhi
JMFINANCIL,JM Financial Limited,jm financial
JNKINDIA,JNK India Limited,jnk
JOCIL,Jocil Limited,jocil
JPOLYINVST,Jindal Poly Investment and Finance Company Limited,jindal poly investment and finance
JPPOWER,Jaiprakash Power Ventures Limited,jaiprakash power ventures
JSFB,Jana Small Finance Bank Limited,jana small finance bank
JSL,Jindal Stainless Limited,jindal stainless
JSLL,Jeena Sikho Lifecare Limited,jeena sikho lifecare
JSWCEMENT,JSW Cement Limited,jsw cement
JSWENERGY,JSW Energy Limited,jsw energy
JSWHL,JSW Holdings Limited,jsw holdings
JSWINFRA,JSW Infrastructure Limited,jsw infrastructure
JSWSTEEL,JSW Steel Limited,jsw steel
JTEKTINDIA,Jtekt India Limited,jtekt
JTLIND,JTL INDUSTRIES LIMITED,jtl
JUBLCPL,Jubilant Agri and Consumer Products Limited,jubilant agri and consumer products
JUBLFOOD,Jubilant Foodworks Limited,jubilant foodworks
JUBLINGREA,Jubilant Ingrevia Limited,jubilant ingrevia
JUBLPHARMA,Jubilant Pharmova Limited,jubilant pharmova
JUNIPER,Juniper Hotels Limited,juniper hotels
JUSTDIAL,Just Dial Limited,just dial
JWL,Jupiter Wagons Limited,jupiter wagons
JYOTHYLAB,Jyothy Labs Limited,jyothy labs
JYOTICNC,Jyoti CNC Automation Limited,jyoti cnc automation
JYOTISTRUC,Jyoti Structures Limited,jyoti structures
KABRAEXTRU,Kabra Extrusion Technik Limited,kabra extrusion technik
KAJARIACER,Kajaria Ceramics Limited,kajaria ceramics
KAKATCEM,Kakatiya Cement Sugar & Industries Limited,kakatiya cement sugar
KALAMANDIR,Sai Silks (Kalamandir) Limited,sai silks kalamandir
KALPATARU,Kalpataru Limited,kalpataru
KALYANI,Kalyani Commercials Limited,kalyani commercials
KALYANIFRG,Kalyani Forge Limited,kalyani forge
KALYANKJIL,Kalyan Jewellers India Limited,kalyan jewellers
KAMATHOTEL,Kamat Hotels (I) Limited,kamat hotels i
KAMDHENU,Kamdhenu Limited,kamdhenu
KAMOPAINTS,Kamdhenu Ventures Limited,kamdhenu ventures
KANANIIND,Kanani Industries Limited,kanani
KANORICHEM,Kanoria Chemicals & Industries Limited,kanoria chemicals
KANPRPLA,Kanpur Plastipack Limited,kanpur plastipack
KANSAINER,Kansai Nerolac Paints Limited,kansai nerolac paints
KAPSTON,Kapston Services Limited,kapston services
KARMAENG,Karma Energy Limited,karma energy
KARURVYSYA,Karur Vysya Bank Limited,karur vysya bank
KAUSHALYA,Kaushalya Infrastructure Development Corporation Limited,kaushalya infrastructure development corporation
KAVDEFENCE,Kavveri Defence & Wireless Technologies Limited,kavveri defence wireless technologies
KAYA,Kaya Limited,kaya
KAYNES,Kaynes Technology India Limited,kaynes technology
KCP,KCP Limited,kcp
KCPSUGIND,KCP Sugar and Industries Corporation Limited,kcp sugar and industries corporation
KDDL,KDDL Limited,kddl
KEC,KEC International Limited,kec international
KECL,Kirloskar Electric Company Limited,kirloskar electric
KEEPLEARN,DSJ Keep Learning Limited,dsj keep learning
KEI,KEI Industries Limited,kei
KELLTONTEC,Kellton Tech Solutions Limited,kellton tech solutions
KERNEX,Kernex Microsystems (India) Limited,kernex microsystems
KESORAMIND,Kesoram Industries Limited,kesoram
KEYFINSERV,Keynote Financial Services Limited,keynote financial services
KFINTECH,Kfin Technologies Limited,kfin technologies
KHADIM,Khadim India Limited,khadim
KHAICHEM,Khaitan Chemicals & Fertilizers Limited,khaitan chemicals fertilizers
KHAITANLTD,Khaitan (India) Limited,khaitan
KHANDSE,Khandwala Securities Limited,khandwala securities
KICL,Kalyani Investment Company Limited,kalyani investment
KILITCH,Kilitch Drugs (India) Limited,kilitch drugs
KIMS,Krishna Institute of Medical Sciences Limited,krishna institute of medical sciences
KINGFA,Kingfa Science & Technology (India) Limited,kingfa science technology
KIOCL,KIOCL Limited,kiocl
KIRIINDUS,Kiri Industries Limited,kiri
KIRLOSBROS,Kirloskar Brothers Limited,kirloskar brothers
KIRLOSENG,Kirloskar Oil Engines Limited,kirloskar oil engines
KIRLOSIND,Kirloskar Industries Limited,kirloskar
KIRLPNU,Kirloskar Pneumatic Company Limited,kirloskar pneumatic
KITEX,Kitex Garments Limited,kitex garments
KKCL,Kewal Kiran Clothing Limited,kewal kiran clothing
KMEW,Knowledge Marine & Engineering Works Limited,knowledge marine engineering works
KMSUGAR,K.M.Sugar Mills Limited,k m sugar mills
KNRCON,KNR Constructions Limited,knr constructions
KOHINOOR,Kohinoor Foods Limited,kohinoor foods
KOKUYOCMLN,Kokuyo Camlin Limited,kokuyo camlin
KOLTEPATIL,Kolte - Patil Developers Limited,kolte patil developers
KOPRAN,Kopran Limited,kopran
KOTAKBANK,Kotak Mahindra Bank Limited,kotak mahindra bank
KOTARISUG,Kothari Sugars And Chemicals Limited,kothari sugars and chemicals
KOTHARIPET,Kothari Petrochemicals Limited,kothari petrochemicals
KOTHARIPRO,Kothari Products Limited,kothari products
KPEL,K.P. Energy Limited,k p energy
KPIGREEN,KPI Green Energy Limited,kpi green energy
KPIL,Kalpataru Projects International Limited,kalpataru projects international
KPITTECH,KPIT Technologies Limited,kpit technologies
KPRMILL,K.P.R. Mill Limited,k p r mill
KRBL,KRBL Limited,krbl
KREBSBIO,Krebs Biochemicals and Industries Limited,krebs biochemicals and
KRIDHANINF,Kridhan Infra Limited,kridhan infra
KRISHANA,Krishana Phoschem Limited,krishana phoschem
KRISHIVAL,Krishival Foods Limited,krishival foods
KRITI,Kriti Industries (India) Limited,kriti industries
KRITIKA,Kritika Wires Limited,kritika wires
KRITINUT,Kriti Nutrients Limited,kriti nutrients
KRN,KRN Heat Exchanger and Refrigeration Limited,krn heat exchanger and refrigeration
KRONOX,Kronox Lab Sciences Limited,kronox lab sciences
KROSS,Kross Limited,kross
KRSNAA,Krsnaa Diagnostics Limited,krsnaa diagnostics
KRYSTAL,Krystal Integrated Services Limited,krystal integrated services
KSB,Ksb Limited,ksb
KSCL,Kaveri Seed Company Limited,kaveri seed
KSHITIJPOL,Kshitij Polyline Limited,kshitij polyline
KSL,Kalyani Steels Limited,kalyani steels
KSOLVES,Ksolves India Limited,ksolves
KTKBANK,The Karnataka Bank Limited,the karnataka bank
KUANTUM,Kuantum Papers Limited,kuantum papers
LAGNAM,Lagnam Spintex Limited,lagnam spintex
LAL,Lorenzini Apparels Limited,lorenzini apparels
LALPATHLAB,Dr. Lal Path Labs Ltd.,dr lal path labs
LAMBODHARA,Lambodhara Textiles Limited,lambodhara textiles
LANCORHOL,Lancor Holdings Limited,lancor holdings
LANDMARK,Landmark Cars Limited,landmark cars
LAOPALA,La Opala RG Limited,la opala rg
LASA,Lasa Supergenerics Limited,lasa supergenerics
LATENTVIEW,Latent View Analytics Limited,latent view analytics
LATTEYS,Latteys Industries Limited,latteys
LAURUSLABS,Laurus Labs Limited,laurus labs
LAXMICOT,Laxmi Cotspin Limited,laxmi cotspin
LAXMIDENTL,Laxmi Dental Limited,laxmi dental
LAXMIINDIA,Laxmi India Finance Limited,laxmi india finance
LCCINFOTEC,LCC Infotech Limited,lcc infotech
LEMONTREE,Lemon Tree Hotels Limited,lemon tree hotels
LEXUS,Lexus Granito (India) Limited,lexus granito
LFIC,Lakshmi Finance & Industrial Corporation Limited,lakshmi finance industrial corporation
LGBBROSLTD,LG Balakrishnan & Bros Limited,lg balakrishnan bros
LGHL,Laxmi Goldorna House Limited,laxmi goldorna house
LIBAS,Libas Consumer Products Limited,libas consumer products
LIBERTSHOE,Liberty Shoes Limited,liberty shoes
LICHSGFIN,LIC Housing Finance Limited,lic housing finance
LICI,Life Insurance Corporation Of India,life insurance corporation of
LIKHITHA,Likhitha Infrastructure Limited,likhitha infrastructure
LINC,Linc Limited,linc
LINCOLN,Lincoln Pharmaceuticals Limited,lincoln pharmaceuticals
LINDEINDIA,Linde India Limited,linde
LLOYDSENGG,LLOYDS ENGINEERING WORKS LIMITED,lloyds engineering works
LLOYDSENT,Lloyds Enterprises Limited,lloyds enterprises
LLOYDSME,Lloyds Metals And Energy Limited,lloyds metals and energy
LMW,LMW Limited,lmw
LODHA,Lodha Developers Limited,lodha developers
LOKESHMACH,Lokesh Machines Limited,lokesh machines
LORDSCHLO,Lords Chloro Alkali Limited,lords chloro alkali
LOTUSDEV,Sri Lotus Developers and Realty Limited,sri lotus developers and realty
LOTUSEYE,Lotus Eye Hospital and Institute Limited,lotus eye hospital and institute
LOVABLE,Lovable Lingerie Limited,lovable lingerie
LOYALTEX,Loyal Textile Mills Limited,loyal textile mills
LPDC,Landmark Property Development Company Limited,landmark property development
LT,Larsen & Toubro Limited,larsen toubro
LTF,L&T Finance Limited,l t finance
LTFOODS,LT Foods Limited,lt foods
LTIM,LTIMindtree Limited,ltimindtree
LTTS,L&T Technology Services Limited,l t technology services
LUMAXIND,Lumax Industries Limited,lumax
LUMAXTECH,Lumax Auto Technologies Limited,lumax auto technologies
LUPIN,Lupin Limited,lupin
LUXIND,Lux Industries Limited,lux
LXCHEM,Laxmi Organic Industries Limited,laxmi organic
LYKALABS,Lyka Labs Limited,lyka labs
LYPSAGEMS,Lypsa Gems & Jewellery Limited,lypsa gems jewellery
M&M,Mahindra & Mahindra Limited,mahindra mahindra
M&MFIN,Mahindra & Mahindra Financial Services Limited,mahindra mahindra financial services
MAANALU,Maan Aluminium Limited,maan aluminium
MACPOWER,Macpower CNC Machines Limited,macpower cnc machines
MADHAV,Madhav Marbles and Granites Limited,madhav marbles and granites
MADHUCON,Madhucon Projects Limited,madhucon projects
MADRASFERT,Madras Fertilizers Limited,madras fertilizers
MAGADSUGAR,Magadh Sugar & Energy Limited,magadh sugar energy
MAGNUM,Magnum Ventures Limited,magnum ventures
MAHABANK,Bank of Maharashtra,bank of maharashtra
MAHAPEXLTD,Maha Rashtra Apex Corporation Limited,maha rashtra apex corporation
MAHASTEEL,Mahamaya Steel Industries Limited,mahamaya steel
MAHEPC,Mahindra EPC Irrigation Limited,mahindra epc irrigation
MAHESHWARI,Maheshwari Logistics Limited,maheshwari logistics
MAHLIFE,Mahindra Lifespace Developers Limited,mahindra lifespace developers
MAHLOG,Mahindra Logistics Limited,mahindra logistics
MAHSCOOTER,Maharashtra Scooters Limited,maharashtra scooters
MAHSEAMLES,Maharashtra Seamless Limited,maharashtra seamless
MAITHANALL,Maithan Alloys Limited,maithan alloys
MALLCOM,Mallcom (India) Limited,mallcom
MALUPAPER,Malu Paper Mills Limited,malu paper mills
MAMATA,Mamata Machinery Limited,mamata machinery
MANAKALUCO,Manaksia Aluminium Company Limited,manaksia aluminium
MANAKCOAT,Manaksia Coated Metals & Industries Limited,manaksia coated metals
MANAKSIA,Manaksia Limited,manaksia
MANAKSTEEL,Manaksia Steels Limited,manaksia steels
MANALIPETC,Manali Petrochemicals Limited,manali petrochemicals
MANAPPURAM,Manappuram Finance Limited,manappuram finance
MANBA,Manba Finance Limited,manba finance
MANCREDIT,Mangal Credit and Fincorp Limited,mangal credit and fincorp
MANGALAM,Mangalam Drugs And Organics Limited,mangalam drugs and organics
MANGCHEFER,Mangalore Chemicals & Fertilizers Limited,mangalore chemicals fertilizers
MANGLMCEM,Mangalam Cement Limited,mangalam cement
MANINDS,Man Industries (India) Limited,man industries
MANINFRA,Man Infraconstruction Limited,man infraconstruction
MANKIND,Mankind Pharma Limited,mankind pharma
MANOMAY,Manomay Tex India Limited,manomay tex
MANORAMA,Manorama Industries Limited,manorama
MANORG,Mangalam Organics Limited,mangalam organics
MANUGRAPH,Manugraph India Limited,manugraph
MANYAVAR,Vedant Fashions Limited,vedant fashions
MAPMYINDIA,C.E. Info Systems Limited,c e info systems
MARALOVER,Maral Overseas Limited,maral overseas
MARATHON,Marathon Nextgen Realty Limited,marathon nextgen realty
MARICO,Marico Limited,marico
MARINE,Marine Electricals (India) Limited,marine electricals
MARKSANS,Marksans Pharma Limited,marksans pharma
MARUTI,Maruti Suzuki India Limited,maruti suzuki
MASFIN,MAS Financial Services Limited,mas financial services
MASKINVEST,Mask Investments Limited,mask investments
MASTEK,Mastek Limited,mastek
MASTERTR,Master Trust Limited,master trust
MATRIMONY,Matrimony.Com Limited,matrimony com
MAWANASUG,Mawana Sugars Limited,mawana sugars
MAXESTATES,Max Estates Limited,max estates
MAXHEALTH,Max Healthcare Institute Limited,max healthcare institute
MAXIND,Max India Limited,max
MAYURUNIQ,Mayur Uniquoters Ltd,mayur uniquoters
MAZDA,Mazda Limited,mazda
MAZDOCK,Mazagon Dock Shipbuilders Limited,mazagon dock shipbuilders
MBAPL,Madhya Bharat Agro Products Limited,madhya bharat agro products
MBEL,M & B Engineering Limited,m b engineering
MBLINFRA,MBL Infrastructure Limited,mbl infrastructure
MCL,Madhav Copper Limited,madhav copper
MCLEODRUSS,Mcleod Russel India Limited,mcleod russel
MCLOUD,Magellanic Cloud Limited,magellanic cloud
MCX,Multi Commodity Exchange of India Limited,multi commodity exchange of
MEDANTA,Global Health Limited,global health
MEDIASSIST,Medi Assist Healthcare Services Limited,medi assist healthcare services
MEDICAMEQ,Medicamen Biotech Limited,medicamen biotech
MEDICO,Medico Remedies Limited,medico remedies
MEDPLUS,Medplus Health Services Limited,medplus health services
MEGASOFT,Megasoft Limited,megasoft
MEGASTAR,Megastar Foods Limited,megastar foods
MEIL,Mangal Electrical Industries Limited,mangal electrical
MENONBE,Menon Bearings Limited,menon bearings
MEP,MEP Infrastructure Developers Limited,mep infrastructure developers
METROBRAND,Metro Brands Limited,metro brands
METROPOLIS,Metropolis Healthcare Limited,metropolis healthcare
MFML,Mahalaxmi Fabric Mills Limited,mahalaxmi fabric mills
MFSL,Max Financial Services Limited,max financial services
MGEL,Mangalam Global Enterprise Limited,mangalam global enterprise
MGL,Mahanagar Gas Limited,mahanagar gas
MHLXMIRU,Mahalaxmi Rubtech Limited,mahalaxmi rubtech
MHRIL,Mahindra Holidays & Resorts India Limited,mahindra holidays resorts
MICEL,MIC Electronics Limited,mic electronics
MIDHANI,Mishra Dhatu Nigam Limited,mishra dhatu nigam
MINDACORP,Minda Corporation Limited,minda corporation
MINDTECK,Mindteck (India) Limited,mindteck
MIRCELECTR,MIRC Electronics Limited,mirc electronics
MIRZAINT,Mirza International Limited,mirza international
MITCON,MITCON Consultancy & Engineering Services Limited,mitcon consultancy engineering services
MITTAL,Mittal Life Style Limited,mittal life style
MKPL,M K Proteins Limited,m k proteins
MMFL,MM Forgings Limited,mm forgings
MMP,MMP Industries Limited,mmp
MMTC,MMTC Limited,mmtc
MOBIKWIK,One Mobikwik Systems Limited,one mobikwik systems
MODIRUBBER,Modi Rubber Limited,modi rubber
MODISONLTD,MODISON LIMITED,modison
MODTHREAD,Modern Threads (India) Limited,modern threads
MOHITIND,Mohit Industries Limited,mohit
MOIL,MOIL Limited,moil
MOKSH,Moksh Ornaments Limited,moksh ornaments
MOL,Meghmani Organics Limited,meghmani organics
MOLDTECH,Mold-Tek Technologies Limited,mold tek technologies
MOLDTKPAC,Mold-Tek Packaging Limited,mold tek packaging
MONARCH,Monarch Networth Capital Limited,monarch networth capital
MONTECARLO,Monte Carlo Fashions Limited,monte carlo fashions
MORARJEE,Morarjee Textiles Limited,morarjee textiles
MOREPENLAB,Morepen Laboratories Limited,morepen laboratories
MOSCHIP,Moschip Technologies Limited,moschip technologies
MOTHERSON,Samvardhana Motherson International Limited,samvardhana motherson international
MOTILALOFS,Motilal Oswal Financial Services Limited,motilal oswal financial services
MOTISONS,Motisons Jewellers Limited,motisons jewellers
MOTOGENFIN,The Motor & General Finance Limited,the motor general finance
MPHASIS,MphasiS Limited,mphasis
MPSLTD,MPS Limited,mps
MRF,MRF Limited,mrf
MRPL,Mangalore Refinery and Petrochemicals Limited,mangalore refinery and petrochemicals
MSPL,MSP Steel & Power Limited,msp steel power
MSTCLTD,Mstc Limited,mstc
MSUMI,Motherson Sumi Wiring India Limited,motherson sumi wiring
MTARTECH,Mtar Technologies Limited,mtar technologies
MTEDUCARE,MT Educare Limited,mt educare
MTNL,Mahanagar Telephone Nigam Limited,mahanagar telephone nigam
MUFIN,Mufin Green Finance Limited,mufin green finance
MUFTI,Credo Brands Marketing Limited,credo brands marketing
MUKANDLTD,Mukand Limited,mukand
MUKKA,Mukka Proteins Limited,mukka proteins
MUKTAARTS,Mukta Arts Limited,mukta arts
MUNJALAU,Munjal Auto Industries Limited,munjal auto
MUNJALSHOW,Munjal Showa Limited,munjal showa
MURUDCERA,Murudeshwar Ceramics Limited,murudeshwar ceramics
MUTHOOTCAP,Muthoot Capital Services Limited,muthoot capital services
MUTHOOTFIN,Muthoot Finance Limited,muthoot finance
MUTHOOTMF,Muthoot Microfin Limited,muthoot microfin
MVGJL,Manoj Vaibhav Gems N Jewellers Limited,manoj vaibhav gems n jewellers
NACLIND,NACL Industries Limited,nacl
NAGAFERT,Nagarjuna Fertilizers and Chemicals Limited,nagarjuna fertilizers and chemicals
NAGREEKCAP,Nagreeka Capital & Infrastructure Limited,nagreeka capital infrastructure
NAGREEKEXP,Nagreeka Exports Limited,nagreeka exports
NAHARCAP,Nahar Capital and Financial Services Limited,nahar capital and financial services
NAHARINDUS,Nahar Industrial Enterprises Limited,nahar industrial enterprises
NAHARPOLY,Nahar Poly Films Limited,nahar poly films
NAHARSPING,Nahar Spinning Mills Limited,nahar spinning mills
NAM-INDIA,Nippon Life India Asset Management Limited,nippon life india asset management
NARMADA,Narmada Agrobase Limited,narmada agrobase
NATCAPSUQ,Natural Capsules Limited,natural capsules
NATCOPHARM,Natco Pharma Limited,natco pharma
NATHBIOGEN,Nath Bio-Genes (India) Limited,nath bio genes
NATIONALUM,National Aluminium Company Limited,national aluminium
NAUKRI,Info Edge (India) Limited,info edge
NAVA,NAVA LIMITED,nava
NAVINFLUOR,Navin Fluorine International Limited,navin fluorine international
NAVKARCORP,Navkar Corporation Limited,navkar corporation
NAVKARURB,Navkar Urbanstructure Limited,navkar urbanstructure
NAVNETEDUL,Navneet Education Limited,navneet education
NAZARA,Nazara Technologies Limited,nazara technologies
NBCC,NBCC (India) Limited,nbcc
NBIFIN,N. B. I. Industrial Finance Company Limited,n b i industrial finance
NCC,NCC Limited,ncc
NCLIND,NCL Industries Limited,ncl
NDGL,Naga Dhunseri Group Limited,naga dhunseri group
NDL,Nandan Denim Limited,nandan denim
NDLVENTURE,NDL Ventures Limited,ndl ventures
NDRAUTO,Ndr Auto Components Limited,ndr auto components
NDTV,New Delhi Television Limited,new delhi television
NECCLTD,North Eastern Carrying Corporation Limited,north eastern carrying corporation
NECLIFE,Nectar Lifesciences Limited,nectar lifesciences
NELCAST,Nelcast Limited,nelcast
NELCO,NELCO Limited,nelco
NEOGEN,Neogen Chemicals Limited,neogen chemicals
NESCO,Nesco Limited,nesco
NESTLEIND,Nestle India Limited,nestle
NETWEB,Netweb Technologies India Limited,netweb technologies
NETWORK18,Network18 Media & Investments Limited,network18 media investments
NEULANDLAB,Neuland Laboratories Limited,neuland laboratories
NEWGEN,Newgen Software Technologies Limited,newgen software technologies
NEXTMEDIA,Next Mediaworks Limited,next mediaworks
NFL,National Fertilizers Limited,national fertilizers
NGIL,Nakoda Group of Industries Limited,nakoda group of
NGLFINE,NGL Fine-Chem Limited,ngl fine chem
NH,Narayana Hrudayalaya Ltd.,narayana hrudayalaya
NHPC,NHPC Limited,nhpc
NIACL,The New India Assurance Company Limited,the new india assurance
NIBE,NIBE Limited,nibe
NIBL,NRB Industrial Bearings Limited,nrb industrial bearings
NIITLTD,NIIT Limited,niit
NIITMTS,NIIT Learning Systems Limited,niit learning systems
NILAINFRA,Nila Infrastructures Limited,nila infrastructures
NILASPACES,Nila Spaces Limited,nila spaces
NILKAMAL,Nilkamal Limited,nilkamal
NINSYS,NINtec Systems Limited,nintec systems
NIPPOBATRY,Indo-National Limited,indo national
NIRAJ,Niraj Cement Structurals Limited,niraj cement structurals
NIRAJISPAT,Niraj Ispat Industries Limited,niraj ispat
NITCO,Nitco Limited,nitco
NITINSPIN,Nitin Spinners Limited,nitin spinners
NITIRAJ,Nitiraj Engineers Limited,nitiraj engineers
NIVABUPA,Niva Bupa Health Insurance Company Limited,niva bupa health insurance
NKIND,NK Industries Limited,nk
NLCINDIA,NLC India Limited,nlc
NMDC,NMDC Limited,nmdc
NOCIL,NOCIL Limited,nocil
NOIDATOLL,Noida Toll Bridge Company Limited,noida toll bridge
NORBTEAEXP,Norben Tea & Exports Limited,norben tea exports
NORTHARC,Northern Arc Capital Limited,northern arc capital
NOVAAGRI,Nova Agritech Limited,nova agritech
NPST,Network People Services Technologies Limited,network people services technologies
NRAIL,N R Agarwal Industries Limited,n r agarwal
NRBBEARING,NRB Bearing Limited,nrb bearing
NRL,Nupur Recyclers Limited,nupur recyclers
NSIL,Nalwa Sons Investments Limited,nalwa sons investments
NSLNISP,NMDC Steel Limited,nmdc steel
NTPC,NTPC Limited,ntpc
NTPCGREEN,NTPC Green Energy Limited,ntpc green energy
NUCLEUS,Nucleus Software Exports Limited,nucleus software exports
NURECA,Nureca Limited,nureca
NUVAMA,Nuvama Wealth Management Limited,nuvama wealth management
NUVOCO,Nuvoco Vistas Corporation Limited,nuvoco vistas corporation
NYKAA,FSN E-Commerce Ventures Limited,fsn e commerce ventures
OAL,Oriental Aromatics Limited,oriental aromatics
OBCL,Orissa Bengal Carrier Limited,orissa bengal carrier
OBEROIRLTY,Oberoi Realty Limited,oberoi realty
OCCLLTD,OCCL Limited,occl
ODIGMA,Odigma Consultancy Solutions Limited,odigma consultancy solutions
OFSS,Oracle Financial Services Software Limited,oracle financial services software
OIL,Oil India Limited,oil
OILCOUNTUB,Oil Country Tubular Limited,oil country tubular
OLAELEC,Ola Electric Mobility Limited,ola electric mobility
OLECTRA,Olectra Greentech Limited,olectra greentech
OMAXAUTO,Omax Autos Limited,omax autos
OMAXE,Omaxe Limited,omaxe
OMINFRAL,OM INFRA LIMITED,om infra
OMKARCHEM,Omkar Speciality Chemicals Limited,omkar speciality chemicals
ONELIFECAP,Onelife Capital Advisors Limited,onelife capital advisors
ONEPOINT,One Point One Solutions Limited,one point one solutions
ONESOURCE,Onesource Specialty Pharma Limited,onesource specialty pharma
ONGC,Oil & Natural Gas Corporation Limited,oil natural gas corporation
ONMOBILE,OnMobile Global Limited,onmobile global
ONWARDTEC,Onward Technologies Limited,onward technologies
OPTIEMUS,Optiemus Infracom Limited,optiemus infracom
ORBTEXP,Orbit Exports Limited,orbit exports
ORCHASP,Orchasp Limited,orchasp
ORCHPHARMA,Orchid Pharma Limited,orchid pharma
ORICONENT,Oricon Enterprises Limited,oricon enterprises
ORIENTALTL,Oriental Trimex Limited,oriental trimex
ORIENTBELL,Orient Bell Limited,orient bell
ORIENTCEM,Orient Cement Limited,orient cement
ORIENTCER,ORIENT CERATECH LIMITED,orient ceratech
ORIENTELEC,Orient Electric Limited,orient electric
ORIENTHOT,Oriental Hotels Limited,oriental hotels
ORIENTLTD,Orient Press Limited,orient press
ORIENTPPR,Orient Paper & Industries Limited,orient paper
ORIENTTECH,Orient Technologies Limited,orient technologies
ORISSAMINE,The Orissa Minerals Development Company Limited,the orissa minerals development
ORTEL,Ortel Communications Limited,ortel communications
ORTINGLOBE,ORTIN GLOBAL LIMITED,ortin global
OSIAHYPER,Osia Hyper Retail Limited,osia hyper retail
OSWALAGRO,Oswal Agro Mills Limited,oswal agro mills
OSWALGREEN,Oswal Greentech Limited,oswal greentech
OSWALPUMPS,Oswal Pumps Limited,oswal pumps
OSWALSEEDS,ShreeOswal Seeds And Chemicals Limited,shreeoswal seeds and chemicals
PAGEIND,Page Industries Limited,page
PAISALO,Paisalo Digital Limited,paisalo digital
PAKKA,PAKKA LIMITED,pakka
PALASHSECU,Palash Securities Limited,palash securities
PALREDTEC,Palred Technologies Limited,palred technologies
PANACEABIO,Panacea Biotec Limited,panacea biotec
PANACHE,Panache Digilife Limited,panache digilife
PANAMAPET,Panama Petrochem Limited,panama petrochem
PANSARI,Pansari Developers Limited,pansari developers
PAR,Par Drugs And Chemicals Limited,par drugs and chemicals
PARACABLES,Paramount Communications Limited,paramount communications
PARADEEP,Paradeep Phosphates Limited,paradeep phosphates
PARAGMILK,Parag Milk Foods Limited,parag milk foods
PARAS,Paras Defence and Space Technologies Limited,paras defence and space technologies
PARASPETRO,Paras Petrofils Limited,paras petrofils
PARKHOTELS,Apeejay Surrendra Park Hotels Limited,apeejay surrendra park hotels
PARSVNATH,Parsvnath Developers Limited,parsvnath developers
PASHUPATI,Pashupati Cotspin Limited,pashupati cotspin
PASUPTAC,Pasupati Acrylon Limited,pasupati acrylon
PATANJALI,Patanjali Foods Limited,patanjali foods
PATELENG,Patel Engineering Limited,patel engineering
PATELRMART,Patel Retail Limited,patel retail
PATINTLOG,Patel Integrated Logistics Limited,patel integrated logistics
PAVNAIND,Pavna Industries Limited,pavna
PAYTM,One 97 Communications Limited,one 97 communications
PCBL,PCBL Chemical Limited,pcbl chemical
PCJEWELLER,PC Jeweller Limited,pc jeweller
PDMJEPAPER,Pudumjee Paper Products Limited,pudumjee paper products
PDSL,PDS Limited,pds
PEARLPOLY,Pearl Polymers Limited,pearl polymers
PEL,Piramal Enterprises Limited,piramal enterprises
PENIND,Pennar Industries Limited,pennar
PENINLAND,Peninsula Land Limited,peninsula land
PERSISTENT,Persistent Systems Limited,persistent systems
PETRONET,Petronet LNG Limited,petronet lng
PFC,Power Finance Corporation Limited,power finance corporation
PFIZER,Pfizer Limited,pfizer
PFOCUS,Prime Focus Limited,prime focus
PFS,PTC India Financial Services Limited,ptc india financial services
PGEL,PG Electroplast Limited,pg electroplast
PGHH,Procter & Gamble Hygiene and Health Care Limited,procter gamble hygiene and health care
PGHL,Procter & Gamble Health Limited,procter gamble health
PGIL,Pearl Global Industries Limited,pearl global
PHOENIXLTD,The Phoenix Mills Limited,the phoenix mills
PICCADIL,Piccadily Agro Industries Limited,piccadily agro
PIDILITIND,Pidilite Industries Limited,pidilite
PIGL,Power & Instrumentation (Gujarat) Limited,power instrumentation gujarat
PIIND,PI Industries Limited,pi
PILANIINVS,Pilani Investment and Industries Corporation Limited,pilani investment and industries corporation
PILITA,PIL ITALICA LIFESTYLE LIMITED,pil italica lifestyle
PIONEEREMB,Pioneer Embroideries Limited,pioneer embroideries
PITTIENG,Pitti Engineering Limited,pitti engineering
PIXTRANS,Pix Transmissions Limited,pix transmissions
PKTEA,The Peria Karamalai Tea & Produce Company Limited,the peria karamalai tea produce
PLASTIBLEN,Plastiblends India Limited,plastiblends
PLATIND,Platinum Industries Limited,platinum
PLAZACABLE,Plaza Wires Limited,plaza wires
PNB,Punjab National Bank,punjab national bank
PNBGILTS,PNB Gilts Limited,pnb gilts
PNBHOUSING,PNB Housing Finance Limited,pnb housing finance
PNC,Pritish Nandy Communications Limited,pritish nandy communications
PNCINFRA,PNC Infratech Limited,pnc infratech
PNGJL,P N Gadgil Jewellers Limited,p n gadgil jewellers
POCL,Pondy Oxides & Chemicals Limited,pondy oxides chemicals
PODDARMENT,Poddar Pigments Limited,poddar pigments
POKARNA,Pokarna Limited,pokarna
POLICYBZR,PB Fintech Limited,pb fintech
POLYCAB,Polycab India Limited,polycab
POLYMED,Poly Medicure Limited,poly medicure
POLYPLEX,Polyplex Corporation Limited,polyplex corporation
PONNIERODE,Ponni Sugars (Erode) Limited,ponni sugars erode
POONAWALLA,Poonawalla Fincorp Limited,poonawalla fincorp
POWERGRID,Power Grid Corporation of India Limited,power grid corporation of
POWERINDIA,Hitachi Energy India Limited,hitachi energy
POWERMECH,Power Mech Projects Limited,power mech projects
PPAP,PPAP Automotive Limited,ppap automotive
PPL,Prakash Pipes Limited,prakash pipes
PPLPHARMA,Piramal Pharma Limited,piramal pharma
PRABHA,Prabha Energy Limited,prabha energy
PRAENG,Prajay Engineers Syndicate Limited,prajay engineers syndicate
PRAJIND,Praj Industries Limited,praj
PRAKASH,Prakash Industries Limited,prakash
PRAKASHSTL,Prakash Steelage Limited,prakash steelage
PRAXIS,Praxis Home Retail Limited,praxis home retail
PRECAM,Precision Camshafts Limited,precision camshafts
PRECOT,Precot Limited,precot
PRECWIRE,Precision Wires India Limited,precision wires
PREMEXPLN,Premier Explosives Limited,premier explosives
PREMIER,Premier Limited,premier
PREMIERENE,Premier Energies Limited,premier energies
PREMIERPOL,Premier Polyfilm Limited,premier polyfilm
PRESTIGE,Prestige Estates Projects Limited,prestige estates projects
PRICOLLTD,Pricol Limited,pricol
PRIMESECU,Prime Securities Limited,prime securities
PRIMO,Primo Chemicals Limited,primo chemicals
PRINCEPIPE,Prince Pipes And Fittings Limited,prince pipes and fittings
PRITI,Priti International Limited,priti international
PRITIKAUTO,Pritika Auto Industries Limited,pritika auto
PRIVISCL,Privi Speciality Chemicals Limited,privi speciality chemicals
PROSTARM,Prostarm Info Systems Limited,prostarm info systems
PROTEAN,Protean eGov Technologies Limited,protean egov technologies
PROZONER,Prozone Realty Limited,prozone realty
PRSMJOHNSN,Prism Johnson Limited,prism johnson
PRUDENT,Prudent Corporate Advisory Services Limited,prudent corporate advisory services
PRUDMOULI,Prudential Sugar Corporation Limited,prudential sugar corporation
PSB,Punjab & Sind Bank,punjab sind bank
PSPPROJECT,PSP Projects Limited,psp projects
PTC,PTC India Limited,ptc
PTCIL,PTC Industries Limited,ptc
PTL,PTL Enterprises Limited,ptl enterprises
PUNJABCHEM,Punjab Chemicals & Crop Protection Limited,punjab chemicals crop protection
PURVA,Puravankara Limited,puravankara
PVP,PVP Ventures Limited,pvp ventures
PVRINOX,PVR INOX Limited,pvr inox
PVSL,Popular Vehicles and Services Limited,popular vehicles and services
PYRAMID,Pyramid Technoplast Limited,pyramid technoplast
QPOWER,Quality Power Electrical Equipments Limited,quality power electrical equipments
QUADFUTURE,Quadrant Future Tek Limited,quadrant future tek
QUESS,Quess Corp Limited,quess corp
QUICKHEAL,Quick Heal Technologies Limited,quick heal technologies
RACE,Race Eco Chain Limited,race eco chain
RACLGEAR,RACL Geartech Limited,racl geartech
RADAAN,Radaan Mediaworks India Limited,radaan mediaworks
RADHIKAJWE,Radhika Jeweltech Limited,radhika jeweltech
RADIANTCMS,Radiant Cash Management Services Limited,radiant cash management services
RADICO,Radico Khaitan Limited,radico khaitan
RADIOCITY,Music Broadcast Limited,music broadcast
RAILTEL,Railtel Corporation Of India Limited,railtel corporation of
RAIN,Rain Industries Limited,rain
RAINBOW,Rainbow Childrens Medicare Limited,rainbow childrens medicare
RAJESHEXPO,Rajesh Exports Limited,rajesh exports
RAJMET,Rajnandini Metal Limited,rajnandini metal
RAJOOENG,Rajoo Engineers Limited,rajoo engineers
RAJRATAN,Rajratan Global Wire Limited,rajratan global wire
RAJRILTD,Raj Rayon Industries Limited,raj rayon
RAJSREESUG,Rajshree Sugars & Chemicals Limited,rajshree sugars chemicals
RAJTV,Raj Television Network Limited,raj television network
RALLIS,Rallis India Limited,rallis
RAMANEWS,Shree Rama Newsprint Limited,shree rama newsprint
RAMAPHO,Rama Phosphates Limited,rama phosphates
RAMASTEEL,Rama Steel Tubes Limited,rama steel tubes
RAMCOCEM,The Ramco Cements Limited,the ramco cements
RAMCOIND,Ramco Industries Limited,ramco
RAMCOSYS,Ramco Systems Limited,ramco systems
RAMKY,Ramky Infrastructure Limited,ramky infrastructure
RAMRAT,Ram Ratna Wires Limited,ram ratna wires
RANASUG,Rana Sugars Limited,rana sugars
RANEHOLDIN,Rane Holdings Limited,rane holdings
RATEGAIN,Rategain Travel Technologies Limited,rategain travel technologies
RATNAMANI,Ratnamani Metals & Tubes Limited,ratnamani metals tubes
RATNAVEER,Ratnaveer Precision Engineering Limited,ratnaveer precision engineering
RAYMOND,Raymond Limited,raymond
RAYMONDLSL,Raymond Lifestyle Limited,raymond lifestyle
RAYMONDREL,Raymond Realty Limited,raymond realty
RBA,Restaurant Brands Asia Limited,restaurant brands asia
RBLBANK,RBL Bank Limited,rbl bank
RBZJEWEL,RBZ Jewellers Limited,rbz jewellers
RCF,Rashtriya Chemicals and Fertilizers Limited,rashtriya chemicals and fertilizers
RCOM,Reliance Communications Limited,reliance communications
RECLTD,REC Limited,rec
REDINGTON,Redington Limited,redington
REDTAPE,Redtape Limited,redtape
REFEX,Refex Industries Limited,refex
REGAAL,Regaal Resources Limited,regaal resources
REGENCERAM,Regency Ceramics Limited,regency ceramics
RELAXO,Relaxo Footwears Limited,relaxo footwears
RELCHEMQ,Reliance Chemotex Industries Limited,reliance chemotex
RELIABLE,Reliable Data Services Limited,reliable data services
RELIANCE,Reliance Industries Limited,reliance
RELIGARE,Religare Enterprises Limited,religare enterprises
RELINFRA,Reliance Infrastructure Limited,reliance infrastructure
RELTD,Ravindra Energy Limited,ravindra energy
REMSONSIND,Remsons Industries Limited,remsons
RENUKA,Shree Renuka Sugars Limited,shree renuka sugars
REPCOHOME,Repco Home Finance Limited,repco home finance
REPL,Rudrabhishek Enterprises Limited,rudrabhishek enterprises
REPRO,Repro India Limited,repro
RESPONIND,Responsive Industries Limited,responsive
RETAIL,JHS Svendgaard Retail Ventures Limited,jhs svendgaard retail ventures
RGL,Renaissance Global Limited,renaissance global
RHFL,Reliance Home Finance Limited,reliance home finance
RHIM,RHI MAGNESITA INDIA LIMITED,rhi magnesita
RHL,Robust Hotels Limited,robust hotels
RICOAUTO,Rico Auto Industries Limited,rico auto
RIIL,Reliance Industrial Infrastructure Limited,reliance industrial infrastructure
RISHABH,Rishabh Instruments Limited,rishabh instruments
RITCO,Ritco Logistics Limited,ritco logistics
RITES,RITES Limited,rites
RKDL,Ravi Kumar Distilleries Limited,ravi kumar distilleries
RKEC,RKEC Projects Limited,rkec projects
RKFORGE,Ramkrishna Forgings Limited,ramkrishna forgings
RKSWAMY,R K Swamy Limited,r k swamy
RMDRIP,R M Drip and Sprinklers Systems Limited,r m drip and sprinklers systems
RML,Rane (Madras) Limited,rane madras
RNBDENIMS,R&B Denims Limited,r b denims
ROHLTD,Royal Orchid Hotels Limited,royal orchid hotels
ROLEXRINGS,Rolex Rings Limited,rolex rings
ROLLT,Rollatainers Limited,rollatainers
ROLTA,Rolta India Limited,rolta
ROML,Raj Oil Mills Limited,raj oil mills
ROSSARI,Rossari Biotech Limited,rossari biotech
ROSSELLIND,Rossell India Limited,rossell
ROSSTECH,Rossell Techsys Limited,rossell techsys
ROTO,Roto Pumps Limited,roto pumps
ROUTE,ROUTE MOBILE LIMITED,route mobile
RPEL,Raghav Productivity Enhancers Limited,raghav productivity enhancers
RPGLIFE,RPG Life Sciences Limited,rpg life sciences
RPOWER,Reliance Power Limited,reliance power
RPPINFRA,R.P.P. Infra Projects Limited,r p p infra projects
RPPL,Rajshree Polypack Limited,rajshree polypack
RPSGVENT,RPSG VENTURES LIMITED,rpsg ventures
RPTECH,Rashi Peripherals Limited,rashi peripherals
RRKABEL,R R Kabel Limited,r r kabel
RSSOFTWARE,R. S. Software (India) Limited,r s software
RSWM,RSWM Limited,rswm
RSYSTEMS,R Systems International Limited,r systems international
RTNINDIA,RattanIndia Enterprises Limited,rattanindia enterprises
RTNPOWER,RattanIndia Power Limited,rattanindia power
RUBFILA,Rubfila International Limited,rubfila international
RUBYMILLS,The Ruby Mills Limited,the ruby mills
RUCHINFRA,Ruchi Infrastructure Limited,ruchi infrastructure
RUCHIRA,Ruchira Papers Limited,ruchira papers
RUPA,Rupa & Company Limited,rupa
RUSHIL,Rushil Decor Limited,rushil decor
RUSTOMJEE,Keystone Realtors Limited,keystone realtors
RVHL,Ravinder Heights Limited,ravinder heights
RVNL,Rail Vikas Nigam Limited,rail vikas nigam
RVTH,Revathi Equipment India Limited,revathi equipment
S&SPOWER,S&S Power Switchgears Limited,s s power switchgears
SABEVENTS,Sab Events & Governance Now Media Limited,sab events governance now media
SABTNL,Sri Adhikari Brothers Television Network Limited,sri adhikari brothers television network
SADBHAV,Sadbhav Engineering Limited,sadbhav engineering
SADBHIN,Sadbhav Infrastructure Project Limited,sadbhav infrastructure project
SADHNANIQ,Sadhana Nitrochem Limited,sadhana nitrochem
SAFARI,Safari Industries (India) Limited,safari industries
SAGARDEEP,Sagardeep Alloys Limited,sagardeep alloys
SAGCEM,Sagar Cements Limited,sagar cements
SAGILITY,Sagility India Limited,sagility
SAHYADRI,Sahyadri Industries Limited,sahyadri
SAIL,Steel Authority of India Limited,steel authority of
SAILIFE,Sai Life Sciences Limited,sai life sciences
SAKAR,Sakar Healthcare Limited,sakar healthcare
SAKHTISUG,Sakthi Sugars Limited,sakthi sugars
SAKSOFT,Saksoft Limited,saksoft
SAKUMA,Sakuma Exports Limited,sakuma exports
SALASAR,Salasar Techno Engineering Limited,salasar techno engineering
SALONA,Salona Cotspin Limited,salona cotspin
SALSTEEL,S.A.L. Steel Limited,s a l steel
SALZERELEC,Salzer Electronics Limited,salzer electronics
SAMBHAAV,Sambhaav Media Limited,sambhaav media
SAMBHV,Sambhv Steel Tubes Limited,sambhv steel tubes
SAMHI,Samhi Hotels Limited,samhi hotels
SAMMAANCAP,Sammaan Capital Limited,sammaan capital
SAMPANN,Sampann Utpadan India Limited,sampann utpadan
SANATHAN,Sanathan Textiles Limited,sanathan textiles
SANCO,Sanco Industries Limited,sanco
SANDESH,The Sandesh Limited,the sandesh
SANDHAR,Sandhar Technologies Limited,sandhar technologies
SANDUMA,Sandur Manganese & Iron Ores Limited,sandur manganese iron ores
SANGAMIND,Sangam (India) Limited,sangam
SANGHIIND,Sanghi Industries Limited,sanghi
SANGHVIMOV,Sanghvi Movers Limited,sanghvi movers
SANGINITA,Sanginita Chemicals Limited,sanginita chemicals
SANOFI,Sanofi India Limited,sanofi
SANOFICONR,Sanofi Consumer Healthcare India Limited,sanofi consumer healthcare
SANSERA,Sansera Engineering Limited,sansera engineering
SANSTAR,Sanstar Limited,sanstar
SANWARIA,Sanwaria Consumer Limited,sanwaria consumer
SAPPHIRE,Sapphire Foods India Limited,sapphire foods
SARDAEN,Sarda Energy & Minerals Limited,sarda energy minerals
SAREGAMA,Saregama India Limited,saregama
SARLAPOLY,Sarla Performance Fibers Limited,sarla performance fibers
SARVESHWAR,Sarveshwar Foods Limited,sarveshwar foods
SASKEN,Sasken Technologies Limited,sasken technologies
SASTASUNDR,Sastasundar Ventures Limited,sastasundar ventures
SATIA,Satia Industries Limited,satia
SATIN,Satin Creditcare Network Limited,satin creditcare network
SAURASHCEM,Saurashtra Cement Limited,saurashtra cement
SBC,SBC Exports Limited,sbc exports
SBCL,Shivalik Bimetal Controls Limited,shivalik bimetal controls
SBFC,SBFC Finance Limited,sbfc finance
SBGLP,Suratwwala Business Group Limited,suratwwala business group
SBICARD,SBI Cards and Payment Services Limited,sbi cards and payment services
SBILIFE,SBI Life Insurance Company Limited,sbi life insurance
SBIN,State Bank of India,state bank of
SCHAEFFLER,Schaeffler India Limited,schaeffler
SCHAND,S Chand And Company Limited,s chand and
SCHNEIDER,Schneider Electric Infrastructure Limited,schneider electric infrastructure
SCI,Shipping Corporation Of India Limited,shipping corporation of
SCILAL,Shipping Corporation of India Land and Assets Limited,shipping corporation of india land and assets
SCODATUBES,Scoda Tubes Limited,scoda tubes
SCPL,Sheetal Cool Products Limited,sheetal cool products
SDBL,Som Distilleries & Breweries Limited,som distilleries breweries
SEAMECLTD,Seamec Limited,seamec
SECMARK,SecMark Consultancy Limited,secmark consultancy
SECURKLOUD,SECUREKLOUD TECHNOLOGIES LIMITED,securekloud technologies
SEJALLTD,Sejal Glass Limited,sejal glass
SELAN,Selan Exploration Technology Limited,selan exploration technology
SELMC,SEL Manufacturing Company Limited,sel manufacturing
SEMAC,Semac Construction Limited,semac construction
SENCO,Senco Gold Limited,senco gold
SENORES,Senores Pharmaceuticals Limited,senores pharmaceuticals
SEPC,SEPC Limited,sepc
SEQUENT,Sequent Scientific Limited,sequent scientific
SERVOTECH,Servotech Renewable Power System Limited,servotech renewable power system
SESHAPAPER,Seshasayee Paper and Boards Limited,seshasayee paper and boards
SETCO,Setco Automotive Limited,setco automotive
SEYAIND,Seya Industries Limited,seya
SFL,Sheela Foam Limited,sheela foam
SGFIN,SG Finserve Limited,sg finserve
SGIL,Synergy Green Industries Limited,synergy green
SGL,STL Global Limited,stl global
SGLTL,Standard Glass Lining Technology Limited,standard glass lining technology
SGMART,SG Mart Limited,sg mart
SHAH,Shah Metacorp Limited,shah metacorp
SHAHALLOYS,Shah Alloys Limited,shah alloys
SHAILY,Shaily Engineering Plastics Limited,shaily engineering plastics
SHAKTIPUMP,Shakti Pumps (India) Limited,shakti pumps
SHALBY,Shalby Limited,shalby
SHALPAINTS,Shalimar Paints Limited,shalimar paints
SHANKARA,Shankara Building Products Limited,shankara building products
SHANTI,Shanti Overseas (India) Limited,shanti overseas
SHANTIGEAR,Shanthi Gears Limited,shanthi gears
SHANTIGOLD,Shanti Gold International Limited,shanti gold international
SHARDACROP,Sharda Cropchem Limited,sharda cropchem
SHARDAMOTR,Sharda Motor Industries Limited,sharda motor
SHAREINDIA,Share India Securities Limited,share india securities
SHEKHAWATI,Shekhawati Industries Limited,shekhawati
SHEMAROO,Shemaroo Entertainment Limited,shemaroo entertainment
SHILPAMED,Shilpa Medicare Limited,shilpa medicare
SHIVALIK,Shivalik Rasayan Limited,shivalik rasayan
SHIVAMAUTO,Shivam Autotech Limited,shivam autotech
SHIVAMILLS,Shiva Mills Limited,shiva mills
SHIVATEX,Shiva Texyarn Limited,shiva texyarn
SHK,S H Kelkar and Company Limited,s h kelkar and
SHOPERSTOP,Shoppers Stop Limited,shoppers stop
SHRADHA,Shradha Infraprojects Limited,shradha infraprojects
SHREDIGCEM,Shree Digvijay Cement Co.Ltd,shree digvijay cement co
SHREECEM,SHREE CEMENT LIMITED,shree cement
SHREEJISPG,Shreeji Shipping Global Limited,shreeji shipping global
SHREEPUSHK,Shree Pushkar Chemicals & Fertilisers Limited,shree pushkar chemicals fertilisers
SHREERAMA,Shree Rama Multi-Tech Limited,shree rama multi tech
SHRENIK,Shrenik Limited,shrenik
SHREYANIND,Shreyans Industries Limited,shreyans
SHRIPISTON,Shriram Pistons & Rings Limited,shriram pistons rings
SHRIRAMFIN,Shriram Finance Limited,shriram finance
SHRIRAMPPS,Shriram Properties Limited,shriram properties
SHYAMCENT,Shyam Century Ferrous Limited,shyam century ferrous
SHYAMMETL,Shyam Metalics and Energy Limited,shyam metalics and energy
SHYAMTEL,Shyam Telecom Limited,shyam telecom
SICALLOG,Sical Logistics Limited,sical logistics
SIEMENS,Siemens Limited,siemens
SIGACHI,Sigachi Industries Limited,sigachi
SIGIND,Signet Industries Limited,signet
SIGMA,Sigma Solve Limited,sigma solve
SIGNATURE,Signatureglobal (India) Limited,signatureglobal
SIGNPOST,Signpost India Limited,signpost
SIKKO,Sikko Industries Limited,sikko
SIL,Standard Industries Limited,standard
SILGO,Silgo Retail Limited,silgo retail
SILINV,SIL Investments Limited,sil investments
SILLYMONKS,Silly Monks Entertainment Limited,silly monks entertainment
SILVERTUC,Silver Touch Technologies Limited,silver touch technologies
SIMBHALS,Simbhaoli Sugars Limited,simbhaoli sugars
SIMPLEXINF,Simplex Infrastructures Limited,simplex infrastructures
SINCLAIR,Sinclairs Hotels Limited,sinclairs hotels
SINDHUTRAD,Sindhu Trade Links Limited,sindhu trade links
SINTERCOM,Sintercom India Limited,sintercom
SIRCA,Sirca Paints India Limited,sirca paints
SIS,SIS LIMITED,sis
SITINET,Siti Networks Limited,siti networks
SIYSIL,Siyaram Silk Mills Limited,siyaram silk mills
SJS,S.J.S. Enterprises Limited,s j s enterprises
SJVN,SJVN Limited,sjvn
SKFINDIA,SKF India Limited,skf
SKIPPER,Skipper Limited,skipper
SKMEGGPROD,SKM Egg Products Export (India) Limited,skm egg products export
SKYGOLD,SKY GOLD AND DIAMONDS LIMITED,sky gold and diamonds
SMARTLINK,Smartlink Holdings Limited,smartlink holdings
SMARTWORKS,Smartworks Coworking Spaces Limited,smartworks coworking spaces
SMCGLOBAL,SMC Global Securities Limited,smc global securities
SMLISUZU,SML Isuzu Limited,sml isuzu
SMLT,Sarthak Metals Limited,sarthak metals
SMSLIFE,SMS Lifesciences India Limited,sms lifesciences
SMSPHARMA,SMS Pharmaceuticals Limited,sms pharmaceuticals
SNOWMAN,Snowman Logistics Limited,snowman logistics
SOBHA,Sobha Limited,sobha
SOFTTECH,Softtech Engineers Limited,softtech engineers
SOLARA,Solara Active Pharma Sciences Limited,solara active pharma sciences
SOLARINDS,Solar Industries India Limited,solar industries
SOMANYCERA,Somany Ceramics Limited,somany ceramics
SOMATEX,Soma Textiles & Industries Limited,soma textiles
SOMICONVEY,Somi Conveyor Beltings Limited,somi conveyor beltings
SONACOMS,Sona BLW Precision Forgings Limited,sona blw precision forgings
SONAMLTD,SONAM LIMITED,sonam
SONATSOFTW,Sonata Software Limited,sonata software
SOTL,Savita Oil Technologies Limited,savita oil technologies
SOUTHBANK,The South Indian Bank Limited,the south indian bank
SOUTHWEST,South West Pinnacle Exploration Limited,south west pinnacle exploration
SPAL,S. P. Apparels Limited,s p apparels
SPANDANA,Spandana Sphoorty Financial Limited,spandana sphoorty financial
SPARC,Sun Pharma Advanced Research Company Limited,sun pharma advanced research
SPCENET,Spacenet Enterprises India Limited,spacenet enterprises
SPECIALITY,Speciality Restaurants Limited,speciality restaurants
SPECTRUM,Spectrum Electrical Industries Limited,spectrum electrical
SPENCERS,Spencer's Retail Limited,spencer s retail
SPIC,Southern Petrochemicals Industries Corporation  Limited,southern petrochemicals industries corporation
SPLIL,SPL Industries Limited,spl
SPLPETRO,Supreme Petrochem Limited,supreme petrochem
SPMLINFRA,SPML Infra Limited,spml infra
SPORTKING,Sportking India Limited,sportking
SRD,Shankar Lal Rampal Dye-Chem Limited,shankar lal rampal dye chem
SREEL,Sreeleathers Limited,sreeleathers
SRF,SRF Limited,srf
SRGHFL,SRG Housing Finance Limited,srg housing finance
SRHHYPOLTD,Sree Rayalaseema Hi-Strength Hypo Limited,sree rayalaseema hi strength hypo
SRM,SRM Contractors Limited,srm contractors
SRPL,Shree Ram Proteins Limited,shree ram proteins
SSDL,Saraswati Saree Depot Limited,saraswati saree depot
SSWL,Steel Strips Wheels Limited,steel strips wheels
STALLION,Stallion India Fluorochemicals Limited,stallion india fluorochemicals
STANLEY,Stanley Lifestyles Limited,stanley lifestyles
STAR,Strides Pharma Science Limited,strides pharma science
STARCEMENT,Star Cement Limited,star cement
STARHEALTH,Star Health and Allied Insurance Company Limited,star health and allied insurance
STARPAPER,Star Paper Mills Limited,star paper mills
STARTECK,Starteck Finance Limited,starteck finance
STCINDIA,The State Trading Corporation of India Limited,the state trading corporation of
STEELCAS,Steelcast Limited,steelcast
STEELCITY,Steel City Securities Limited,steel city securities
STEELXIND,STEEL EXCHANGE INDIA LIMITED,steel exchange
STEL,Stel Holdings Limited,stel holdings
STERTOOLS,Sterling Tools Limited,sterling tools
STLNETWORK,STL Networks Limited,stl networks
STLTECH,Sterlite Technologies Limited,sterlite technologies
STOVEKRAFT,Stove Kraft Limited,stove kraft
STYLAMIND,Stylam Industries Limited,stylam
STYLEBAAZA,Baazar Style Retail Limited,baazar style retail
STYRENIX,Styrenix Performance Materials Limited,styrenix performance materials
SUBEXLTD,Subex Limited,subex
SUBROS,Subros Limited,subros
SUDARSCHEM,Sudarshan Chemical Industries Limited,sudarshan chemical
SUKHJITS,Sukhjit Starch & Chemicals Limited,sukhjit starch chemicals
SULA,Sula Vineyards Limited,sula vineyards
SUMEETINDS,Sumeet Industries Limited,sumeet
SUMICHEM,Sumitomo Chemical India Limited,sumitomo chemical
SUMIT,Sumit Woods Limited,sumit woods
SUMMITSEC,Summit Securities Limited,summit securities
SUNCLAY,Sundaram Clayton Limited,sundaram clayton
SUNDARAM,Sundaram Multi Pap Limited,sundaram multi pap
SUNDARMFIN,Sundaram Finance Limited,sundaram finance
SUNDARMHLD,Sundaram Finance Holdings Limited,sundaram finance holdings
SUNDRMBRAK,Sundaram Brake Linings Limited,sundaram brake linings
SUNDRMFAST,Sundram Fasteners Limited,sundram fasteners
SUNDROP,Sundrop Brands Limited,sundrop brands
SUNFLAG,Sunflag Iron And Steel Company Limited,sunflag iron and steel
SUNPHARMA,Sun Pharmaceutical Industries Limited,sun pharmaceutical
SUNTECK,Sunteck Realty Limited,sunteck realty
SUNTV,Sun TV Network Limited,sun tv network
SUPERHOUSE,Superhouse Limited,superhouse
SUPERSPIN,Super Spinning Mills Limited,super spinning mills
SUPRAJIT,Suprajit Engineering Limited,suprajit engineering
SUPREME,Supreme Holdings & Hospitality (India) Limited,supreme holdings hospitality
SUPREMEIND,Supreme Industries Limited,supreme
SUPREMEINF,Supreme Infrastructure India Limited,supreme infrastructure
SUPRIYA,Supriya Lifescience Limited,supriya lifescience
SURAJEST,Suraj Estate Developers Limited,suraj estate developers
SURAJLTD,Suraj Limited,suraj
SURAKSHA,Suraksha Diagnostic Limited,suraksha diagnostic
SURANASOL,Surana Solar Limited,surana solar
SURANAT&P,Surana Telecom and Power Limited,surana telecom and power
SURYALAXMI,Suryalakshmi Cotton Mills Limited,suryalakshmi cotton mills
SURYAROSNI,Surya Roshni Limited,surya roshni
SURYODAY,Suryoday Small Finance Bank Limited,suryoday small finance bank
SUTLEJTEX,Sutlej Textiles and Industries Limited,sutlej textiles and
SUVEN,Suven Life Sciences Limited,suven life sciences
SUVIDHAA,Suvidhaa Infoserve Limited,suvidhaa infoserve
SUYOG,Suyog Telematics Limited,suyog telematics
SUZLON,Suzlon Energy Limited,suzlon energy
SVLL,Shree Vasu Logistics Limited,shree vasu logistics
SVPGLOB,SVP GLOBAL TEXTILES LIMITED,svp global textiles
SWANCORP,SWAN CORP LIMITED,swan corp
SWARAJENG,Swaraj Engines Limited,swaraj engines
SWELECTES,Swelect Energy Systems Limited,swelect energy systems
SWIGGY,Swiggy Limited,swiggy
SWSOLAR,Sterling and Wilson Renewable Energy Limited,sterling and wilson renewable energy
SYMPHONY,Symphony Limited,symphony
SYNCOMF,Syncom Formulations (India) Limited,syncom formulations
SYNGENE,Syngene International Limited,syngene international
SYRMA,Syrma SGS Technology Limited,syrma sgs technology
TAINWALCHM,Tainwala Chemical and Plastic (I) Limited,tainwala chemical and plastic i
TAJGVK,Taj GVK Hotels & Resorts Limited,taj gvk hotels resorts
TAKE,Take Solutions Limited,take solutions
TALBROAUTO,Talbros Automotive Components Limited,talbros automotive components
TANLA,Tanla Platforms Limited,tanla platforms
TARACHAND,Tara Chand InfraLogistic Solutions Limited,tara chand infralogistic solutions
TARAPUR,Tarapur Transformers Limited,tarapur transformers
TARC,TARC Limited,tarc
TARIL,Transformers And Rectifiers (India) Limited,transformers and rectifiers
TARMAT,Tarmat Limited,tarmat
TARSONS,Tarsons Products Limited,tarsons products
TASTYBITE,Tasty Bite Eatables Limited,tasty bite eatables
TATACHEM,Tata Chemicals Limited,tata chemicals
TATACOMM,Tata Communications Limited,tata communications
TATACONSUM,TATA CONSUMER PRODUCTS LIMITED,tata consumer products
TATAELXSI,Tata Elxsi Limited,tata elxsi
TATAINVEST,Tata Investment Corporation Limited,tata investment corporation
TATAMOTORS,Tata Motors Limited,tata motors
TATAPOWER,Tata Power Company Limited,tata power
TATASTEEL,Tata Steel Limited,tata steel
TATATECH,Tata Technologies Limited,tata technologies
TATVA,Tatva Chintan Pharma Chem Limited,tatva chintan pharma chem
TBOTEK,TBO Tek Limited,tbo tek
TBZ,Tribhovandas Bhimji Zaveri Limited,tribhovandas bhimji zaveri
TCI,Transport Corporation of India Limited,transport corporation of
TCIEXP,TCI Express Limited,tci express
TCIFINANCE,TCI Finance Limited,tci finance
TCPLPACK,TCPL Packaging Limited,tcpl packaging
TCS,Tata Consultancy Services Limited,tata consultancy services
TDPOWERSYS,TD Power Systems Limited,td power systems
TEAMGTY,Team India Guaranty Limited,team india guaranty
TEAMLEASE,Teamlease Services Limited,teamlease services
TECHM,Tech Mahindra Limited,tech mahindra
TECHNOE,Techno Electric & Engineering Company Limited,techno electric engineering
TECILCHEM,TECIL Chemicals and Hydro Power Limited,tecil chemicals and hydro power
TEGA,Tega Industries Limited,tega
TEJASNET,Tejas Networks Limited,tejas networks
TEMBO,Tembo Global Industries Limited,tembo global
TERASOFT,Tera Software Limited,tera software
TEXINFRA,Texmaco Infrastructure & Holdings Limited,texmaco infrastructure holdings
TEXMOPIPES,Texmo Pipes and Products Limited,texmo pipes and products
TEXRAIL,Texmaco Rail & Engineering Limited,texmaco rail engineering
TFCILTD,Tourism Finance Corporation of India Limited,tourism finance corporation of
TFL,Transwarranty Finance Limited,transwarranty finance
TGBHOTELS,TGB Banquets And Hotels Limited,tgb banquets and hotels
THANGAMAYL,Thangamayil Jewellery Limited,thangamayil jewellery
THEINVEST,The Investment Trust Of India Limited,the investment trust of
THEJO,Thejo Engineering Limited,thejo engineering
THELEELA,Schloss Bangalore Limited,schloss bangalore
THEMISMED,Themis Medicare Limited,themis medicare
THERMAX,Thermax Limited,thermax
THOMASCOOK,Thomas Cook  (India)  Limited,thomas cook
THOMASCOTT,Thomas Scott (India) Limited,thomas scott
THYROCARE,Thyrocare Technologies Limited,thyrocare technologies
TI,Tilaknagar Industries Limited,tilaknagar
TICL,Twamev Construction and Infrastructure Limited,twamev construction and infrastructure
TIIL,Technocraft Industries (India) Limited,technocraft industries
TIINDIA,Tube Investments of India Limited,tube investments of
TIJARIA,Tijaria Polypipes Limited,tijaria polypipes
TIL,TIL Limited,til
TIMETECHNO,Time Technoplast Limited,time technoplast
TIMKEN,Timken India Limited,timken
TINNARUBR,Tinna Rubber and Infrastructure Limited,tinna rubber and infrastructure
TIPSFILMS,Tips Films Limited,tips films
TIPSMUSIC,Tips Music Limited,tips music
TIRUMALCHM,Thirumalai Chemicals Limited,thirumalai chemicals
TIRUPATIFL,Tirupati Forge Limited,tirupati forge
TITAGARH,TITAGARH RAIL SYSTEMS LIMITED,titagarh rail systems
TITAN,Titan Company Limited,titan
TMB,Tamilnad Mercantile Bank Limited,tamilnad mercantile bank
TNPETRO,Tamilnadu PetroProducts Limited,tamilnadu petroproducts
TNPL,Tamil Nadu Newsprint & Papers Limited,tamil nadu newsprint papers
TNTELE,Tamilnadu Telecommunication Limited,tamilnadu telecommunication
TOKYOPLAST,Tokyo Plast International Limited,tokyo plast international
TOLINS,Tolins Tyres Limited,tolins tyres
TORNTPHARM,Torrent Pharmaceuticals Limited,torrent pharmaceuticals
TORNTPOWER,Torrent Power Limited,torrent power
TOTAL,Total Transport Systems Limited,total transport systems
TOUCHWOOD,Touchwood Entertainment Limited,touchwood entertainment
TPHQ,Teamo Productions HQ Limited,teamo productions hq
TPLPLASTEH,TPL Plastech Limited,tpl plastech
TRACXN,Tracxn Technologies Limited,tracxn technologies
TRANSRAILL,Transrail Lighting Limited,transrail lighting
TRANSWORLD,TRANSWORLD SHIPPING LINES LIMITED,transworld shipping lines
TRAVELFOOD,Travel Food Services Limited,travel food services
TREEHOUSE,Tree House Education & Accessories Limited,tree house education accessories
TREJHARA,TREJHARA SOLUTIONS LIMITED,trejhara solutions
TREL,Transindia Real Estate Limited,transindia real estate
TRENT,Trent Limited,trent
TRF,TRF Limited,trf
TRIDENT,Trident Limited,trident
TRIGYN,Trigyn Technologies Limited,trigyn technologies
TRITURBINE,Triveni Turbine Limited,triveni turbine
TRIVENI,Triveni Engineering & Industries Limited,triveni engineering
TRU,TruCap Finance Limited,trucap finance
TTKHLTCARE,TTK Healthcare Limited,ttk healthcare
TTKPRESTIG,TTK Prestige Limited,ttk prestige
TTL,T T Limited,t t
TTML,Tata Teleservices (Maharashtra) Limited,tata teleservices maharashtra
TVSELECT,TVS Electronics Limited,tvs electronics
TVSHLTD,TVS Holdings Limited,tvs holdings
TVSMOTOR,TVS Motor Company Limited,tvs motor
TVSSCS,TVS Supply Chain Solutions Limited,tvs supply chain solutions
TVSSRICHAK,TVS Srichakra Limited,tvs srichakra
TVTODAY,TV Today Network Limited,tv today network
TVVISION,TV Vision Limited,tv vision
UBL,United Breweries Limited,united breweries
UCAL,UCAL LIMITED,ucal
UCOBANK,UCO Bank,uco bank
UDS,Updater Services Limited,updater services
UFLEX,UFLEX Limited,uflex
UFO,UFO Moviez India Limited,ufo moviez
UGARSUGAR,The Ugar Sugar Works Limited,the ugar sugar works
UGROCAP,Ugro Capital Limited,ugro capital
UJJIVANSFB,Ujjivan Small Finance Bank Limited,ujjivan small finance bank
ULTRACEMCO,UltraTech Cement Limited,ultratech cement
UMAEXPORTS,Uma Exports Limited,uma exports
UMESLTD,Usha Martin Education & Solutions Limited,usha martin education solutions
UMIYA-MRO,UMIYA BUILDCON LIMITED,umiya buildcon
UNICHEMLAB,Unichem Laboratories Limited,unichem laboratories
UNIDT,United Drilling Tools Limited,united drilling tools
UNIECOM,Unicommerce Esolutions Limited,unicommerce esolutions
UNIENTER,Uniphos Enterprises Limited,uniphos enterprises
UNIINFO,Uniinfo Telecom Services Limited,uniinfo telecom services
UNIMECH,Unimech Aerospace and Manufacturing Limited,unimech aerospace and manufacturing
UNIONBANK,Union Bank of India,union bank of
UNIPARTS,Uniparts India Limited,uniparts
UNITDSPR,United Spirits Limited,united spirits
UNITECH,Unitech Limited,unitech
UNITEDPOLY,United Polyfab Gujarat Limited,united polyfab gujarat
UNITEDTEA,The United Nilgiri Tea Estates Company Limited,the united nilgiri tea estates
UNIVASTU,Univastu India Limited,univastu
UNIVCABLES,Universal Cables Limited,universal cables
UNIVPHOTO,Universus Photo Imagings Limited,universus photo imagings
UNOMINDA,UNO Minda Limited,uno minda
UPL,UPL Limited,upl
URAVIDEF,Uravi Defence and Technology Limited,uravi defence and technology
URJA,Urja Global Limited,urja global
USHAMART,Usha Martin Limited,usha martin
USK,Udayshivakumar Infra Limited,udayshivakumar infra
UTIAMC,UTI Asset Management Company Limited,uti asset management
UTKARSHBNK,Utkarsh Small Finance Bank Limited,utkarsh small finance bank
UTTAMSUGAR,Uttam Sugar Mills Limited,uttam sugar mills
UYFINCORP,U. Y. Fincorp Limited,u y fincorp
V2RETAIL,V2 Retail Limited,v2 retail
VADILALIND,Vadilal Industries Limited,vadilal
VAIBHAVGBL,Vaibhav Global Limited,vaibhav global
VAISHALI,Vaishali Pharma Limited,vaishali pharma
VAKRANGEE,Vakrangee Limited,vakrangee
VALIANTLAB,Valiant Laboratories Limited,valiant laboratories
VALIANTORG,Valiant Organics Limited,valiant organics
VARDHACRLC,Vardhman Acrylics Limited,vardhman acrylics
VARDMNPOLY,Vardhman Polytex Limited,vardhman polytex
VARROC,Varroc Engineering Limited,varroc engineering
VASCONEQ,Vascon Engineers Limited,vascon engineers
VASWANI,Vaswani Industries Limited,vaswani
VBL,Varun Beverages Limited,varun beverages
VCL,Vaxtex Cotfab Limited,vaxtex cotfab
VEDL,Vedanta Limited,vedanta
VEEDOL,Veedol Corporation Limited,veedol corporation
VENKEYS,Venky's (India) Limited,venky s
VENTIVE,Ventive Hospitality Limited,ventive hospitality
VENUSPIPES,Venus Pipes & Tubes Limited,venus pipes tubes
VENUSREM,Venus Remedies Limited,venus remedies
VERANDA,Veranda Learning Solutions Limited,veranda learning solutions
VERTOZ,Vertoz Limited,vertoz
VESUVIUS,Vesuvius India Limited,vesuvius
VETO,Veto Switchgears And Cables Limited,veto switchgears and cables
VGUARD,V-Guard Industries Limited,v guard
VHL,Vardhman Holdings Limited,vardhman holdings
VHLTD,Viceroy Hotels Limited,viceroy hotels
VIDHIING,Vidhi Specialty Food Ingredients Limited,vidhi specialty food ingredients
VIJAYA,Vijaya Diagnostic Centre Limited,vijaya diagnostic centre
VIJIFIN,Viji Finance Limited,viji finance
VIKASECO,Vikas EcoTech Limited,vikas ecotech
VIKASLIFE,Vikas Lifecare Limited,vikas lifecare
VIKRAMSOLR,Vikram Solar Limited,vikram solar
VIKRAN,Vikran Engineering Limited,vikran engineering
VIMTALABS,Vimta Labs Limited,vimta labs
VINATIORGA,Vinati Organics Limited,vinati organics
VINCOFE,Vintage Coffee And Beverages Limited,vintage coffee and beverages
VINDHYATEL,Vindhya Telelinks Limited,vindhya telelinks
VINEETLAB,Vineet Laboratories Limited,vineet laboratories
VINNY,Vinny Overseas Limited,vinny overseas
VINYLINDIA,Vinyl Chemicals (India) Limited,vinyl chemicals
VIPCLOTHNG,VIP Clothing Limited,vip clothing
VIPIND,VIP Industries Limited,vip
VIPULLTD,Vipul Limited,vipul
VIRINCHI,Virinchi Limited,virinchi
VISAKAIND,Visaka Industries Limited,visaka
VISASTEEL,Visa Steel Limited,visa steel
VISHNU,Vishnu Chemicals Limited,vishnu chemicals
VISHWARAJ,Vishwaraj Sugar Industries Limited,vishwaraj sugar
VIVIDHA,Visagar Polytex Limited,visagar polytex
VLEGOV,VL E-Governance & IT Solutions Limited,vl e governance it solutions
VLSFINANCE,VLS Finance Limited,vls finance
VMART,V-Mart Retail Limited,v mart retail
VMM,Vishal Mega Mart Limited,vishal mega mart
VOLTAMP,Voltamp Transformers Limited,voltamp transformers
VOLTAS,Voltas Limited,voltas
VPRPL,Vishnu Prakash R Punglia Limited,vishnu prakash r punglia
VRAJ,Vraj Iron and Steel Limited,vraj iron and steel
VRLLOG,VRL Logistics Limited,vrl logistics
VSSL,Vardhman Special Steels Limited,vardhman special steels
VSTIND,VST Industries Limited,vst
VSTL,Vibhor Steel Tubes Limited,vibhor steel tubes
VSTTILLERS,V.S.T Tillers Tractors Limited,v s t tillers tractors
VTL,Vardhman Textiles Limited,vardhman textiles
WAAREEENER,Waaree Energies Limited,waaree energies
WAAREERTL,Waaree Renewable Technologies Limited,waaree renewable technologies
WABAG,VA Tech Wabag Limited,va tech wabag
WALCHANNAG,Walchandnagar Industries Limited,walchandnagar
WANBURY,Wanbury Limited,wanbury
WCIL,Western Carriers (India) Limited,western carriers
WEALTH,Wealth First Portfolio Managers Limited,wealth first portfolio managers
WEBELSOLAR,Websol Energy System Limited,websol energy system
WEIZMANIND,Weizmann Limited,weizmann
WEL,Wonder Electricals Limited,wonder electricals
WELCORP,Welspun Corp Limited,welspun corp
WELENT,Welspun Enterprises Limited,welspun enterprises
WELINV,Welspun Investments and Commercials Limited,welspun investments and commercials
WELSPUNLIV,Welspun Living Limited,welspun living
WENDT,Wendt (India) Limited,wendt
WESTLIFE,WESTLIFE FOODWORLD LIMITED,westlife foodworld
WEWIN,WE WIN LIMITED,we win
WHEELS,Wheels India Limited,wheels
WHIRLPOOL,Whirlpool of India Limited,whirlpool of
WILLAMAGOR,Williamson Magor & Company Limited,williamson magor
WINDLAS,Windlas Biotech Limited,windlas biotech
WINDMACHIN,Windsor Machines Limited,windsor machines
WINSOME,Winsome Yarns Limited,winsome yarns
WIPL,The Western India Plywoods Limited,the western india plywoods
WIPRO,Wipro Limited,wipro
WOCKPHARMA,Wockhardt Limited,wockhardt
WONDERLA,Wonderla Holidays Limited,wonderla holidays
WORTH,Worth Peripherals Limited,worth peripherals
WSI,W S Industries (I) Limited,w s industries i
WSTCSTPAPR,West Coast Paper Mills Limited,west coast paper mills
XCHANGING,Xchanging Solutions Limited,xchanging solutions
XELPMOC,Xelpmoc Design And Tech Limited,xelpmoc design and tech
XPROINDIA,Xpro India Limited,xpro
XTGLOBAL,Xtglobal Infotech Limited,xtglobal infotech
YASHO,Yasho Industries Limited,yasho
YATHARTH,Yatharth Hospital & Trauma Care Services Limited,yatharth hospital trauma care services
YATRA,Yatra Online Limited,yatra online
YESBANK,Yes Bank Limited,yes bank
YUKEN,Yuken India Limited,yuken
ZAGGLE,Zaggle Prepaid Ocean Services Limited,zaggle prepaid ocean services
ZEEL,Zee Entertainment Enterprises Limited,zee entertainment enterprises
ZEELEARN,Zee Learn Limited,zee learn
ZEEMEDIA,Zee Media Corporation Limited,zee media corporation
ZENITHEXPO,Zenith Exports Limited,zenith exports
ZENITHSTL,Zenith Steel Pipes & Industries Limited,zenith steel pipes
ZENSARTECH,Zensar Technologies Limited,zensar technologies
ZENTEC,Zen Technologies Limited,zen technologies
ZFCVINDIA,ZF Commercial Vehicle Control Systems India Limited,zf commercial vehicle control systems
ZIMLAB,Zim Laboratories Limited,zim laboratories
ZODIAC,Zodiac Energy Limited,zodiac energy
ZODIACLOTH,Zodiac Clothing Company Limited,zodiac clothing
ZOTA,Zota Health Care LImited,zota health care
ZUARI,Zuari Agro Chemicals Limited,zuari agro chemicals
ZUARIIND,ZUARI INDUSTRIES LIMITED,zuari
ZYDUSLIFE,Zydus Lifesciences Limited,zydus lifesciences
ZYDUSWELL,Zydus Wellness Limited,zydus wellness
