token,name,normalizedName
500002,ABB India Limited,abb
500003,AEGIS LOGISTICS LTD.,aegis logistics
500008,AMARA RAJA BATTERIES LTD.,amara raja batteries
500009,AMBALAL SARABHAI ENTERPRISES LTD.,ambalal sarabhai enterprises
500010,HOUSING DEVELOPMENT FINANCE CORP.LTD.,housing development finance corp
500012,ANDHRA PETROCHEMICALS LTD.,andhra petrochemicals
500013,ANSAL PROPERTIES & INFRASTRUCTURE LTD.,ansal properties infrastructure
500014,Utique Enterprises Ltd,utique enterprises
500016,ARUNA HOTELS LTD.,aruna hotels
500020,BOMBAY DYEING & MFG.CO.LTD.,bombay dyeing mfg co
500023,Asian Hotels (North) Limited,asian hotels north
500024,Assam Company (India) Limited,assam company
500027,ATUL LTD.,atul
500028,ATV PROJECTS INDIA LTD.,atv projects
500029,AUTOLITE (INDIA) LTD.,autolite
500030,AUTORIDERS FINANCE LTD.,autoriders finance
500031,BAJAJ ELECTRICALS LTD.,bajaj electricals
500032,Bajaj Hindusthan Sugar Limited,bajaj hindusthan sugar
500033,FORCE MOTORS LTD.,force motors
500034,Bajaj Finance Limited,bajaj finance
500038,BALRAMPUR CHINI MILLS LTD.,balrampur chini mills
500039,BANCO PRODUCTS (INDIA) LTD.,banco products
500040,CENTURY TEXTILES & INDUSTRIES LTD.,century textiles
500041,BANNARI AMMAN SUGARS LTD.,bannari amman sugars
500042,BASF INDIA LTD.,basf
500043,BATA INDIA LTD.,bata
500046,Best & Crompton Engg.ltd.,best crompton engg
500048,BEML LTD.,beml
500049,BHARAT ELECTRONICS LTD.,bharat electronics
500051,Bhagawati Gas Limited,bhagawati gas
500052,BHANSALI ENGINEERING POLYMERS LTD.,bhansali engineering polymers
500055,Tata Steel Bsl Ltd,tata steel bsl
500057,ADITYA BIRLA CHEMICALS (INDIA) LTD.,aditya birla chemicals
500058,BIHAR SPONGE IRON LTD.,bihar sponge iron
500059,BINANI INDUSTRIES LTD.,binani
500060,Birla Cable Ltd,birla cable
500067,BLUE STAR LTD.,blue star
500068,DISA INDIA LTD.,disa
500069,Quest Capital Markets Ltd,quest capital markets
500074,BPL LTD.,bpl
500077,Cable Corporation Of India Ltd.,cable corporation of
500078,Oriental Aromatics Ltd,oriental aromatics
500083,CENTURY EXTRUSIONS LTD.,century extrusions
500084,CESC LTD.,cesc
500085,CHAMBAL FERTILISERS & CHEMICALS LTD.,chambal fertilisers chemicals
500086,EXIDE INDUSTRIES LTD.,exide
500087,CIPLA LTD.,cipla
500089,DIC INDIA LTD.,dic
500092,CRISIL LTD.,crisil
500093,CG Power and Industrial Solutions Ltd,cg power and industrial solutions
500095,Wyeth Ltd.,wyeth
500096,DABUR INDIA LTD.,dabur
500097,Dalmia Bharat Sugar and Industries Ltd,dalmia bharat sugar and
500101,ARVIND LTD.,arvind
500102,BALLARPUR INDUSTRIES LTD.,ballarpur
500103,BHARAT HEAVY ELECTRICALS LTD.,bharat heavy electricals
500104,HINDUSTAN PETROLEUM CORPORATION LTD.,hindustan petroleum corporation
500106,IFCI LTD.,ifci
500108,MAHANAGAR TELEPHONE NIGAM LTD.,mahanagar telephone nigam
500109,MANGALORE REFINERY & PETROCHEMICALS LTD.,mangalore refinery petrochemicals
500110,CHENNAI PETROLEUM CORPORATION LTD.,chennai petroleum corporation
500111,RELIANCE CAPITAL LTD.,reliance capital
500112,STATE BANK OF INDIA,state bank of
500113,STEEL AUTHORITY OF INDIA LTD.,steel authority of
500114,Titan Company Limited,titan
500116,IDBI BANK LTD.,idbi bank
500117,DCW LTD.,dcw
500119,DHAMPUR SUGAR MILLS LTD.,dhampur sugar mills
500120,DIAMINES & CHEMICALS LTD.,diamines chemicals
500123,ELANTAS BECK INDIA LTD.,elantas beck
500124,DR.REDDY'S LABORATORIES LTD.,dr reddy s laboratories
500125,E.I.D.-PARRY (INDIA) LTD.,e i d parry
500126,Procter & Gamble Health Ltd,procter gamble health
500128,ELECTROSTEEL CASTINGS LTD.,electrosteel castings
500132,EMPEE SUGARS & CHEMICALS LTD.,empee sugars chemicals
500133,ESAB INDIA LTD.,esab
500134,ESSAR OIL LTD.,essar oil
500135,EPL Ltd,epl
500136,ESTER INDUSTRIES LTD.,ester
500139,Fedders Electric and Engineering Ltd,fedders electric and engineering
500141,FERRO ALLOYS CORPORATION LTD.,ferro alloys corporation
500142,FGP LTD.,fgp
500143,PH CAPITAL LTD.,ph capital
500144,FINOLEX CABLES LTD.,finolex cables
500145,First Leasing Co.of India Ltd.,first leasing co of
500147,John Cockerill India Ltd,john cockerill
500148,UFLEX LTD.,uflex
500150,FOSECO INDIA LTD.,foseco
500151,GOLDEN TOBACCO LTD.,golden tobacco
500153,GANESH BENZOPLAST LTD.,ganesh benzoplast
500155,GARDEN SILK MILLS LTD.,garden silk mills
500159,Metroglobal Limited,metroglobal
500160,GTL LTD.,gtl
500162,PARRYS SUGAR INDUSTRIES LTD.,parrys sugar
500163,GODFREY PHILLIPS INDIA LTD.,godfrey phillips
500164,GODREJ INDUSTRIES LTD.,godrej
500165,KANSAI NEROLAC PAINTS LTD.,kansai nerolac paints
500166,GOODRICKE GROUP LTD.,goodricke group
500168,GOODYEAR INDIA LTD.,goodyear
500170,GTN INDUSTRIES LTD.,gtn
500171,GHCL LTD.,ghcl
500173,GFL Ltd,gfl
500174,GUJARAT LEASE FINANCING LTD.,gujarat lease financing
500179,HCL INFOSYSTEMS LTD.,hcl infosystems
500180,HDFC Bank Ltd,hdfc bank
500182,HERO MOTOCORP LTD.,hero motocorp
500183,HFCL Ltd,hfcl
500184,Himadri Speciality Chemical Ltd,himadri speciality chemical
500185,HINDUSTAN CONSTRUCTION CO.LTD.,hindustan construction co
500186,HINDUSTAN OIL EXPLORATION CO.LTD.,hindustan oil exploration co
500187,Agi Greenpac Ltd,agi greenpac
500188,HINDUSTAN ZINC LTD.,hindustan zinc
500189,NDL Ventures Ltd,ndl ventures
500191,HMT LTD.,hmt
500192,PRAG BOSIMI SYNTHETICS LTD.,prag bosimi synthetics
500193,HLV Ltd,hlv
500199,I G PETROCHEMICALS LTD.,i g petrochemicals
500201,INDIA GLYCOLS LTD.,india glycols
500202,INDIA LEASE DEVELOPMENT LTD.,india lease development
500206,Margo Finance Limited,margo finance
500207,INDO RAMA SYNTHETICS (INDIA) LTD.,indo rama synthetics
500209,INFOSYS LTD.,infosys
500210,INGERSOLL-RAND (INDIA) LTD.,ingersoll rand
500211,INSILCO LTD.,insilco
500212,INTEGRATED FINANCIAL SERVICES LTD.,integrated financial services
500213,INTERNATIONAL TRAVEL HOUSE LTD.,international travel house
500214,ION EXCHANGE (INDIA) LTD.,ion exchange
500215,AGRO TECH FOODS LTD.,agro tech foods
500219,JAIN IRRIGATION SYSTEMS LTD.,jain irrigation systems
500220,JASCH INDUSTRIES LTD.,jasch
500222,JCT ELECTRONICS LTD.,jct electronics
500223,JCT LTD.,jct
500227,JINDAL POLY FILMS LTD.,jindal poly films
500228,JSW STEEL LTD.,jsw steel
500231,UMANG DAIRIES LTD.,umang dairies
500233,KAJARIA CERAMICS LTD.,kajaria ceramics
500234,KAKATIYA CEMENT SUGAR & INDUSTRIES LTD.,kakatiya cement sugar
500235,KALYANI STEELS LTD.,kalyani steels
500236,Kanel Industries Limited,kanel
500238,WHIRLPOOL OF INDIA LTD.,whirlpool of
500239,KG DENIM LTD.,kg denim
500240,KINETIC ENGINEERING LTD.,kinetic engineering
500241,KIRLOSKAR BROTHERS LTD.,kirloskar brothers
500243,Kirloskar Industries Ltd,kirloskar
500245,KIRLOSKAR FERROUS INDUSTRIES LTD.,kirloskar ferrous
500246,ENVAIR ELECTRODYNE LTD.,envair electrodyne
500247,KOTAK MAHINDRA BANK LTD.,kotak mahindra bank
500248,Krishna Filament Industries Ltd,krishna filament
500249,KSB Ltd,ksb
500250,L.G.BALAKRISHNAN & BROS.LTD.,l g balakrishnan bros
500251,TRENT LTD.,trent
500252,LAKSHMI MACHINE WORKS LTD.,lakshmi machine works
500253,LIC HOUSING FINANCE LTD.,lic housing finance
500254,UTTAM VALUE STEELS LTD.,uttam value steels
500255,LML LTD.,lml
500256,LOK HOUSING & CONSTRUCTIONS LTD.,lok housing constructions
500257,LUPIN LTD.,lupin
500259,LYKA LABS LTD.,lyka labs
500260,The Ramco Cements Limited,the ramco cements
500264,MAFATLAL INDUSTRIES LTD.,mafatlal
500265,MAHARASHTRA SEAMLESS LTD.,maharashtra seamless
500266,MAHARASHTRA SCOOTERS LTD.,maharashtra scooters
500267,MAJESTIC AUTO LTD.,majestic auto
500268,MANALI PETROCHEMICAL LTD.,manali petrochemical
500271,Max Financial Services Ltd,max financial services
500274,MESCO PHARMACEUTICALS LTD.,mesco pharmaceuticals
500277,MID INDIA INDUSTRIES LTD.,mid india
500279,MIRC ELECTRONICS LTD.,mirc electronics
500280,CENTURY ENKA LTD.,century enka
500284,LORDS CHLORO ALKALI LTD.,lords chloro alkali
500285,SPICEJET LTD.,spicejet
500288,MOREPEN LABORATORIES LTD.,morepen laboratories
500290,MRF LTD.,mrf
500292,HEIDELBERGCEMENT INDIA LTD.,heidelbergcement
500294,NCC Limited,ncc
500295,Vedanta Limited,vedanta
500296,NAHAR SPINNING MILLS LTD.,nahar spinning mills
500298,NATIONAL PEROXIDE LTD.,national peroxide
500300,GRASIM INDUSTRIES LTD.,grasim
500301,NEPC INDIA LTD.,nepc
500302,PIRAMAL ENTERPRISES LTD.,piramal enterprises
500303,ADITYA BIRLA NUVO LTD.,aditya birla nuvo
500304,NIIT LTD.,niit
500306,JAYKAY ENTERPRISES LTD.,jaykay enterprises
500307,NIRLON LTD.,nirlon
500310,Novopan Industries Ltd.,novopan
500312,Oil and Natural Gas Corporation Ltd,oil and natural gas corporation
500313,OIL COUNTRY TUBULAR LTD.,oil country tubular
500314,ORIENTAL HOTELS LTD.,oriental hotels
500315,ORIENTAL BANK OF COMMERCE,oriental bank of commerce
500317,OSWAL AGRO MILLS LTD.,oswal agro mills
500318,Oswal Spinning & Weaving Mills Ltd.,oswal spinning weaving mills
500319,INDIAN SUCROSE LTD.,indian sucrose
500322,PANYAM CEMENTS & MINERAL INDUSTRIES LTD.,panyam cements mineral
500325,RELIANCE INDUSTRIES LTD.,reliance
500327,Pil Italica Lifestyle Ltd,pil italica lifestyle
500329,PENTAMEDIA GRAPHICS LTD.,pentamedia graphics
500330,RAYMOND LTD.,raymond
500331,PIDILITE INDUSTRIES LTD.,pidilite
500333,PIX TRANSMISSIONS LTD.,pix transmissions
500335,BIRLA CORPORATION LTD.,birla corporation
500336,SURYA ROSHNI LTD.,surya roshni
500337,PRIME SECURITIES LTD.,prime securities
500338,Prism Johnson Ltd,prism johnson
500339,Rain Industries Ltd,rain
500343,AMJ Land Holdings Ltd,amj land holdings
500346,PUNJAB COMMUNICATIONS LTD.,punjab communications
500350,RSWM LTD.,rswm
500354,RAJSHREE SUGARS & CHEMICALS LTD.,rajshree sugars chemicals
500355,RALLIS INDIA LTD.,rallis
500356,SHREE RAMA NEWSPRINT LTD.,shree rama newsprint
500357,RAMA PAPER MILLS LTD.,rama paper mills
500358,RAMA PETROCHEMICALS LTD.,rama petrochemicals
500359,Ranbaxy Laboratories Ltd.,ranbaxy laboratories
500360,RAPICUT CARBIDES LTD.,rapicut carbides
500365,Welspun Specialty Solutions Ltd,welspun specialty solutions
500366,ROLTA INDIA LTD.,rolta
500367,RUBFILA INTERNATIONAL LTD.,rubfila international
500368,Patanjali Foods Ltd,patanjali foods
500370,SALORA INTERNATIONAL LTD.,salora international
500371,SAMTEL INDIA LTD.,samtel
500372,SAMTEL COLOR LTD.,samtel color
500378,JINDAL SAW LTD.,jindal saw
500380,JK LAKSHMI CEMENT LTD.,jk lakshmi cement
500387,SHREE CEMENT LTD.,shree cement
500388,SHREE KRISHNA PAPER MILLS & INDUSTRIES LTD.,shree krishna paper mills
500390,RELIANCE INFRASTRUCTURE LTD.,reliance infrastructure
500394,SOLID CARBIDE TOOLS LTD.,solid carbide tools
500399,STEELCO GUJARAT LTD.,steelco gujarat
500400,TATA POWER CO.LTD.,tata power co
500402,SPML Infra Limited,spml infra
500403,SUNDRAM FASTENERS LTD.,sundram fasteners
500404,SUNFLAG IRON & STEEL CO.LTD.,sunflag iron steel co
500405,SUPREME PETROCHEM LTD.,supreme petrochem
500407,SWARAJ ENGINES LTD.,swaraj engines
500408,TATA ELXSI LTD.,tata elxsi
500410,ACC LTD.,acc
500411,THERMAX LTD.,thermax
500412,THIRUMALAI CHEMICALS LTD.,thirumalai chemicals
500413,THOMAS COOK (INDIA) LTD.,thomas cook
500414,TIMEX GROUP INDIA LTD.,timex group
500418,TOKYO PLAST INTERNATIONAL LTD.,tokyo plast international
500420,TORRENT PHARMACEUTICALS LTD.,torrent pharmaceuticals
500422,TRANSCHEM LTD.,transchem
500425,AMBUJA CEMENTS LTD.,ambuja cements
500426,UTL Industries Limited,utl
500429,UNIPHOS ENTERPRISES LTD.,uniphos enterprises
500439,VARDHMAN HOLDINGS LTD.,vardhman holdings
500440,HINDALCO INDUSTRIES LTD.,hindalco
500444,WEST COAST PAPER MILLS LTD.,west coast paper mills
500449,HINDUSTAN ORGANIC CHEMICALS LTD.,hindustan organic chemicals
500450,MPIL CORPORATION LTD.,mpil corporation
500456,PASUPATI ACRYLON LTD.,pasupati acrylon
500458,Kore Foods Ltd,kore foods
500459,PROCTER & GAMBLE HYGIENE & HEALTH CARE LTD.,procter gamble hygiene health care
500460,MUKAND LTD.,mukand
500463,Black Box Ltd,black box
500464,Ucal  Ltd,ucal
500465,Varun Shipping Co.ltd.,varun shipping co
500467,HARRISONS MALAYALAM LTD.,harrisons malayalam
500469,FEDERAL BANK LTD.,federal bank
500470,TATA STEEL LTD.,tata steel
500472,SKF India Ltd,skf
500477,ASHOK LEYLAND LTD.,ashok leyland
500480,CUMMINS INDIA LTD.,cummins
500483,TATA COMMUNICATIONS LTD.,tata communications
500488,ABBOTT INDIA LTD.,abbott
500490,BAJAJ HOLDINGS & INVESTMENT LTD.,bajaj holdings investment
500493,BHARAT FORGE LTD.,bharat forge
500495,Escorts Kubota Ltd,escorts kubota
500500,HINDUSTAN MOTORS LTD.,hindustan motors
500510,LARSEN & TOUBRO LTD.,larsen toubro
500520,MAHINDRA & MAHINDRA LTD.,mahindra mahindra
500530,BOSCH LTD.,bosch
500540,PREMIER LTD.,premier
500547,BHARAT PETROLEUM CORPORATION LTD.,bharat petroleum corporation
500550,SIEMENS LTD.,siemens
500570,TATA MOTORS LTD.,tata motors
500575,VOLTAS LTD.,voltas
500620,GREAT EASTERN SHIPPING CO.LTD.,great eastern shipping co
500630,ESSAR PORTS LTD.,essar ports
500645,DEEPAK FERTILISERS & PETROCHEMICALS CORPORATION LTD.,deepak fertilisers petrochemicals corporation
500650,EXCEL INDUSTRIES LTD.,excel
500655,Garware Hi-Tech Films Ltd,garware hi tech films
500660,GLAXOSMITHKLINE PHARMACEUTICALS LTD.,glaxosmithkline pharmaceuticals
500670,GUJARAT NARMADA VALLEY FERTILIZERS & CHEMICALS LTD.,gujarat narmada valley fertilizers chemicals
500672,NOVARTIS INDIA LTD.,novartis
500674,Sanofi India Ltd,sanofi
500676,GLAXOSMITHKLINE CONSUMER HEALTHCARE LTD.,glaxosmithkline consumer healthcare
500680,PFIZER LTD.,pfizer
500690,GUJARAT STATE FERTILIZERS & CHEMICALS LTD.,gujarat state fertilizers chemicals
500696,HINDUSTAN UNILEVER LTD.,hindustan unilever
500710,Akzo Nobel India Limited,akzo nobel
500730,NOCIL LTD.,nocil
500770,TATA CHEMICALS LTD.,tata chemicals
500777,TAMILNADU PETROPRODUCTS LTD.,tamilnadu petroproducts
500780,Zuari Industries Ltd,zuari
500790,NESTLE INDIA LTD.,nestle
500800,Tata Consumer Products Ltd,tata consumer products
500820,ASIAN PAINTS LTD.,asian paints
500825,BRITANNIA INDUSTRIES LTD.,britannia
500830,COLGATE-PALMOLIVE (INDIA) LTD.,colgate palmolive
500840,EIH LTD.,eih
500850,INDIAN HOTELS CO.LTD.,indian hotels co
500870,CASTROL INDIA LTD.,castrol
500875,ITC LTD.,itc
500877,APOLLO TYRES LTD.,apollo tyres
500878,CEAT LTD.,ceat
500890,MODI RUBBER LTD.,modi rubber
500940,FINOLEX INDUSTRIES LTD.,finolex
500945,VALUE INDUSTRIES LTD.,value
501061,STATE BANK OF BIKANER & JAIPUR,state bank of bikaner jaipur
501110,SUNRISE INDUSTRIAL TRADERS LTD.,sunrise industrial traders
501111,GOLD ROCK INVESTMENTS LTD.,gold rock investments
501144,PEOPLES INVESTMENTS LTD.,peoples investments
501148,DALAL STREET INVESTMENTS LTD.,dalal street investments
501150,CENTRUM CAPITAL LTD.,centrum capital
501151,KARTIK INVESTMENTS TRUST LTD.,kartik investments trust
501154,ROSE INVESTMENTS LTD.,rose investments
501178,SURYODAYA INVESTMENT & TRADING COMPANY LTD.,suryodaya investment trading
501179,OSCAR INVESTMENTS LTD.,oscar investments
501209,Maestros Mediline Systems Ltd.,maestros mediline systems
501233,Bhagyodaya Infrastructure Development Ltd,bhagyodaya infrastructure development
501242,TCI FINANCE LTD.,tci finance
501261,KRATOS ENERGY & INFRASTRUCTURE LTD.,kratos energy infrastructure
501267,Shree Rani Sati Investment & Finance Ltd.,shree rani sati investment finance
501270,Antariksh Industries Ltd,antariksh
501295,INDUSTRIAL INVESTMENT TRUST LTD.,industrial investment trust
501298,INDUSTRIAL & PRUDENTIAL INVESTMENTS CO.LTD.,industrial prudential investments co
501301,TATA INVESTMENT CORPORATION LTD.,tata investment corporation
501311,JAYABHARAT CREDIT LTD.,jayabharat credit
501314,Gromo Trade & Consultancy Ltd,gromo trade consultancy
501343,MOTOR & GENERAL FINANCE LTD.,motor general finance
501351,RAPID INVESTMENTS LTD.,rapid investments
501368,Gujarat Organics Ltd.,gujarat organics
501370,WALCHAND PEOPLEFIRST LTD.,walchand peoplefirst
501386,SWASTIK SAFE DEPOSIT & INVESTMENTS LTD.,swastik safe deposit investments
501391,W.H.BRADY & CO.LTD.,w h brady co
501421,TECHNVISION VENTURES LTD.,technvision ventures
501423,SHAILY ENGINEERING PLASTICS LTD.,shaily engineering plastics
501425,BOMBAY BURMAH TRADING CORP.LTD.,bombay burmah trading corp
501430,BOMBAY CYCLE & MOTOR AGENCY LTD.,bombay cycle motor agency
501455,GREAVES COTTON LTD.,greaves cotton
501471,MACK TRADING CO.LTD.,mack trading co
501473,MALABAR TRADING CO.LTD,malabar trading co
501477,MULLER & PHIPPS (INDIA) LTD.,muller phipps
501479,New Sagar Trading Co.ltd.,new sagar trading co
501482,Parekh Distributors Ltd.,parekh distributors
501622,Amalgamated Electricity Co.ltd.,amalgamated electricity co
501630,Anand Projects Ltd,anand projects
501700,INDIANIVESH LTD.,indianivesh
501756,Thana Electric Supply Co.ltd.,thana electric supply co
501827,Central Provinces Railways Co.ltd.,central provinces railways co
501831,COASTAL CORPORATION LTD.,coastal corporation
501833,CHOWGULE STEAMSHIPS LTD.,chowgule steamships
501848,GLOBAL OFFSHORE SERVICES LTD.,global offshore services
501945,DHENU BUILDCON INFRA LTD.,dhenu buildcon infra
502015,ASI Industries Ltd,asi
502090,SAGAR CEMENTS LTD.,sagar cements
502137,DECCAN CEMENTS LTD.,deccan cements
502150,KALYANPUR CEMENTS LTD.,kalyanpur cements
502157,MANGALAM CEMENT LTD.,mangalam cement
502165,OCL INDIA LTD.,ocl
502168,NCL INDUSTRIES LTD.,ncl
502175,SAURASHTRA CEMENT LTD.,saurashtra cement
502180,SHREE DIGVIJAY CEMENT CO.LTD.,shree digvijay cement co
502216,BOMBAY POTTERIES & TILES LTD.,bombay potteries tiles
502219,Borosil Renewables Ltd,borosil renewables
502223,Excel Glasses Ltd.,excel glasses
502250,Lerthai Finance Ltd,lerthai finance
502271,RAASI REFRACTORIES LTD.,raasi refractories
502281,TRIVENI GLASS LTD.,triveni glass
502294,Nilachal Refractories Ltd.,nilachal refractories
502330,Andhra Paper Ltd,andhra paper
502352,AURANGABAD PAPER MILLS LTD.,aurangabad paper mills
502355,BALKRISHNA INDUSTRIES LTD.,balkrishna
502405,MYSORE PAPER MILLS LTD.,mysore paper mills
502407,NATH PULP & PAPER MILLS LTD.,nath pulp paper mills
502420,ORIENT PAPER & INDUSTRIES LTD.,orient paper
502445,CITADEL REALTY AND DEVELOPERS LTD.,citadel realty and developers
502448,ROLLATAINERS LTD.,rollatainers
502450,SESHASAYEE PAPER & BOARDS LTD.,seshasayee paper boards
502455,Sirpur Paper Mills Ltd.,sirpur paper mills
502460,SOLID CONTAINERS LTD.,solid containers
502465,SPECIALITY PAPERS LTD.,speciality papers
502473,RELSON INDIA LTD.,relson
502563,SHREE BHAWANI PAPER MILLS LTD.,shree bhawani paper mills
502587,Nath Industries Ltd,nath
502589,VAPI PAPER MILLS LTD.,vapi paper mills
502742,SINTEX INDUSTRIES LTD.,sintex
502761,Blue Blends (India) Ltd,blue blends
502820,DCM LTD.,dcm
502850,GAEKWAR MILLS LTD.,gaekwar mills
502865,FORBES & COMPANY LTD.,forbes
502873,H.P.COTTON TEXTILE MILLS LTD.,h p cotton textile mills
502893,United Interactive Ltd.,united interactive
502901,Jamshri Realty Ltd,jamshri realty
502933,KATARE SPINNING MILLS LTD.,katare spinning mills
502937,KESORAM INDUSTRIES LTD.,kesoram
502958,LAKSHMI MILLS COMPANY LTD.,lakshmi mills
502986,VARDHMAN TEXTILES LTD.,vardhman textiles
502995,MALWA COTTON SPINNING MILLS LTD.,malwa cotton spinning mills
503015,MODERN INDIA LTD.,modern
503031,PENINSULA LAND LTD.,peninsula land
503092,PASUPATI SPG.& WVG.MILLS LTD.,pasupati spg wvg mills
503100,The Phoenix Mills Ltd,the phoenix mills
503101,MARATHON NEXTGEN REALTY LTD.,marathon nextgen realty
503127,RAJA BAHADUR INTERNATIONAL LTD.,raja bahadur international
503162,RELIANCE CHEMOTEX INDUSTRIES LTD.,reliance chemotex
503169,RUBY MILLS LTD.,ruby mills
503205,SHREE RAM URBAN INFRASTRUCTURE LTD.,shree ram urban infrastructure
503229,SIMPLEX REALTY LTD.,simplex realty
503310,SWAN ENERGY LTD.,swan energy
503349,VICTORIA MILLS LTD.,victoria mills
503622,S.V.TRADING & AGENCIES LTD.,s v trading agencies
503624,SVARAJ TRADING & AGENCIES LTD.,svaraj trading agencies
503626,Kshitiz Investment Ltd.,kshitiz investment
503630,Shell Infotech Ltd.,shell infotech
503635,SHREE SALASAR INVESTMENT LTD.,shree salasar investment
503637,DHANLEELA INVESTMENTS & TRADING COMPANY LTD.,dhanleela investments trading
503639,INDSOYA LTD.,indsoya
503641,Zodiac Ventures Limited,zodiac ventures
503657,VEER ENERGY & INFRASTRUCTURE LTD.,veer energy infrastructure
503659,Sw Investments Ltd,sw investments
503663,Tilak Ventures Ltd,tilak ventures
503669,K K Fincorp Limited,k k fincorp
503671,UNIJOLLY INVESTMENTS CO.LTD.,unijolly investments co
503675,Wagend Infra Venture Limited,wagend infra venture
503681,ELCID INVESTMENTS LTD.,elcid investments
503685,MEDIAONE GLOBAL ENTERTAINMENT LTD.,mediaone global entertainment
503689,HEALTHY INVESTMENTS LTD.,healthy investments
503691,SAHARA ONE MEDIA & ENTERTAINMENT LTD.,sahara one media entertainment
503696,SHREENATH INVESTMENTS CO.LTD.,shreenath investments co
503699,Geodesic Ltd.,geodesic
503722,BANSWARA SYNTEX LTD.,banswara syntex
503772,MODELLA WOOLLENS LTD.,modella woollens
503776,MODIPON LTD.,modipon
503780,Nrc Ltd.,nrc
503796,DIGJAM LTD.,digjam
503804,SHRI DINESH MILLS LTD.,shri dinesh mills
503806,SRF LTD.,srf
503811,SIYARAM SILK MILLS LTD.,siyaram silk mills
503816,SWADESHI POLYTEX LTD.,swadeshi polytex
503823,BIRLA TRANSASIA CARPETS LTD.,birla transasia carpets
503831,FOMENTO RESORTS & HOTELS LTD.,fomento resorts hotels
503837,SHREE RAJASTHAN SYNTEX LTD.,shree rajasthan syntex
503863,SHREE MANUFACTURING CO.LTD.,shree manufacturing co
503873,Priyadarshini Spinning Mills Ltd.,priyadarshini spinning mills
503881,HIND SYNTEX LTD.,hind syntex
503893,SATYAM SILK MILLS LTD.,satyam silk mills
503940,Asian Electronics Ltd.,asian electronics
503960,BHARAT BIJLEE LTD.,bharat bijlee
503978,DIGITAL ELECTRONICS LTD.,digital electronics
504000,ELPRO INTERNATIONAL LTD.,elpro international
504008,EMCO LTD.,emco
504028,GEE LTD.,gee
504036,HIND RECTIFIERS LTD.,hind rectifiers
504058,INDO-NATIONAL LTD.,indo national
504067,ZENSAR TECHNOLOGIES LTD.,zensar technologies
504076,JYOTI LTD.,jyoti
504080,JSL INDUSTRIES LTD.,jsl
504084,KAYCEE INDUSTRIES LTD.,kaycee
504092,INDOKEM LTD.,indokem
504093,PANASONIC ENERGY INDIA COMPANY LTD.,panasonic energy india
504112,NELCO LTD.,nelco
504132,PERMANENT MAGNETS LTD.,permanent magnets
504176,HIGH ENERGY BATTERIES (INDIA) LTD.,high energy batteries
504180,STANDARD BATTERIES LTD.,standard batteries
504212,UNIVERSAL CABLES LTD.,universal cables
504220,W.S.INDUSTRIES (INDIA) LTD.,w s industries
504240,DELTON CABLES LTD.,delton cables
504256,DELTRON LTD.,deltron
504258,LAKSHMI ELECTRICAL CONTROL SYSTEMS LTD.,lakshmi electrical control systems
504269,KHAITAN ELECTRICALS LTD.,khaitan electricals
504273,Modulex Construction Technologies Ltd,modulex construction technologies
504286,Delta Manufacturing Ltd,delta manufacturing
504288,Polar Industries Ltd.,polar
504335,Rutron International Ltd.,rutron international
504336,Indtradeco Ltd.,indtradeco
504340,Confidence Finance And Trading Limited,confidence finance and trading
504341,Ravindra Energy Ltd,ravindra energy
504345,Sam Leaseco Ltd.,sam leaseco
504346,G.d.trading & Agencies Ltd.,g d trading agencies
504351,EMPOWER INDIA LTD.,empower
504353,Titan Trading & Agencies Ltd.,titan trading agencies
504356,MULTIPURPOSE TRADING & AGENCIES LTD.,multipurpose trading agencies
504358,Turbotech Engineering Ltd.,turbotech engineering
504360,REMI SALES & ENGINEERING LTD.,remi sales engineering
504365,RIDHI SYNTHETICS LTD.,ridhi synthetics
504367,Champion Finsec Ltd.,champion finsec
504369,GRANDMA TRADING & AGENCIES LTD.,grandma trading agencies
504370,ARDI INVESTMENT & TRADING LTD.,ardi investment trading
504375,SOFTBPO GLOBAL SERVICES LTD.,softbpo global services
504378,Nyssa Corporation Limited,nyssa corporation
504380,Flomic Global Logistics Ltd,flomic global logistics
504382,Simplex Trading & Agencies Ltd.,simplex trading agencies
504387,ELF TRADING & CHEMICALS MANUFACTURING LTD.,elf trading chemicals manufacturing
504390,AVTIL Enterprise Ltd,avtil enterprise
504392,Krishna Ventures Limited,krishna ventures
504397,GANESH HOLDINGS LTD.,ganesh holdings
504398,SJ CORPORATION LTD.,sj corporation
504605,UNI ABEX ALLOY PRODUCTS LTD.,uni abex alloy products
504614,SARDA ENERGY & MINERALS LTD.,sarda energy minerals
504629,ANIL SPECIAL STEEL INDUSTRIES LTD.,anil special steel
504643,BWL LTD.,bwl
504646,BHAGWATI AUTOCAST LTD.,bhagwati autocast
504648,BOMBAY WIRE ROPES LTD.,bombay wire ropes
504671,CHASE BRIGHT STEEL LTD.,chase bright steel
504673,UNIVERSAL PRIME ALUMINIUM LTD.,universal prime aluminium
504697,GALADA POWER & TELECOMMUNICATION LTD.,galada power telecommunication
504701,GONTERMANN-PEIPERS (INDIA) LTD.,gontermann peipers
504713,HINDUSTAN WIRES LTD.,hindustan wires
504717,STEEL STRIPS LTD.,steel strips
504731,INDIAN BRIGHT STEEL CO.LTD.,indian bright steel co
504741,INDIAN HUME PIPE CO.LTD.,indian hume pipe co
504746,INDIAN LINK CHAIN MANUFACTURES LTD.,indian link chain manufactures
504786,INVESTMENT & PRECISION CASTINGS LTD.,investment precision castings
504810,INFORMED TECHNOLOGIES INDIA LTD.,informed technologies
504823,Mahindra Ugine Steel Co.ltd.,mahindra ugine steel co
504840,KAIRA CAN CO.LTD.,kaira can co
504864,ORISSA SPONGE IRON & STEEL LTD.,orissa sponge iron steel
504879,Orient Ceratech Ltd,orient ceratech
504882,NATIONAL STANDARD (INDIA) LTD.,national standard
504903,RATHI STEEL & POWER LTD.,rathi steel power
504908,Duncan Engineering Ltd,duncan engineering
504918,SANDUR MANGANESE & IRON ORES LTD.,sandur manganese iron ores
504959,STOVEC INDUSTRIES LTD.,stovec
504960,STEWARTS & LLOYDS OF INDIA LTD.,stewarts lloyds of
504961,TAYO ROLLS LTD.,tayo rolls
504966,TINPLATE COMPANY OF INDIA LTD.,tinplate company of
504973,Cholamandalam Financial Holdings Ltd,cholamandalam financial holdings
504988,WELCAST STEELS LTD.,welcast steels
504991,VIDARBHA IRON & STEEL CORPORATION LTD.,vidarbha iron steel corporation
504998,WESTERN MINISTIL LTD.,western ministil
505010,AUTOMOTIVE AXLES LTD.,automotive axles
505029,ATLAS CYCLES (HARYANA) LTD.,atlas cycles haryana
505036,AUTOMOBILE CORPORATION OF GOA LTD.,automobile corporation of goa
505052,Clutch Auto Ltd.,clutch auto
505075,SETCO AUTOMOTIVE LTD.,setco automotive
505141,SCOOTERS INDIA LTD.,scooters
505160,TALBROS AUTOMOTIVE COMPONENTS LTD.,talbros automotive components
505163,Z.F.STEERING GEAR (INDIA) LTD.,z f steering gear
505192,SML ISUZU LIMITED,sml isuzu
505196,TIL LTD.,til
505200,EICHER MOTORS LTD.,eicher motors
505212,JAINEX AAMCOL LTD.,jainex aamcol
505216,ALFRED HERBERT (INDIA) LTD.,alfred herbert
505230,CIMMCO LTD.,cimmco
505232,Veljan Denison Limited,veljan denison
505242,DYNAMATIC TECHNOLOGIES LTD.,dynamatic technologies
505250,G.G.DANDEKAR MACHINE WORKS LTD.,g g dandekar machine works
505255,GMM PFAUDLER LTD.,gmm pfaudler
505283,KIRLOSKAR PNEUMATIC CO.LTD.,kirloskar pneumatic co
505285,Tulive Developers Limited,tulive developers
505299,KPT Industries Ltd,kpt
505302,LAKSHMI AUTOMATIC LOOM WORKS LTD.,lakshmi automatic loom works
505320,LYNX MACHINERY & COMMERCIALS LTD.,lynx machinery commercials
505324,MANUGRAPH INDIA LTD.,manugraph
505336,Mirch Technologies (India) Ltd,mirch technologies
505343,MONOTYPE INDIA LTD.,monotype
505355,NESCO LTD.,nesco
505358,INTEGRA ENGINEERING INDIA LTD.,integra engineering
505368,REVATHI EQUIPMENT LTD.,revathi equipment
505400,TEXMACO INFRASTRUCTURE & HOLDINGS LTD.,texmaco infrastructure holdings
505412,WENDT (INDIA) LTD.,wendt
505502,PS IT Infrastructure & Services Limited,ps it infrastructure services
505504,SINDU VALLEY TECHNOLOGIES LTD.,sindu valley technologies
505506,Axon Ventures Ltd,axon ventures
505509,RESPONSIVE INDUSTRIES LTD.,responsive
505513,Shree Shaleen Textiles Limited,shree shaleen textiles
505515,SHYAMKAMAL INVESTMENTS LTD.,shyamkamal investments
505520,HEM HOLDINGS & TRADING LTD.,hem holdings trading
505523,MAHARASHTRA CORPORATION LTD.,maharashtra corporation
505525,Parichay Investments Ltd.,parichay investments
505526,Dolat Algotech Ltd,dolat algotech
505529,SHYAMAL HOLDINGS & TRADING LTD.,shyamal holdings trading
505530,PRISM INFORMATICS LTD.,prism informatics
505533,Westlife Foodworld Ltd,westlife foodworld
505537,ZEE ENTERTAINMENT ENTERPRISES LTD.,zee entertainment enterprises
505539,IMC FINANCE LTD.,imc finance
505576,Goldcrest Corporation Limited,goldcrest corporation
505583,W W Technology Holdings Ltd.,w w technology holdings
505585,KOVALAM INVESTMENT & TRADING CO.LTD.,kovalam investment trading co
505590,SVP Global Textiles Ltd,svp global textiles
505592,Shreekrishna Biotech Ltd.,shreekrishna biotech
505594,MULTIPLUS HOLDINGS LTD.,multiplus holdings
505650,SKYLINE MILLARS LTD.,skyline millars
505658,REMI PROCESS PLANT & MACHINERY LTD.,remi process plant machinery
505665,ABC BEARINGS LTD.,abc bearings
505681,BIMETAL BEARINGS LTD.,bimetal bearings
505685,TAPARIA TOOLS LTD.,taparia tools
505688,BHARAT GEARS LTD.,bharat gears
505690,BRADY & MORRIS ENGINEERING CO.LTD.,brady morris engineering co
505693,La Tim Metal & Industries Ltd,la tim metal
505700,ELECON ENGINEERING CO.LTD.,elecon engineering co
505703,DECCAN BEARINGS LTD.,deccan bearings
505710,GRAUER & WEIL (INDIA) LTD.,grauer weil
505711,GAJRA BEVEL GEARS LTD.,gajra bevel gears
505712,Him Teknoforge Ltd,him teknoforge
505714,GABRIEL INDIA LTD.,gabriel
505720,HERCULES HOISTS LTD.,hercules hoists
505725,Algoquant Fintech Ltd,algoquant fintech
505726,IFB INDUSTRIES LTD.,ifb
505729,SINGER INDIA LTD.,singer
505737,INTERNATIONAL COMBUSTION (INDIA) LTD.,international combustion
505744,FEDERAL-MOGUL GOETZE (INDIA) LTD.,federal mogul goetze
505750,JOST'S ENGINEERING CO.LTD.,jost s engineering co
505790,Schaeffler India Ltd,schaeffler
505797,MIPCO SEAMLESS RINGS (GUJARAT) LTD.,mipco seamless rings gujarat
505800,RANE HOLDINGS LTD.,rane holdings
505807,ROLCON ENGINEERING CO.LTD.,rolcon engineering co
505817,REIL ELECTRICALS INDIA LTD.,reil electricals
505827,SNL BEARINGS LTD.,snl bearings
505840,JAIPAN INDUSTRIES LTD.,jaipan
505850,MANGAL CREDIT AND FINCORP LTD.,mangal credit and fincorp
505854,TRF LTD.,trf
505872,WPIL LTD.,wpil
505890,KENNAMETAL INDIA LTD.,kennametal
505893,Hindustan Hardy Ltd,hindustan hardy
505930,VISHAL MALLEABLES LTD.,vishal malleables
505978,TRITON VALVES LTD.,triton valves
505982,HINDUJA FOUNDRIES LTD.,hinduja foundries
506003,SUDAL INDUSTRIES LTD.,sudal
506016,JRI Industries & Infrastructure Limited,jri industries infrastructure
506022,PRAKASH INDUSTRIES LTD.,prakash
506024,Hariyana Ventures Ltd,hariyana ventures
506027,BHORUKA ALUMINIUM LTD.,bhoruka aluminium
506041,MAHESH AGRICULTURE IMPLEMENTS & STEEL FORGE LTD.,mahesh agriculture implements steel forge
506074,Arshiya Limited,arshiya
506076,GRINDWELL NORTON LTD.,grindwell norton
506079,LAKSHMI PRECISION SCREWS LTD.,lakshmi precision screws
506087,ANUP MALLEABLE LTD.,anup malleable
506103,VICTORIA ENTERPRISES LTD.,victoria enterprises
506105,STANROSE MAFATLAL INVESTMENTS AND FINANCE LTD.,stanrose mafatlal investments and finance
506107,PRECIOUS TRADING & INVESTMENTS LTD.,precious trading investments
506109,GENESYS INTERNATIONAL CORPORATION LTD.,genesys international corporation
506113,Lifeline Drugs & Pharma Ltd.,lifeline drugs pharma
506120,ALNA TRADING & EXPORTS LTD.,alna trading exports
506122,Pankaj Piyush Trade & Investment Ltd,pankaj piyush trade investment
506128,PARNAX LAB LTD.,parnax lab
506131,INDIACO VENTURES LTD.,indiaco ventures
506134,INTELLIVATE CAPITAL VENTURES LTD.,intellivate capital ventures
506142,VYAPAR INDUSTRIES LTD.,vyapar
506146,VISAGAR POLYTEX LTD.,visagar polytex
506159,ASIS LOGISTICS LIMITED,asis logistics
506161,ISHWARSHAKTI HOLDINGS & TRADERS LTD.,ishwarshakti holdings traders
506162,TERRAFORM MAGNUM LTD.,terraform magnum
506166,APIS INDIA LTD.,apis
506170,Hiran Orgochem Ltd.,hiran orgochem
506178,Velox Industries Ltd,velox
506180,Emergent Industrial Solutions Ltd,emergent industrial solutions
506184,KANANI INDUSTRIES LTD.,kanani
506186,Galaxy Cloud Kitchens Ltd,galaxy cloud kitchens
506190,SARVAMANGAL MERCANTILE CO.LTD.,sarvamangal mercantile co
506194,Arihant Superstructures Limited,arihant superstructures
506196,VIKSIT ENGINEERING LTD.,viksit engineering
506197,BLISS GVS PHARMA LTD.,bliss gvs pharma
506222,Styrenix Performance Materials Ltd,styrenix performance materials
506230,Rhodia Specialty Chemicals India Ltd.,rhodia specialty chemicals
506235,ALEMBIC LTD.,alembic
506248,AMINES & PLASTICIZERS LTD.,amines plasticizers
506260,ANUH PHARMA LTD.,anuh pharma
506261,Modison Ltd,modison
506285,BAYER CROPSCIENCE LTD.,bayer cropscience
506313,Sashwat Technocrats Limited,sashwat technocrats
506315,BORAX MORARJI LTD.,borax morarji
506365,CHEMO PHARMA LABORATORIES LTD.,chemo pharma laboratories
506390,Heubach Colorants India Ltd,heubach colorants
506395,COROMANDEL INTERNATIONAL LTD.,coromandel international
506401,DEEPAK NITRITE LTD.,deepak nitrite
506405,DMCC Speciality Chemicals Ltd,dmcc speciality chemicals
506414,Fermenta Biotech Ltd,fermenta biotech
506457,GUJARAT CARBON & INDUSTRIES LTD.,gujarat carbon
506480,GOCL Corporation Ltd,gocl corporation
506520,JAYSHREE CHEMICALS LTD.,jayshree chemicals
506522,J.L.MORISON (INDIA) LTD.,j l morison
506525,KANORIA CHEMICALS & INDUSTRIES LTD.,kanoria chemicals
506528,KELTECH ENERGIES LTD.,keltech energies
506530,KEMP & COMPANY LTD.,kemp
506532,NITTA GELATIN INDIA LTD.,nitta gelatin
506543,M.P.AGRO INDUSTRIES LTD.,m p agro
506579,ORIENTAL CARBON & CHEMICALS LTD.,oriental carbon chemicals
506590,PCBL Ltd,pcbl
506597,AMAL LTD.,amal
506605,POLYCHEM LTD.,polychem
506615,Sunrise Asian Limited,sunrise asian
506618,PUNJAB CHEMICALS AND CROP PROTECTION LTD.,punjab chemicals and crop protection
506640,Gujchem Distillers India Ltd.,gujchem distillers
506642,SADHANA NITROCHEM LTD.,sadhana nitrochem
506655,SUDARSHAN CHEMICAL INDUSTRIES LTD.,sudarshan chemical
506685,ULTRAMARINE & PIGMENTS LTD.,ultramarine pigments
506687,TRANSPEK INDUSTRY LTD.,transpek industry
506690,UNICHEM LABORATORIES LTD.,unichem laboratories
506720,Zandu Realty Limited,zandu realty
506734,MYSORE PETRO CHEMICALS LTD.,mysore petro chemicals
506767,ALKYL AMINES CHEMICALS LTD.,alkyl amines chemicals
506803,Fulford (india) Ltd.,fulford
506808,Tuticorin Alkali Chemicals And Fertilizers Ltd,tuticorin alkali chemicals and fertilizers
506820,ASTRAZENECA PHARMA INDIA LTD.,astrazeneca pharma
506822,Aikyam Intellectual Property Consultancy Limited,aikyam intellectual property consultancy
506852,Primo Chemicals Ltd,primo chemicals
506854,TANFAC INDUSTRIES LTD.,tanfac
506858,GUJARAT PETROSYNTHESE LTD.,gujarat petrosynthese
506863,SWADESHI INDUSTRIES LEASING CO.LTD.,swadeshi industries leasing co
506867,MASTER CHEMICALS LTD.,master chemicals
506874,SHREEJAL INFO HUBS LTD.,shreejal info hubs
506879,GUJARAT THEMIS BIOSYN LTD.,gujarat themis biosyn
506894,CHEMFAB ALKALIS LTD.,chemfab alkalis
506910,JAYSYNTH DYESTUFF (INDIA) LTD.,jaysynth dyestuff
506919,MAKERS LABORATORIES LTD.,makers laboratories
506935,CONTINENTAL CHEMICALS LTD.,continental chemicals
506938,Kappac Pharma Ltd.,kappac pharma
506943,J.B.CHEMICALS & PHARMACEUTICALS LTD.,j b chemicals pharmaceuticals
506945,INDO GULF INDUSTRIES LTD.,indo gulf
506947,ADVANCE PETROCHEMICALS LTD.,advance petrochemicals
506971,B&B Realty Limited,b b realty
506975,RAJASTHAN PETRO SYNTHETICS LTD.,rajasthan petro synthetics
506981,BLUE CHIP TEX INDUSTRIES LTD.,blue chip tex
506985,Twilight Litaka Pharma Ltd.,twilight litaka pharma
506991,NOBLE EXPLOCHEM LTD.,noble explochem
507155,JAGATJIT INDUSTRIES LTD.,jagatjit
507180,KESAR ENTERPRISES LTD.,kesar enterprises
507205,TILAKNAGAR INDUSTRIES LTD.,tilaknagar
507260,OUDH SUGAR MILLS LTD.,oudh sugar mills
507265,Emerald Leisures Ltd,emerald leisures
507300,RAVALGAON SUGAR FARM LTD.,ravalgaon sugar farm
507315,SAKTHI SUGARS LTD.,sakthi sugars
507405,Vishnu Sugar Mills Ltd.,vishnu sugar mills
507410,WALCHANDNAGAR INDUSTRIES LTD.,walchandnagar
507435,KHODAY INDIA LTD.,khoday
507438,IFB AGRO INDUSTRIES LTD.,ifb agro
507442,DHARANI SUGARS & CHEMICALS LTD.,dharani sugars chemicals
507446,SIMBHAOLI SUGARS LTD.,simbhaoli sugars
507450,THIRU AROORAN SUGARS LTD.,thiru arooran sugars
507458,UNITED BREWERIES (HOLDINGS) LTD.,united breweries holdings
507474,KOTHARI FERMENTATION & BIOCHEM LTD.,kothari fermentation biochem
507486,CAPROLACTAM CHEMICALS LTD.,caprolactam chemicals
507488,G.M.BREWERIES LTD.,g m breweries
507490,RANA SUGARS LTD.,rana sugars
507498,PICCADILY SUGAR & ALLIED INDUSTRIES LTD.,piccadily sugar allied
507506,GIRDHARILAL SUGAR & ALLIED INDUSTRIES LTD.,girdharilal sugar allied
507508,RIGA SUGAR COMPANY LTD.,riga sugar
507514,SOM DISTILLERIES & BREWERIES LTD.,som distilleries breweries
507515,C.J.GELATINE PRODUCTS LTD.,c j gelatine products
507522,MOUNT SHIVALIK INDUSTRIES LTD.,mount shivalik
507525,AMRIT CORP.LTD.,amrit corp
507526,ASSOCIATED ALCOHOLS & BREWERIES LTD.,associated alcohols breweries
507528,EASTERN SUGAR & INDUSTRIES LTD.,eastern sugar
507543,COROMANDEL AGRO PRODUCTS & OILS LTD.,coromandel agro products oils
507552,FOODS & INNS LTD.,foods inns
507580,IVP LTD.,ivp
507598,Kovilpatti Lakshmi Roller Flour Mills Ltd,kovilpatti lakshmi roller flour mills
507609,OLYMPIC OIL INDUSTRIES LTD.,olympic oil
507621,MILKFOOD LTD.,milkfood
507645,POLSON LTD.,polson
507649,RASOI LTD.,rasoi
507652,Ratnamani Agro Industries Ltd,ratnamani agro
507663,SAGAR SOYA PRODUCTS LTD.,sagar soya products
507685,WIPRO LTD.,wipro
507690,ORIENT BEVERAGES LTD.,orient beverages
507717,DHANUKA AGRITECH LTD.,dhanuka agritech
507747,TTK HEALTHCARE LTD.,ttk healthcare
507753,TGV Sraac Ltd,tgv sraac
507759,LIME CHEMICALS LTD.,lime chemicals
507779,KANPUR PLASTIPACK LTD.,kanpur plastipack
507785,TAINWALA CHEMICALS & PLASTICS (INDIA) LTD.,tainwala chemicals plastics
507789,JAGSONPAL PHARMACEUTICALS LTD.,jagsonpal pharmaceuticals
507794,KHAITAN CHEMICALS & FERTILIZERS LTD.,khaitan chemicals fertilizers
507808,UNITED LEASING & INDUSTRIES LTD.,united leasing
507813,NATIONAL OXYGEN LTD.,national oxygen
507815,GILLETTE INDIA LTD.,gillette
507817,WIRES & FABRIKS (SA) LTD.,wires fabriks sa
507828,Ansal Housing Ltd,ansal housing
507833,COMPUTER POINT LTD.,computer point
507836,MAC CHARLES (INDIA) LTD.,mac charles
507852,ADDI INDUSTRIES LTD.,addi
507864,PIONEER INVESTCORP LTD.,pioneer investcorp
507870,Lloyds Finance Ltd.,lloyds finance
507872,ASHNOOR TEXTILE MILLS LTD.,ashnoor textile mills
507878,UNITECH LTD.,unitech
507880,V.I.P.INDUSTRIES LTD.,v i p
507886,DHRUV ESTATES LTD.,dhruv estates
507892,WINSOME DIAMONDS AND JEWELLERY LTD.,winsome diamonds and jewellery
507894,SCHABLONA INDIA LTD.,schablona
507910,FIBERWEB (INDIA) LTD.,fiberweb
507912,LKP Finance Limited,lkp finance
507917,EAST BUILDTECH LTD.,east buildtech
507918,Sri Arumuga Enterprise Limited,sri arumuga enterprise
507938,MANIPAL FINANCE CORPORATION LTD.,manipal finance corporation
507944,BAJAJ STEEL INDUSTRIES LTD.,bajaj steel
507946,KIDUJA INDIA LTD.,kiduja
507948,KEY CORP LTD.,key corp
507952,SHIKHAR LEASING & TRADING LTD.,shikhar leasing trading
507960,GUJARAT HOTELS LTD.,gujarat hotels
507962,Rajath Finance Limited,rajath finance
507966,RAS RESORTS & APART HOTELS LTD.,ras resorts apart hotels
507968,Jolly Plastic Industries Ltd.,jolly plastic
507970,PARAMOUNT COSMETICS (INDIA) LTD.,paramount cosmetics
507981,JINDAL HOTELS LTD.,jindal hotels
507984,SER INDUSTRIES LTD.,ser
507987,JUPITER INDUSTRIES & LEASING LTD.,jupiter industries leasing
507998,SIMMONDS MARSHALL LTD.,simmonds marshall
508136,B & A LTD.,b a
508306,LEDO TEA CO.LTD.,ledo tea co
508486,HAWKINS COOKERS LTD.,hawkins cookers
508494,WARREN TEA LTD.,warren tea
508571,COCHIN MALABAR ESTATES & INDUSTRIES LTD.,cochin malabar estates
508664,BEST EASTERN HOTELS LTD.,best eastern hotels
508670,NEELAMALAI AGRO INDUSTRIES LTD.,neelamalai agro
508807,IST LTD.,ist
508814,Cosmo First Ltd,cosmo first
508860,Diamant Infrastructure Limited,diamant infrastructure
508867,NEW MARKETS ADVISORY LTD.,new markets advisory
508869,APOLLO HOSPITALS ENTERPRISE LTD.,apollo hospitals enterprise
508875,Nitin Castings Ltd,nitin castings
508900,Zenith Capitals Ltd.,zenith capitals
508905,SMIFS CAPITAL MARKETS LTD.,smifs capital markets
508906,EVEREST INDUSTRIES LTD.,everest
508918,Ironwood Education Ltd,ironwood education
508922,MSR INDIA LTD.,msr
508924,NORTHERN PROJECTS LTD.,northern projects
508929,Joy Realty Limited,joy realty
508933,AYM Syntex Ltd,aym syntex
508939,BLUE CIRCLE SERVICES LTD.,blue circle services
508941,PANASONIC CARBON INDIA CO.LTD.,panasonic carbon india co
508954,Finkurve Financial Services Ltd,finkurve financial services
508956,HB LEASING & FINANCE CO.LTD.,hb leasing finance co
508961,SHRICON INDUSTRIES LTD.,shricon
508963,STERLING GUARANTY & FINANCE LTD.,sterling guaranty finance
508969,Sulabh Engineers & Services Ltd.,sulabh engineers services
508976,Spanco Ltd.,spanco
508980,Frontier Capital Ltd,frontier capital
508982,Linkson International Ltd.,linkson international
508989,Navneet Education Limited,navneet education
508993,KEDIA CONSTRUCTION CO.LTD.,kedia construction co
508996,SATRA PROPERTIES (INDIA) LTD.,satra properties
508998,STERLING INTERNATIONAL ENTERPRISES LTD.,sterling international enterprises
509003,TRANSOCEANIC PROPERTIES LTD.,transoceanic properties
509009,AuSom Enterprise Limited,ausom enterprise
509015,THAKRAL SERVICES (INDIA) LTD.,thakral services
509020,RUCHI INFRASTRUCTURE LTD.,ruchi infrastructure
509024,Golden Legand Leasing & Finance Ltd.,golden legand leasing finance
509026,VJTF EDUSERVICES LTD.,vjtf eduservices
509038,VOLTAIRE LEASING & FINANCE LTD.,voltaire leasing finance
509040,NETLINK SOLUTIONS (INDIA) LTD.,netlink solutions
509046,Triliance Polymers Ltd,triliance polymers
509048,LANCOR HOLDINGS LTD.,lancor holdings
509051,INDIAN INFOTECH & SOFTWARE LTD.,indian infotech software
509053,BANAS FINANCE LTD.,banas finance
509055,VISAKA INDUSTRIES LTD.,visaka
509069,INFOMEDIA PRESS LTD.,infomedia press
509073,HATHWAY BHAWANI CABLETEL & DATACOM LTD.,hathway bhawani cabletel datacom
509077,Pressman Advertising Limited,pressman advertising
509079,GUFIC BIOSCIENCES LTD.,gufic biosciences
509084,PHOTON CAPITAL ADVISORS LTD.,photon capital advisors
509099,OSWAL LEASING LTD.,oswal leasing
509110,Ari Consolidated Investments Ltd.,ari consolidated investments
509130,Dunlop India Ltd.,dunlop
509148,GOVIND RUBBER LTD.,govind rubber
509152,GRP LTD.,grp
509162,INDAG RUBBER LTD.,indag rubber
509196,MM RUBBER COMPANY LTD.,mm rubber
509220,PTL ENTERPRISES LTD.,ptl enterprises
509243,TVS SRICHAKRA LTD.,tvs srichakra
509423,Sanathnagar Enterprises Limited,sanathnagar enterprises
509438,BENARES HOTELS LTD.,benares hotels
509449,BHAGWATI OXYGEN LTD.,bhagwati oxygen
509470,Bombay Oxygen Investments Ltd,bombay oxygen investments
509472,CRAVATEX LTD.,cravatex
509480,BERGER PAINTS INDIA LTD.,berger paints
509486,CAPRIHANS INDIA LTD.,caprihans
509488,GRAPHITE INDIA LTD.,graphite
509496,ITD CEMENTATION INDIA LTD.,itd cementation
509499,Centron Industrial Alliance Ltd.,centron industrial alliance
509525,EMPIRE INDUSTRIES LTD.,empire
509527,FALCON TYRES LTD.,falcon tyres
509546,GRAVISS HOSPITALITY LTD.,graviss hospitality
509550,GAMMON INDIA LTD.,gammon
509557,Garware Technical Fibres Ltd,garware technical fibres
509563,GARWARE MARINE INDUSTRIES LTD.,garware marine
509567,GOA CARBON LTD.,goa carbon
509597,HARDCASTLE & WAUD MFG.CO.LTD.,hardcastle waud mfg co
509627,HINDUSTAN DORR-OLIVER LTD.,hindustan dorr oliver
509631,HEG LTD.,heg
509635,HINDUSTAN COMPOSITES LTD.,hindustan composites
509650,HINDUSTAN HOUSING CO.LTD.,hindustan housing co
509675,HIL LTD.,hil
509692,INDIAN CARD CLOTHING CO.LTD.,indian card clothing co
509709,INTERNATIONAL CONVEYORS LTD.,international conveyors
509715,JAY SHREE TEA & INDUSTRIES LTD.,jay shree tea
509760,MODERN SHARES & STOCKBROKERS LTD.,modern shares stockbrokers
509762,Mapro Industries Ltd.,mapro
509782,OSEASPRE CONSULTANTS LTD.,oseaspre consultants
509820,Huhtamaki India Ltd,huhtamaki
509835,PREMIER SYNTHETICS LTD.,premier synthetics
509839,PUNJAB WOOLCOMBERS LTD.,punjab woolcombers
509845,R.J.SHAH & CO.LTD.,r j shah co
509870,SHAH CONSTRUCTION CO.LTD.,shah construction co
509874,SHALIMAR PAINTS LTD.,shalimar paints
509887,SINNAR BIDI UDYOG LTD.,sinnar bidi udyog
509895,HINDOOSTAN MILLS LTD.,hindoostan mills
509910,SOUTHERN GAS LTD.,southern gas
509917,TECHNOJET CONSULTANTS LTD.,technojet consultants
509930,SUPREME INDUSTRIES LTD.,supreme
509945,THACKER & CO.LTD.,thacker co
509953,TRADE WINGS LTD.,trade wings
509960,U.p.hotels Ltd.,u p hotels
509966,VST INDUSTRIES LTD.,vst
509992,Ub Engineering Ltd.,ub engineering
510245,SWASTI VINAYAKA SYNTHETICS LTD.,swasti vinayaka synthetics
511000,MADHUSUDAN SECURITIES LTD.,madhusudan securities
511012,YAMINI INVESTMENTS COMPANY LTD.,yamini investments
511016,Premier Capital Services Ltd.,premier capital services
511018,Milgrey Finance & Investments Ltd,milgrey finance investments
511024,SUBWAY FINANCE & INVESTMENT CO.LTD.,subway finance investment co
511034,JINDAL DRILLING & INDUSTRIES LTD.,jindal drilling
511038,Arco Leasing Ltd.,arco leasing
511048,KUSAM ELECTRICAL INDUSTRIES LTD.,kusam electrical
511060,JUMBO FINANCE LTD.,jumbo finance
511064,Aplaya Creations Ltd,aplaya creations
511066,SAKTHI FINANCE LTD.,sakthi finance
511072,DEWAN HOUSING FINANCE CORPORATION LTD.,dewan housing finance corporation
511074,Easy Fincorp Ltd,easy fincorp
511076,SAT INDUSTRIES LTD.,sat
511082,Maa Jagdambe Tradelinks Limited,maa jagdambe tradelinks
511092,JMD Ventures Ltd,jmd ventures
511096,TIVOLI CONSTRUCTION LTD.,tivoli construction
511108,SHIVA TEXYARN LTD.,shiva texyarn
511110,V.B.DESAI FINANCIAL SERVICES LTD.,v b desai financial services
511114,Valuemart Retail Solutions Ltd,valuemart retail solutions
511116,Quadrant Televentures Limited,quadrant televentures
511122,FIRST CUSTODIAN FUND (INDIA) LTD.,first custodian fund
511128,GALAXY CONSOLIDATED FINANCE LTD.,galaxy consolidated finance
511131,KAMANWALA HOUSING CONSTRUCTION LTD.,kamanwala housing construction
511138,KOTHARI WORLD FINANCE LTD.,kothari world finance
511139,BAJRANG FINANCE LTD.,bajrang finance
511144,Asya Infosoft Limited,asya infosoft
511147,WSFx Global Pay Ltd,wsfx global pay
511149,REMI SECURITIES LTD.,remi securities
511153,Anjani Foods Ltd,anjani foods
511169,RKD Agri & Retail Ltd,rkd agri retail
511176,PARSHWANATH CORPORATION LTD.,parshwanath corporation
511185,Rajvi Logitrade Ltd,rajvi logitrade
511187,Millennium Online Solutions ( India ) Ltd,millennium online solutions
511196,CAN FIN HOMES LTD.,can fin homes
511200,MUNOTH CAPITAL MARKET LTD.,munoth capital market
511208,IL&FS INVESTMENT MANAGERS LTD.,il fs investment managers
511210,Basil Infrastructure Projects Ltd.,basil infrastructure projects
511218,Shriram Finance Ltd,shriram finance
511243,Cholamandalam Investment and Finance Company Ltd,cholamandalam investment and finance
511246,Bombay Talkies Ltd,bombay talkies
511254,SAGAR SYSTECH LTD.,sagar systech
511260,ID Info Business Services Ltd,id info business services
511272,CFL CAPITAL FINANCIAL SERVICES LTD.,cfl capital financial services
511276,Mefcom Agro Industries Ltd.,mefcom agro
511288,GRUH FINANCE LTD.,gruh finance
511306,Pal Credit & Capital Ltd.,pal credit capital
511333,VLS FINANCE LTD.,vls finance
511355,INDIA CEMENTS CAPITAL LTD.,india cements capital
511357,KAILASH AUTO FINANCE LTD.,kailash auto finance
511359,AD-MANUM FINANCE LTD.,ad manum finance
511361,Vishwamitra Financial Services Limited,vishwamitra financial services
511367,MEGLON INFRA-REAL (INDIA) LTD.,meglon infra real
511369,First Financial Services Ltd.,first financial services
511377,MEHTA INTEGRATED FINANCE LTD.,mehta integrated finance
511389,VIDEOCON INDUSTRIES LTD.,videocon
511391,INTER GLOBE FINANCE LTD.,inter globe finance
511393,DFL INFRASTRUCTURE FINANCE LTD.,dfl infrastructure finance
511395,BALA TECHNO GLOBAL LTD.,bala techno global
511401,Munoth Communication Ltd,munoth communication
511411,SHRISTI INFRASTRUCTURE DEVELOPMENT CORPORATION LTD.,shristi infrastructure development corporation
511413,CREST VENTURES LIMITED,crest ventures
511421,Pine Animation Limited,pine animation
511427,ATN INTERNATIONAL LTD.,atn international
511431,Vakrangee Limited,vakrangee
511433,Insta Finance Limited,insta finance
511441,Gujarat Credit Corporation Ltd.,gujarat credit corporation
511447,Sylph Technologies Ltd.,sylph technologies
511451,DHARANI FINANCE LTD.,dharani finance
511463,Rudraksh Cap-tech Ltd.,rudraksh cap tech
511473,INDBANK MERCHANT BANKING SERVICES LTD.,indbank merchant banking services
511489,Gandhinagar Leasing & Finance Ltd.,gandhinagar leasing finance
511493,Shrydus Industries Ltd,shrydus
511501,BHARAT BHUSHAN SHARE & COMMODITY BROKERS LTD.,bharat bhushan share commodity brokers
511503,Secure Earth Technoligies Ltd.,secure earth technoligies
511505,CAPITAL TRUST LTD.,capital trust
511507,USHAKIRAN FINANCE LTD.,ushakiran finance
511509,VIVO BIO TECH LTD.,vivo bio tech
511523,Veerhealth Care Limited,veerhealth care
511525,PAN INDIA CORPORATION LTD.,pan india corporation
511533,SAHARA HOUSINGFINA CORPORATION LTD.,sahara housingfina corporation
511535,NDA SECURITIES LTD.,nda securities
511539,Supra Trends Limited,supra trends
511543,GSB FINANCE LTD.,gsb finance
511549,MORARKA FINANCE LTD.,morarka finance
511551,Monarch Networth Capital Ltd,monarch networth capital
511557,PRO FIN CAPITAL SERVICES LTD.,pro fin capital services
511559,TIMES GUARANTY LTD.,times guaranty
511571,SOM DATT FINANCE CORPORATION LTD.,som datt finance corporation
511577,SAVANI FINANCIALS LTD.,savani financials
511585,REGENCY TRUST LTD.,regency trust
511589,Avonmore Capital & Management Services Limited,avonmore capital management services
511593,Libord Finance Ltd,libord finance
511597,PALSOFT INFOSYSTEMS LTD.,palsoft infosystems
511601,YASH MANAGEMENT & SATELLITE LTD.,yash management satellite
511605,ARIHANT CAPITAL MARKETS LTD.,arihant capital markets
511607,BIRLA SHLOKA EDUTECH LTD.,birla shloka edutech
511609,ISL CONSULTING LTD.,isl consulting
511611,DCM FINANCIAL SERVICES LTD.,dcm financial services
511618,JIK INDUSTRIES LTD.,jik
511626,RR FINANCIAL CONSULTANTS LTD.,rr financial consultants
511628,IM+ Capitals Limited,im capitals
511630,SAMBHAAV MEDIA LTD.,sambhaav media
511634,DUGAR HOUSING DEVELOPMENTS LTD.,dugar housing developments
511636,DJS STOCK & SHARES LTD.,djs stock shares
511638,MADHUR CAPITAL & FINANCE LTD.,madhur capital finance
511640,SANGHI CORPORATE SERVICES LTD.,sanghi corporate services
511642,WISEC GLOBAL LTD.,wisec global
511652,GEMMIA OILTECH (INDIA) LTD.,gemmia oiltech
511654,SUGAL & DAMANI SHARE BROKERS LTD.,sugal damani share brokers
511658,NETTLINX LTD.,nettlinx
511660,Premium Capital Market & Investments Ltd.,premium capital market investments
511664,BGIL FILMS & TECHNOLOGIES LTD.,bgil films technologies
511668,Fact Enterprise Ltd.,fact enterprise
511672,Scan Steels Limited,scan steels
511676,GIC HOUSING FINANCE LTD.,gic housing finance
511682,IFL PROMOTERS LTD.,ifl promoters
511688,MATHEW EASOW RESEARCH SECURITIES LTD.,mathew easow research securities
511690,WARNER MULTIMEDIA LTD.,warner multimedia
511692,AJCON GLOBAL SERVICES LTD.,ajcon global services
511696,CHARTERED CAPITAL & INVESTMENT LTD.,chartered capital investment
511698,BHAGYASHREE LEASING & FINANCE LTD.,bhagyashree leasing finance
511700,STANDARD CAPITAL MARKETS LTD.,standard capital markets
511702,YOGI Ltd,yogi
511706,ACTION FINANCIAL SERVICES (INDIA) LTD.,action financial services
511710,CUBICAL FINANCIAL SERVICES LTD.,cubical financial services
511712,RELIC TECHNOLOGIES LTD.,relic technologies
511714,NIMBUS PROJECTS LTD.,nimbus projects
511716,Invigorated Business Consulting Ltd,invigorated business consulting
511720,CAPMAN FINANCIALS LTD.,capman financials
511724,Baid Finserv Ltd,baid finserv
511726,VIPUL LTD.,vipul
511728,K.Z.LEASING & FINANCE LTD.,k z leasing finance
511730,Avasara Finance Ltd,avasara finance
511734,PASUPATI FINCAP LTD.,pasupati fincap
511736,USHDEV INTERNATIONAL LTD.,ushdev international
511738,MEHTA SECURITIES LTD.,mehta securities
511740,MEHTA HOUSING FINANCE LTD.,mehta housing finance
511742,Ugro Capital Ltd,ugro capital
511754,SHALIBHADRA FINANCE LTD.,shalibhadra finance
511756,ABIRAMI FINANCIAL SERVICES (INDIA) LTD.,abirami financial services
511758,MANSI FINANCE (CHENNAI) LTD.,mansi finance chennai
511760,Seven Hill Industries Limited,seven hill
511764,Aastamangalam Finance Ltd,aastamangalam finance
511766,MUTHOOT CAPITAL SERVICES LTD.,muthoot capital services
511768,MASTER TRUST LTD.,master trust
512004,NILKANTH ENGINEERING LTD.,nilkanth engineering
512008,EFC (I) Ltd,efc i
512011,TEA TIME LTD.,tea time
512014,SOBHAGYA MERCHANTILE LTD.,sobhagya merchantile
512017,Exdon Trading Co.ltd.,exdon trading co
512018,CNI RESEARCH LTD.,cni research
512020,SARASWATI COMMERCIAL (INDIA) LTD.,saraswati commercial
512022,WINRO COMMERCIAL (INDIA) LTD.,winro commercial
512024,N.D.METAL INDUSTRIES LTD.,n d metal
512025,INERTIA STEEL LTD.,inertia steel
512026,PH TRADING LTD.,ph trading
512036,Kapil Cotex Ltd.,kapil cotex
512038,TCC Concept Ltd,tcc concept
512047,Royal India Corporation Limited,royal india corporation
512048,Luharuka Media & Infra Ltd,luharuka media infra
512060,VENTURA GUARANTY LTD.,ventura guaranty
512062,SANMITRA COMMERCIAL LTD.,sanmitra commercial
512063,AYOKI MERCANTILE LTD.,ayoki mercantile
512064,Vishvprabha Ventures Ltd,vishvprabha ventures
512065,MRUGESH TRADING LTD.,mrugesh trading
512067,Vishvjyoti Trading Ltd.,vishvjyoti trading
512068,DECCAN GOLD MINES LTD.,deccan gold mines
512070,UPL Limited,upl
512075,Suchak Trading Ltd.,suchak trading
512091,ANSHUNI COMMERCIALS LTD.,anshuni commercials
512093,CRANES SOFTWARE INTERNATIONAL LTD.,cranes software international
512097,Saianand Commercial Limited,saianand commercial
512099,Eyantra Ventures Ltd,eyantra ventures
512101,TRIOCHEM PRODUCTS LTD.,triochem products
512103,NIDHI GRANITES LTD.,nidhi granites
512105,Proaim Enterprises Ltd,proaim enterprises
512109,AVIVA INDUSTRIES LTD.,aviva
512113,Kelvin Fincap Ltd,kelvin fincap
512117,TWIN ROSES TRADES & AGENCIES LTD.,twin roses trades agencies
512121,Delma Infrastructure Limited,delma infrastructure
512129,Jayant Mercantile Co.ltd.,jayant mercantile co
512131,Signet Industries Limited,signet
512135,ENSA STEEL INDUSTRIES LTD.,ensa steel
512149,AVANCE TECHNOLOGIES LTD.,avance technologies
512153,M Lakhamsi Industries Ltd,m lakhamsi
512157,Terraform Realstate Limited,terraform realstate
512161,Securekloud Technologies Ltd,securekloud technologies
512163,EXTOL COMMERCIAL LTD.,extol commercial
512165,Abans Enterprises Ltd,abans enterprises
512167,MATRA REALTY LTD.,matra realty
512169,CAPRICORN SYSTEMS GLOBAL SOLUTIONS LTD.,capricorn systems global solutions
512175,VAMA INDUSTRIES LTD.,vama
512179,SUNTECK REALTY LTD.,sunteck realty
512191,Mishka Finance And Trading Ltd.,mishka finance and trading
512195,BENTLEY COMMERCIAL ENTERPRISES LTD.,bentley commercial enterprises
512197,SILVER OAK COMMERCIAL LTD.,silver oak commercial
512199,CORE Education & Technologies Ltd,core education technologies
512207,Effingo Textile & Trading Limited,effingo textile trading
512213,CLASSIC ELECTRICALS LTD.,classic electricals
512215,Stephanotis Finance Ltd,stephanotis finance
512217,Prism Medico And Pharmacy Ltd.,prism medico and pharmacy
512219,FINAVENTURE CAPITAL LTD.,finaventure capital
512221,SPV Global Trading Ltd,spv global trading
512229,VERITAS (INDIA) LTD.,veritas
512233,JAYBHARAT TEXTILES & REAL ESTATE LTD.,jaybharat textiles real estate
512237,JAI CORP LTD.,jai corp
512245,NIVI TRADING LTD.,nivi trading
512247,ASHIRWAD CAPITAL LTD.,ashirwad capital
512253,MEUSE KARA & SUNGRACE MAFATLAL LTD.,meuse kara sungrace mafatlal
512257,Swasti Vinayaka Art And Heritage Corporation Ltd,swasti vinayaka art and heritage corporation
512261,BAJAJ GLOBAL LTD.,bajaj global
512267,MEDIA MATRIX WORLDWIDE LTD.,media matrix worldwide
512271,TASHI INDIA LTD.,tashi
512273,ARONI COMMERCIALS LTD.,aroni commercials
512277,AUTORIDERS INTERNATIONAL LTD.,autoriders international
512279,N2N Technologies Limited,n2n technologies
512285,Yuvraj International Ltd.,yuvraj international
512289,SHIRPUR GOLD REFINERY LTD.,shirpur gold refinery
512291,SPEEDAGE COMMERCIALS LTD.,speedage commercials
512296,BHAGYANAGAR INDIA LTD.,bhagyanagar
512297,Shantai Industries Ltd,shantai
512299,STERLING BIOTECH LTD.,sterling biotech
512301,CHAMBAL BREWERIES & DISTILLERIES LTD.,chambal breweries distilleries
512303,MANSOON TRADING CO.LTD.,mansoon trading co
512307,TYPHOON HOLDINGS LTD.,typhoon holdings
512309,ROSEKAMAL TEXTILES LTD.,rosekamal textiles
512311,Surabhi Chemicals & Investments Ltd.,surabhi chemicals investments
512313,BIJLEE TEXTILES LTD.,bijlee textiles
512319,Rajlaxmi Industries Ltd.,rajlaxmi
512329,Kintech Renewables Ltd,kintech renewables
512332,BIRLA CAPITAL & FINANCIAL SERVICES LTD.,birla capital financial services
512337,MAHASHREE TRADING LTD.,mahashree trading
512341,CES Limited,ces
512344,ARAVALI SECURITIES & FINANCE LTD.,aravali securities finance
512345,Yash Trading & Finance Ltd.,yash trading finance
512355,Anukaran Commercial Enterprises Ltd.,anukaran commercial enterprises
512359,Sword-Edge Commercials Limited,sword edge commercials
512361,Cupid Trades & Finance Ltd.,cupid trades finance
512367,SHERATON PROPERTIES & FINANCE LTD.,sheraton properties finance
512369,ENNORE COKE LTD.,ennore coke
512375,INNOVENTIVE VENTURE LTD.,innoventive venture
512377,MAGNANIMOUS TRADE & FINANCE LTD.,magnanimous trade finance
512379,CRESSANDA SOLUTIONS LTD.,cressanda solutions
512381,Starteck Finance Ltd,starteck finance
512393,SHARDUL SECURITIES LTD.,shardul securities
512397,Ratan Glitter Industries Ltd.,ratan glitter
512399,Sera Investments & Finance India Ltd,sera investments finance
512404,BENGAL STEEL INDUSTRIES LTD.,bengal steel
512405,I-POWER SOLUTIONS INDIA LTD.,i power solutions
512408,UNIWORTH SECURITIES LTD.,uniworth securities
512409,Rajsanket Realty Limited,rajsanket realty
512413,Spectacle Ventures Ltd,spectacle ventures
512415,MERCURY TRADE LINKS LTD.,mercury trade links
512417,TRINITY TRADELINK LIMITED,trinity tradelink
512425,NIRAV COMMERCIALS LTD.,nirav commercials
512433,ASUTOSH ENTERPRISES LTD.,asutosh enterprises
512437,APOLLO FINVEST (INDIA) LTD.,apollo finvest
512439,ESQUIRE MONEY GUARANTEES LTD.,esquire money guarantees
512441,ENBEE TRADE & FINANCE LTD.,enbee trade finance
512443,Ganon Products Ltd,ganon products
512445,DEVINSU TRADING LTD.,devinsu trading
512449,Svc Resources Limited,svc resources
512453,SHRI JAGDAMBA POLYMERS LTD.,shri jagdamba polymers
512455,LLOYDS METALS AND ENERGY LTD.,lloyds metals and energy
512461,PUNCTUAL TRADING LTD.,punctual trading
512463,SHREE GLOBAL TRADEFIN LTD.,shree global tradefin
512465,SANTOWIN CORPORATION LTD.,santowin corporation
512477,BETEX INDIA LTD.,betex
512479,Virya Resources Ltd,virya resources
512481,POLYTEX INDIA LTD.,polytex
512485,DHANLAXMI COTEX LTD.,dhanlaxmi cotex
512487,Remi Elektrotechnik Limited,remi elektrotechnik
512489,OASIS SECURITIES LTD.,oasis securities
512493,GARNET INTERNATIONAL LTD.,garnet international
512499,SHALIMAR PRODUCTIONS LTD.,shalimar productions
512505,MEENAKSHI STEEL INDUSTRIES LTD.,meenakshi steel
512511,VARUN MERCANTILE LTD.,varun mercantile
512519,DONEAR INDUSTRIES LTD.,donear
512522,NEPTUNE EXPORTS LTD.,neptune exports
512527,SUPER SALES INDIA LTD.,super sales
512529,SEQUENT SCIENTIFIC LTD.,sequent scientific
512531,STATE TRADING CORPORATION OF INDIA LTD.,state trading corporation of
512535,ASAHI INFRASTRUCTURE & PROJECTS LTD.,asahi infrastructure projects
512553,ZENITH EXPORTS LTD.,zenith exports
512559,KOHINOOR FOODS LTD.,kohinoor foods
512565,R.T.EXPORTS LTD.,r t exports
512573,AVANTI FEEDS LTD.,avanti feeds
512579,GUJARAT NRE COKE LTD.,gujarat nre coke
512585,Karma Industries Ltd.,karma
512587,ZODIAC-JRD-MKJ LTD.,zodiac jrd mkj
512589,SITA ENTERPRISES LTD.,sita enterprises
512591,PULSAR INTERNATIONAL LTD.,pulsar international
512595,UNIMODE OVERSEAS LTD.,unimode overseas
512597,Keynote Financial Services Ltd,keynote financial services
512599,ADANI ENTERPRISES LTD.,adani enterprises
512600,Macro International Ltd,macro international
512604,HARIA EXPORTS LTD.,haria exports
512608,BHANDARI HOSIERY EXPORTS LTD.,bhandari hosiery exports
512618,RLF LTD.,rlf
512624,Regent Enterprises Ltd,regent enterprises
512626,ORBIT EXPORTS LTD.,orbit exports
512634,SAVERA INDUSTRIES LTD.,savera
513005,VBC FERRO ALLOYS LTD.,vbc ferro alloys
513010,Tata Steel Long Products Ltd,tata steel long products
513012,JEET MACHINE TOOLS LTD.,jeet machine tools
513023,Nava Ltd,nava
513039,HINDUSTHAN UDYOG LTD.,hindusthan udyog
513043,Remi Edelstahl Tubulars Limited,remi edelstahl tubulars
513059,G.S.AUTO INTERNATIONAL LTD.,g s auto international
513063,TRANS-FREIGHT CONTAINERS LTD.,trans freight containers
513097,SHIVALIK BIMETAL CONTROLS LTD.,shivalik bimetal controls
513108,GANDHI SPECIAL TUBES LTD.,gandhi special tubes
513117,AMFORGE INDUSTRIES LTD.,amforge
513119,ABC GAS (INTERNATIONAL) LTD.,abc gas international
513121,ORICON ENTERPRISES LTD.,oricon enterprises
513142,BALASORE ALLOYS LTD.,balasore alloys
513149,ACROW INDIA LTD.,acrow
513151,STI INDIA LTD.,sti
513153,Techtrek India Ltd.,techtrek
513173,STEEL STRIPS INFRASTRUCTURES LTD.,steel strips infrastructures
513179,NATIONAL STEEL & AGRO INDUSTRIES LTD.,national steel agro
513216,UTTAM GALVA STEELS LTD.,uttam galva steels
513228,PENNAR INDUSTRIES LTD.,pennar
513250,JYOTI STRUCTURES LTD.,jyoti structures
513252,JAY USHIN LTD.,jay ushin
513262,STEEL STRIPS WHEELS LTD.,steel strips wheels
513265,MUKESH STEELS LTD.,mukesh steels
513269,MAN INDUSTRIES (INDIA) LTD.,man industries
513291,PREMIER PIPES LTD.,premier pipes
513295,Imec Services Ltd,imec services
513303,MODERN STEELS LTD.,modern steels
513305,Moryo Industries Ltd.,moryo
513307,SYNTHIKO FOILS LTD.,synthiko foils
513309,Golkonda Aluminium Extrusions Ltd,golkonda aluminium extrusions
513333,BHUWALKA STEEL INDUSTRIES LTD.,bhuwalka steel
513335,Metalyst Forgings Limited,metalyst forgings
513337,GUJARAT TOOLROOM LTD.,gujarat toolroom
513343,GRAND FOUNDRY LTD.,grand foundry
513349,AJMERA REALTY & INFRA INDIA LTD.,ajmera realty infra
513353,COCHIN MINERALS & RUTILE LTD.,cochin minerals rutile
513359,Parab Infra Ltd,parab infra
513361,INDIA STEEL WORKS LTD.,india steel works
513369,Krishanveer Forge Ltd,krishanveer forge
513375,CARBORUNDUM UNIVERSAL LTD.,carborundum universal
513377,MMTC LTD.,mmtc
513397,VALLABH STEELS LTD.,vallabh steels
513401,ASHIANA ISPAT LTD.,ashiana ispat
513403,P.M.TELELINNKS LTD.,p m telelinnks
513405,PENNAR ALUMINIUM CO.LTD.,pennar aluminium co
513414,Splendid Metal Products Ltd,splendid metal products
513418,Smiths & Founders (India) Limited,smiths founders
513422,BLOOM INDUSTRIES LTD.,bloom
513428,TRINETRA CEMENT LTD.,trinetra cement
513430,Maitri Enterprises Ltd,maitri enterprises
513434,TATA METALIKS LTD.,tata metaliks
513436,SHAH ALLOYS LTD.,shah alloys
513446,JSW Ispat Special Products Ltd,jsw ispat special products
513452,ELANGO INDUSTRIES LTD.,elango
513456,KANISHK STEEL INDUSTRIES LTD.,kanishk steel
513460,MAHALAXMI SEAMLESS LTD.,mahalaxmi seamless
513472,SIMPLEX CASTINGS LTD.,simplex castings
513488,SHREE STEEL WIRE ROPES LTD.,shree steel wire ropes
513496,Sizemasters Technology Ltd,sizemasters technology
513498,SOUTHERN MAGNESIUM & CHEMICALS LTD.,southern magnesium chemicals
513502,BARODA EXTRUSION LTD.,baroda extrusion
513507,GUJARAT CONTAINERS LTD.,gujarat containers
513509,KALYANI FORGE LTD.,kalyani forge
513511,PANCHMAHAL STEEL LTD.,panchmahal steel
513513,ADITYA ISPAT LTD.,aditya ispat
513515,S.R.INDUSTRIES LTD.,s r
513517,STEELCAST LTD.,steelcast
513519,Pitti Engineering Ltd,pitti engineering
513528,GLITTEK GRANITES LTD.,glittek granites
513530,Stelco Strips Ltd.,stelco strips
513532,PRADEEP METALS LTD.,pradeep metals
513534,VARDHMAN INDUSTRIES LTD.,vardhman
513536,Gujarat Natural Resources Limited,gujarat natural resources
513540,TAMILNADU STEEL TUBES LTD.,tamilnadu steel tubes
513544,MARDIA SAMYOUNG CAPILLARY TUBES COMPANY LTD.,mardia samyoung capillary tubes
513548,SHARDA ISPAT LTD.,sharda ispat
513554,MAHAMAYA STEEL INDUSTRIES LTD.,mahamaya steel
513558,REAL STRIPS LTD.,real strips
513566,NOVA IRON & STEEL LTD.,nova iron steel
513575,Sterling Powergensys Limited,sterling powergensys
513579,FOUNDRY FUEL PRODUCTS LTD.,foundry fuel products
513583,SB & T INTERNATIONAL LTD.,sb t international
513597,SURANA INDUSTRIES LTD.,surana
513599,HINDUSTAN COPPER LTD.,hindustan copper
513605,Srikalahasthi Pipes Limited,srikalahasthi pipes
513611,PITHAMPUR STEELS LTD.,pithampur steels
513613,Presha Metallurgical Ltd.,presha metallurgical
513627,Krishna Ferro Products Ltd.,krishna ferro products
513629,TULSYAN NEC LTD.,tulsyan nec
513630,Rajesh Malleables Ltd.,rajesh malleables
513642,AXEL POLYMERS LTD.,axel polymers
513648,MARG PROJECTS AND INFRASTRUCTURE LTD.,marg projects and infrastructure
513683,NLC India Ltd,nlc
513687,SPECTRA INDUSTRIES LTD.,spectra
513691,JMT AUTO LTD.,jmt auto
513693,KIC METALIKS LTD.,kic metaliks
513699,SOLID STONE COMPANY LTD.,solid stone
513703,KUMAR WIRE CLOTH MANUFACTURING COMPANY LTD.,kumar wire cloth manufacturing
513709,SHILP GRAVURES LTD.,shilp gravures
513713,White Organic Agro Ltd,white organic agro
513721,MFS INTERCORP LTD.,mfs intercorp
513723,HG Industries Ltd,hg
513727,RANJEEV ALLOYS LTD.,ranjeev alloys
513729,ARO GRANITE INDUSTRIES LTD.,aro granite
514010,HIMACHAL FIBRES LTD.,himachal fibres
514028,RAJKAMAL SYNTHETICS LTD.,rajkamal synthetics
514030,DEEPAK SPINNERS LTD.,deepak spinners
514034,JBF INDUSTRIES LTD.,jbf
514036,LOYAL TEXTILE MILLS LTD.,loyal textile mills
514043,HIMATSINGKA SEIDE LTD.,himatsingka seide
514045,BSL LTD.,bsl
514060,Evergreen Textiles Limited,evergreen textiles
514087,PBM POLYTEX LTD.,pbm polytex
514113,ADINATH TEXTILES LTD.,adinath textiles
514116,GUPTA SYNTHETICS LTD.,gupta synthetics
514118,ESKAY K'N'IT (INDIA) LTD.,eskay k n it
514128,KONARK SYNTHETIC LTD.,konark synthetic
514138,SURYALATA SPINNING MILLS LTD.,suryalata spinning mills
514140,SURYAVANSHI SPINNING MILLS LTD.,suryavanshi spinning mills
514142,T T LTD.,t t
514144,UNIWORTH LTD.,uniworth
514162,WELSPUN INDIA LTD.,welspun
514165,INDIAN ACRYLICS LTD.,indian acrylics
514167,GANESHA ECOSPHERE LTD.,ganesha ecosphere
514171,CEETA INDUSTRIES LTD.,ceeta
514175,VARDHMAN POLYTEX LTD.,vardhman polytex
514177,RISHAB SPECIAL YARNS LTD.,rishab special yarns
514183,BLACK ROSE INDUSTRIES LTD.,black rose
514197,S&T CORPORATION LTD.,s t corporation
514199,BALA TECHNO INDUSTRIES LTD.,bala techno
514211,SUMEET INDUSTRIES LTD.,sumeet
514215,BINNY LTD.,binny
514221,K-Lifestyle & Industries Limited,k lifestyle
514223,RAMGOPAL POLYTEX LTD.,ramgopal polytex
514234,SANGAM (INDIA) LTD.,sangam
514236,TTL Enterprises Ltd,ttl enterprises
514238,Mkventures Capital Ltd,mkventures capital
514240,Kush Industries Ltd,kush
514248,SREECHEM RESINS LTD.,sreechem resins
514264,SEASONS TEXTILES LTD.,seasons textiles
514266,ZENITH FIBRES LTD.,zenith fibres
514272,BHILWARA SPINNERS LTD.,bhilwara spinners
514274,AARVEE DENIMS & EXPORTS LTD.,aarvee denims exports
514280,Sanrhea Technical Textiles Ltd.,sanrhea technical textiles
514286,ASHIMA LTD.,ashima
514296,Haryana Texprints (Overseas) Limited,haryana texprints overseas
514300,PIONEER EMBROIDERIES LTD.,pioneer embroideries
514302,VIPPY SPINPRO LTD.,vippy spinpro
514304,S.kumars Nationwide Ltd.,s kumars nationwide
514308,Hanjer Fibres Ltd.,hanjer fibres
514312,JAIHIND SYNTHETICS LTD.,jaihind synthetics
514316,RAGHUVIR SYNTHETICS LTD.,raghuvir synthetics
514318,JATTASHANKAR INDUSTIES LTD.,jattashankar industies
514322,KAMADGIRI FASHION LTD.,kamadgiri fashion
514324,OMNITEX INDUSTRIES (INDIA) LTD.,omnitex industries
514326,PATSPIN INDIA LTD.,patspin
514330,One Global Service Provider Ltd,one global service provider
514332,NEO INFRACON LTD.,neo infracon
514336,Genesis Ibrc India Ltd,genesis ibrc
514348,WINSOME YARNS LTD.,winsome yarns
514354,PREMIER POLYFILM LTD.,premier polyfilm
514358,Everlon Financials Ltd,everlon financials
514360,Gupta Carpets International Ltd.,gupta carpets international
514366,CITIZEN YARNS LTD.,citizen yarns
514378,YARN SYNDICATE LTD.,yarn syndicate
514386,GUJARAT COTEX LTD.,gujarat cotex
514394,Atlas Jewellery India Limited,atlas jewellery
514400,GARWARE SYNTHETICS LTD.,garware synthetics
514402,Eco Hotels And Resorts Ltd,eco hotels and resorts
514412,SARUP INDUSTRIES LTD.,sarup
514414,OXFORD INDUSTRIES LTD.,oxford
514418,Mangalam Organics Limited,mangalam organics
514428,HINDUSTAN ADHESIVES LTD.,hindustan adhesives
514440,Blue Pearl Texspin Limited,blue pearl texspin
514442,SRI KPR INDUSTRIES LTD.,sri kpr
514446,Ls Industries Ltd.,ls
514448,JYOTI RESINS & ADHESIVES LTD.,jyoti resins adhesives
514450,Mahalaxmi Rubtech Ltd.,mahalaxmi rubtech
514454,SOUTHERN LATEX LTD.,southern latex
514460,OSWAL YARNS LTD.,oswal yarns
514470,WINSOME TEXTILE INDUSTRIES LTD.,winsome textile
514474,FAIR DEAL FILAMENTS LTD.,fair deal filaments
514482,Asahi Industries Limited,asahi
514484,THAMBBI MODERN SPINNING MILLS LTD.,thambbi modern spinning mills
514486,POLYGENTA TECHNOLOGIES LTD.,polygenta technologies
515018,REGENCY CERAMICS LTD.,regency ceramics
515030,ASAHI INDIA GLASS LTD.,asahi india glass
515037,MURUDESHWAR CERAMICS LTD.,murudeshwar ceramics
515043,SAINT-GOBAIN SEKURIT INDIA LTD.,saint gobain sekurit
515055,Anant Raj Limited,anant raj
515059,MADHUSUDAN INDUSTRIES LTD.,madhusudan
515081,SRI VAJRA GRANITES LTD.,sri vajra granites
515085,RESTILE CERAMICS LTD.,restile ceramics
515093,MADHAV MARBLES & GRANITES LTD.,madhav marbles granites
515097,Gee Gee Granites Ltd.,gee gee granites
515099,Vertical Industries Ltd,vertical
515127,Ramasigns Industries Ltd,ramasigns
515145,HINDUSTHAN NATIONAL GLASS & INDUSTRIES LTD.,hindusthan national glass
515147,Haldyn Glass Ltd,haldyn glass
516003,Duroply Industries Ltd,duroply
516007,MANGALAM TIMBER PRODUCTS LTD.,mangalam timber products
516016,SHREYANS INDUSTRIES LTD.,shreyans
516020,AGIO PAPER & INDUSTRIES LTD.,agio paper
516022,STAR PAPER MILLS LTD.,star paper mills
516030,Pakka Ltd,pakka
516032,Tahmar Enterprises Ltd,tahmar enterprises
516038,SOMA PAPERS & INDUSTRIES LTD.,soma papers
516062,NATIONAL PLYWOOD INDUSTRIES LTD.,national plywood
516064,Arrow Greentech Ltd,arrow greentech
516072,VISHNU CHEMICALS LTD.,vishnu chemicals
516078,JUMBO BAG LTD.,jumbo bag
516082,N.R.AGARWAL INDUSTRIES LTD.,n r agarwal
516086,SHREE RAJESHWARANAND PAPER MILLS LTD.,shree rajeshwaranand paper mills
516092,3P Land Holdings Ltd,3p land holdings
516096,SANGAL PAPERS LTD.,sangal papers
516098,VENTURA TEXTILES LTD.,ventura textiles
516106,SHREE KARTHIK PAPERS LTD.,shree karthik papers
516108,SOUTH INDIA PAPER MILLS LTD.,south india paper mills
516110,Family Care Hospitals Ltd,family care hospitals
517001,Birla Power Solutions Ltd.,birla power solutions
517015,VINDHYA TELELINKS LTD.,vindhya telelinks
517035,RIR Power Electronics Ltd,rir power electronics
517041,ADOR WELDING LTD.,ador welding
517044,INTERNATIONAL DATA MANAGEMENT LTD.,international data management
517059,SALZER ELECTRONICS LTD.,salzer electronics
517063,JETKING INFOTRAIN LTD.,jetking infotrain
517077,IND-AGIV COMMERCE LTD.,ind agiv commerce
517080,High Ground Enterprise Ltd,high ground enterprise
517096,APLAB LTD.,aplab
517119,PCS TECHNOLOGY LTD.,pcs technology
517140,MOSER BAER INDIA LTD.,moser baer
517146,USHA MARTIN LTD.,usha martin
517164,ZENITH COMPUTERS LTD.,zenith computers
517166,SPEL SEMICONDUCTOR LTD.,spel semiconductor
517168,SUBROS LTD.,subros
517170,Edvenswa Enterprises Ltd,edvenswa enterprises
517172,Pervasive Commodities Ltd,pervasive commodities
517174,HONEYWELL AUTOMATION INDIA LTD.,honeywell automation
517201,SWITCHING TECHNOLOGIES GUNTHER LTD.,switching technologies gunther
517206,LUMAX INDUSTRIES LTD.,lumax
517214,Digispice Technologies Ltd,digispice technologies
517224,SUJANA UNIVERSAL INDUSTRIES LTD.,sujana universal
517228,TREND ELECTRONICS LTD.,trend electronics
517230,PAE LTD.,pae
517236,CALCOM VISION LTD.,calcom vision
517238,DYNAVISION LTD.,dynavision
517246,BCC FUBA INDIA LTD.,bcc fuba
517258,PRECISION ELECTRONICS LTD.,precision electronics
517264,FINE-LINE CIRCUITS LTD.,fine line circuits
517271,HBL POWER SYSTEMS LTD.,hbl power systems
517273,S&S POWER SWITCHGEAR LTD.,s s power switchgear
517288,Gujarat Poly Electronics Ltd,gujarat poly electronics
517296,Phoenix Lamps Limited,phoenix lamps
517300,GUJARAT INDUSTRIES POWER CO.LTD.,gujarat industries power co
517320,SAVANT INFOCOMM LTD.,savant infocomm
517326,Cmc Ltd.,cmc
517330,CMI LTD.,cmi
517334,Samvardhana Motherson International Ltd,samvardhana motherson international
517344,MINDTECK (INDIA) LTD.,mindteck
517354,HAVELLS INDIA LTD.,havells
517356,ACI INFOCOM LTD.,aci infocom
517360,SBEC SYSTEMS (INDIA) LTD.,sbec systems
517370,INCAP LTD.,incap
517372,GUJARAT INTRUX LTD.,gujarat intrux
517374,MUKESH STRIPS LTD.,mukesh strips
517380,IGARASHI MOTORS INDIA LTD.,igarashi motors
517385,Symphony Limited,symphony
517391,Gamma Infoway Exalt Ltd.,gamma infoway exalt
517393,VINTRON INFORMATICS LTD.,vintron informatics
517397,PAN ELECTRONICS INDIA LTD.,pan electronics
517399,VXL INSTRUMENTS LTD.,vxl instruments
517403,SUN SOURCE (INDIA) LTD.,sun source
517411,SHYAM TELECOM LTD.,shyam telecom
517415,LEE & NEE SOFTWARES (EXPORTS) LTD.,lee nee softwares exports
517417,PATELS AIRTEMP (INDIA) LTD.,patels airtemp
517421,Butterfly Gandhimathi Appliances Ltd,butterfly gandhimathi appliances
517423,INTEGRA SWITCHGEAR LTD.,integra switchgear
517429,Athena Global Technologies Ltd,athena global technologies
517431,NARMADA MACPLAST DRIP IRRIGATION SYSTEMS LTD.,narmada macplast drip irrigation systems
517433,INNOVATION SOFTWARE EXPORTS LTD.,innovation software exports
517437,DUTRON POLYMERS LTD.,dutron polymers
517447,R.S.SOFTWARE INDIA LTD.,r s software
517449,MAGNA ELECTRO CASTINGS LTD.,magna electro castings
517463,LINAKS MICROELECTRONICS LTD.,linaks microelectronics
517467,MARSONS LIMITED,marsons
517471,KOA TOOLS INDIA LTD.,koa tools
517477,ELNET TECHNOLOGIES LTD.,elnet technologies
517481,Artech Power & Trading Ltd,artech power trading
517494,Accel Ltd,accel
517496,RICOH INDIA LTD.,ricoh
517498,WEBSOL ENERGY SYSTEM LTD.,websol energy system
517500,ROTO PUMPS LTD.,roto pumps
517506,TTK PRESTIGE LTD.,ttk prestige
517514,D&H India Ltd,d h
517518,Leel Electricals Ltd,leel electricals
517522,RAJRATAN GLOBAL WIRE LTD.,rajratan global wire
517530,Surana Telecom And Power Limited,surana telecom and power
517534,Nivyah Infrastructure & Telecom Services Ltd.,nivyah infrastructure telecom services
517536,ONWARD TECHNOLOGIES LTD.,onward technologies
517544,CENTUM ELECTRONICS LTD.,centum electronics
517546,ALFA TRANSFORMERS LTD.,alfa transformers
517548,STARLITE COMPONENTS LTD.,starlite components
517552,ADVANCED MICRONIC DEVICES LTD.,advanced micronic devices
517554,NHC FOODS LTD.,nhc foods
517556,PVP VENTURES LTD.,pvp ventures
517562,TRIGYN TECHNOLOGIES LTD.,trigyn technologies
517564,GR CABLES LTD.,gr cables
517565,Ashco Niulab Industries Ltd.,ashco niulab
517569,KEI INDUSTRIES LTD.,kei
517571,IMP POWERS LTD.,imp powers
517973,DMC Education Ltd,dmc education
518011,KEERTHI INDUSTRIES LTD.,keerthi
518017,Bheema Cements Ltd.,bheema cements
518029,GUJARAT SIDHEE CEMENT LTD.,gujarat sidhee cement
518075,SURAJ PRODUCTS LTD.,suraj products
518091,ANJANI PORTLAND CEMENT LTD.,anjani portland cement
519003,Modi Naturals Limited,modi naturals
519014,PRASHANT INDIA LTD.,prashant
519031,SHAH FOODS LTD.,shah foods
519035,Wadala Commodities Ltd.,wadala commodities
519039,Vippy Industries Ltd.,vippy
519064,KHANDELWAL EXTRACTION LTD.,khandelwal extraction
519091,TASTY BITE EATABLES LTD.,tasty bite eatables
519097,RITESH INTERNATIONAL LTD.,ritesh international
519105,AVT NATURAL PRODUCTS LTD.,avt natural products
519126,HINDUSTAN FOODS LTD.,hindustan foods
519136,NAHAR INDUSTRIAL ENTERPRISES LTD.,nahar industrial enterprises
519152,VADILAL ENTERPRISES LTD.,vadilal enterprises
519156,VADILAL INDUSTRIES LTD.,vadilal
519174,ASHIANA AGRO INDUSTRIES LTD.,ashiana agro
519183,ADF FOODS LTD.,adf foods
519191,Retro Green Revolution Ltd,retro green revolution
519200,NAVCOM INDUSTRIES LTD.,navcom
519214,WILLIAMSON FINANCIAL SERVICES LTD.,williamson financial services
519216,AJANTA SOYA LTD.,ajanta soya
519224,WILLIAMSON MAGOR & COMPANY LTD.,williamson magor
519230,Richirich Inventures Limited,richirich inventures
519234,Superior Industrial Enterprises Limited,superior industrial enterprises
519238,SAPTARISHI AGRO INDUSTRIES LTD.,saptarishi agro
519242,SARDA PROTEINS LTD.,sarda proteins
519248,JVL AGRO INDUSTRIES LTD.,jvl agro
519260,Sanwaria Consumer Ltd,sanwaria consumer
519262,PRIMA AGRO LTD.,prima agro
519273,UNNO INDUSTRIES LTD.,unno
519279,MADHUR INDUSTRIES LTD.,madhur
519281,AGRO DUTCH INDUSTRIES LTD.,agro dutch
519285,TARAI FOODS LTD.,tarai foods
519287,MODERN DAIRIES LTD.,modern dairies
519295,BAMBINO AGRO INDUSTRIES LTD.,bambino agro
519299,PRIME INDUSTRIES LTD.,prime
519303,Trombo Extractions Ltd,trombo extractions
519307,VIKAS WSP LTD.,vikas wsp
519319,Jatalia Global Ventures Ltd,jatalia global ventures
519323,MURLI INDUSTRIES LTD.,murli
519331,VSF PROJECTS LTD.,vsf projects
519353,BANSISONS TEA INDUSTRIES LTD.,bansisons tea
519359,POONA DAL & OIL INDUSTRIES LTD.,poona dal oil
519367,TRANSGLOBE FOODS LTD.,transglobe foods
519373,VIMAL OIL & FOODS LTD.,vimal oil foods
519383,ANIK INDUSTRIES LTD.,anik
519397,SHARAT INDUSTRIES LTD.,sharat
519413,Datiware Maritime Infra Ltd,datiware maritime infra
519415,KMG MILK FOOD LTD.,kmg milk food
519421,KSE LTD.,kse
519439,PIONEER AGRO EXTRACTS LTD.,pioneer agro extracts
519455,NARBADA GEMS AND JEWELLERY LTD.,narbada gems and jewellery
519457,VIRAT CRANE INDUSTRIES LTD.,virat crane
519463,Ib Infotech Enterprises Ltd.,ib infotech enterprises
519471,Ambar Protein Industries Ltd,ambar protein
519475,CHORDIA FOOD PRODUCTS LTD.,chordia food products
519477,CIAN Agro Industries & Infrastructure Ltd,cian agro industries infrastructure
519479,OMEGA AG-SEEDS (PUNJAB) LTD.,omega ag seeds punjab
519483,TAI INDUSTRIES LTD.,tai
519485,Kohinoor Techno Engineers Limited,kohinoor techno engineers
519491,OCEAN AGRO (INDIA) LTD.,ocean agro
519494,N.K.INDUSTRIES LTD.,n k
519500,Bkv Industries Ltd.,bkv
519506,NCC BLUE WATER PRODUCTS LTD.,ncc blue water products
519532,ASIAN TEA & EXPORTS LTD.,asian tea exports
519552,Heritage Foods Limited,heritage foods
519560,NEHA INTERNATIONAL LTD.,neha international
519566,SIMRAN FARMS LTD.,simran farms
519570,LAKSHMI OVERSEAS INDUSTRIES LTD.,lakshmi overseas
519586,Smilax Industries Limited,smilax
519588,DFM FOODS LTD.,dfm foods
519600,CCL PRODUCTS (INDIA) LTD.,ccl products
519602,Kellton Tech Solutions Ltd.,kellton tech solutions
519604,SURYO FOODS & INDUSTRIES LTD.,suryo foods
519606,INTEGRATED PROTEINS LTD.,integrated proteins
519612,MAHAAN FOODS LTD.,mahaan foods
520003,Vybra Automet Ltd.,vybra automet
520008,RICO AUTO INDUSTRIES LTD.,rico auto
520021,OMAX AUTOS LTD.,omax autos
520026,Hella India Lighting Ltd.,hella india lighting
520043,MUNJAL SHOWA LTD.,munjal showa
520051,JAMNA AUTO INDUSTRIES LTD.,jamna auto
520056,TVS Holdings Ltd,tvs holdings
520057,Jtekt India Ltd,jtekt
520059,MUNJAL AUTO INDUSTRIES LTD.,munjal auto
520066,JAY BHARAT MARUTI LTD.,jay bharat maruti
520073,RACL Geartech Ltd,racl geartech
520075,SAMKRG PISTONS & RINGS LTD.,samkrg pistons rings
520077,AMTEK AUTO LTD.,amtek auto
520081,EAST COAST STEEL LTD.,east coast steel
520086,SICAL LOGISTICS LTD.,sical logistics
520111,RATNAMANI METALS & TUBES LTD.,ratnamani metals tubes
520113,VESUVIUS INDIA LTD.,vesuvius
520115,BRAKES AUTO (INDIA) LTD.,brakes auto
520119,AUTOMOTIVE STAMPINGS & ASSEMBLIES LTD.,automotive stampings assemblies
520121,ARCEE INDUSTRIES LTD.,arcee
520123,ABC INDIA LTD.,abc
520127,BALURGHAT TECHNOLOGIES LTD.,balurghat technologies
520131,COASTAL ROADWAYS LTD.,coastal roadways
520139,JAGSON AIRLINES LTD.,jagson airlines
520141,SIBAR AUTO PARTS LTD.,sibar auto parts
520151,SHREYAS SHIPPING & LOGISTICS LTD.,shreyas shipping logistics
520155,Starlog Enterprises Ltd,starlog enterprises
521003,SHIVA SUITINGS LTD.,shiva suitings
521005,Titan Intech Ltd,titan intech
521014,EUROTEX INDUSTRIES & EXPORTS LTD.,eurotex industries exports
521016,INDO COUNT INDUSTRIES LTD.,indo count
521018,MARAL OVERSEAS LTD.,maral overseas
521022,SURYAJYOTI SPINNING MILLS LTD.,suryajyoti spinning mills
521030,Nakoda Limited,nakoda
521034,SOMA TEXTILES & INDUSTRIES LTD.,soma textiles
521036,SOURCE INDUSTRIES (INDIA) LTD.,source industries
521038,TAMILNADU JAIBHARAT MILLS LTD.,tamilnadu jaibharat mills
521046,Vanasthali Textile Industries Ltd.,vanasthali textile
521048,ADVANCE LIFESTYLES LTD.,advance lifestyles
521054,KAKATIYA TEXTILES LTD.,kakatiya textiles
521056,Cheslind Textiles Ltd.,cheslind textiles
521062,Perfect-Octave Media Projects Ltd,perfect octave media projects
521064,TRIDENT LTD.,trident
521068,HISAR SPINNING MILLS LTD.,hisar spinning mills
521070,ALOK INDUSTRIES LTD.,alok
521076,AMIT SPINNING INDUSTRIES LTD.,amit spinning
521080,PASARI SPINNING MILLS LTD.,pasari spinning mills
521082,SPENTEX INDUSTRIES LTD.,spentex
521097,AMARJOTHI SPINNING MILLS LTD.,amarjothi spinning mills
521105,OLYMPIA INDUSTRIES LTD.,olympia
521109,NAGREEKA EXPORTS LTD.,nagreeka exports
521113,SUDITI INDUSTRIES LTD.,suditi
521127,KHATOR FIBRE & FABRICS LTD.,khator fibre fabrics
521131,Shree Bhavya Fabrics Ltd,shree bhavya fabrics
521133,GEM SPINNERS INDIA LTD.,gem spinners
521137,EUREKA INDUSTRIES LTD.,eureka
521141,ADITYA SPINNERS LTD.,aditya spinners
521149,PRIME URBAN DEVELOPMENT INDIA LTD.,prime urban development
521151,DHANLAXMI FABRICS LTD.,dhanlaxmi fabrics
521161,SRI LAKSHMI SARASWATHI TEXTILES (ARNI) LTD.,sri lakshmi saraswathi textiles arni
521163,ZODIAC CLOTHING CO.LTD.,zodiac clothing co
521167,FRONTLINE BUSINESS SOLUTIONS LTD.,frontline business solutions
521174,ARORA FIBRES LTD.,arora fibres
521176,GANGOTRI TEXTILES LTD.,gangotri textiles
521178,SRI RAMAKRISHNA MILLS (COIMBATORE) LTD.,sri ramakrishna mills coimbatore
521180,SUPER SPINNING MILLS LTD.,super spinning mills
521182,SEASONS FURNISHINGS LTD.,seasons furnishings
521188,UNITED TEXTILES LTD.,united textiles
521194,SIL INVESTMENTS LTD.,sil investments
521200,SURYALAKSHMI COTTON MILLS LTD.,suryalakshmi cotton mills
521206,SAMTEX FASHIONS LTD.,samtex fashions
521210,CITYMAN LTD.,cityman
521216,DHANALAXMI ROTO SPINNERS LTD.,dhanalaxmi roto spinners
521220,DAMODAR INDUSTRIES LTD.,damodar
521222,SANBLUE CORPORATION LTD.,sanblue corporation
521226,UNIROYAL INDUSTRIES LTD.,uniroyal
521228,TATIA GLOBAL VENNTURE LTD.,tatia global vennture
521232,SUNIL INDUSTRIES LTD.,sunil
521234,SRI NACHAMMAI COTTON MILLS LTD.,sri nachammai cotton mills
521238,KKRRAFTON Developers Ltd,kkrrafton developers
521240,SAMBANDAM SPINNING MILLS LTD.,sambandam spinning mills
521242,KANDAGIRI SPINNING MILLS LTD.,kandagiri spinning mills
521244,Chitradurga Spintex Ltd.,chitradurga spintex
521246,PARAS PETROFILS LTD.,paras petrofils
521248,KITEX GARMENTS LTD.,kitex garments
522001,CRANEX LTD.,cranex
522004,BATLIBOI LTD.,batliboi
522005,AUSTIN ENGINEERING CO.LTD.,austin engineering co
522014,UNITED DRILLING TOOLS LTD.,united drilling tools
522015,VCCL LTD.,vccl
522017,FLUIDOMAT LTD.,fluidomat
522027,EMA INDIA LTD.,ema
522029,WINDSOR MACHINES LTD.,windsor machines
522034,SHANTHI GEARS LTD.,shanthi gears
522036,MIVEN MACHINE TOOLS LTD.,miven machine tools
522042,S.m.energy Teknik & Electronics Ltd.,s m energy teknik electronics
522064,Honda India Power Products Ltd,honda india power products
522073,The Hi-Tech Gears Ltd,the hi tech gears
522074,ELGI EQUIPMENTS LTD.,elgi equipments
522080,Terruzzi Fercalx India Limited,terruzzi fercalx
522085,STONE INDIA LTD.,stone
522091,United Van Der Horst Ltd.,united van der horst
522101,KILBURN ENGINEERING LTD.,kilburn engineering
522105,BIRLA PRECISION TECHNOLOGIES LTD.,birla precision technologies
522108,YUKEN INDIA LTD.,yuken
522113,TIMKEN INDIA LTD.,timken
522122,VOITH PAPER FABRICS INDIA LTD.,voith paper fabrics
522134,ARTSON ENGINEERING LTD.,artson engineering
522142,Techno Forge Ltd.,techno forge
522150,ADITYA FORGE LTD.,aditya forge
522152,SOLITAIRE MACHINE TOOLS LTD.,solitaire machine tools
522163,Diamond Power Infrastructure Limited,diamond power infrastructure
522165,INDSIL HYDRO POWER AND MANGANESE LTD.,indsil hydro power and manganese
522171,TMT (INDIA) LTD.,tmt
522175,SVOGL Oil Gas And Energy Ltd,svogl oil gas and energy
522183,ITL INDUSTRIES LTD.,itl
522195,FRONTIER SPRINGS LTD.,frontier springs
522205,PRAJ INDUSTRIES LTD.,praj
522207,RASANDIK ENGINEERING INDUSTRIES INDIA LTD.,rasandik engineering industries
522209,YOGI SUNG-WON (INDIA) LTD.,yogi sung won
522215,HLE Glascoat Ltd,hle glascoat
522217,GUJARAT APOLLO INDUSTRIES LTD.,gujarat apollo
522229,TANEJA AEROSPACE & AVIATION LTD.,taneja aerospace aviation
522231,CONART ENGINEERS LTD.,conart engineers
522233,VHCL INDUSTRIES LTD.,vhcl
522235,Minal Industries Limited,minal
522237,SHIVAGRICO IMPLEMENTS LTD.,shivagrico implements
522241,M.M.FORGINGS LTD.,m m forgings
522245,IYKOT HITECH TOOLROOM LTD.,iykot hitech toolroom
522249,MAYUR UNIQUOTERS LTD.,mayur uniquoters
522251,CENLUB INDUSTRIES LTD.,cenlub
522257,RAJOO ENGINEERS LTD.,rajoo engineers
522259,Kalindee Rail Nirman (Engineers) Ltd,kalindee rail nirman engineers
522261,DOLPHIN OFFSHORE ENTERPRISES (INDIA) LTD.,dolphin offshore enterprises
522263,JMC PROJECTS (INDIA) LTD.,jmc projects
522267,VEEJAY LAKSHMI ENGINEERING WORKS LTD.,veejay lakshmi engineering works
522273,AHMEDABAD STEELCRAFT LTD.,ahmedabad steelcraft
522275,GE T&D India Ltd,ge t d
522279,Satellite Engineering Ltd.,satellite engineering
522281,RAM RATNA WIRES LTD.,ram ratna wires
522285,JAYASWAL NECO INDUSTRIES LTD.,jayaswal neco
522287,Kalpataru Projects International Ltd,kalpataru projects international
522289,NMS Resources Global Ltd,nms resources global
522292,Candour Techtex Ltd,candour techtex
522294,T & I GLOBAL LTD.,t i global
522295,CONTROL PRINT LTD.,control print
522296,S.s.forgings & Engineering Ltd.,s s forgings engineering
522650,BEMCO HYDRAULICS LTD.,bemco hydraulics
523001,PROFESSIONAL DIAMONDS LTD.,professional diamonds
523007,ANSAL BUILDWELL LTD.,ansal buildwell
523011,WEIZMANN LTD.,weizmann
523019,B.N.RATHI SECURITIES LTD.,b n rathi securities
523021,RISHI TECHTEX LTD.,rishi techtex
523023,SINCLAIRS HOTELS LTD.,sinclairs hotels
523025,SAFARI INDUSTRIES (INDIA) LTD.,safari industries
523030,RAJDHANI LEASING & INDUSTRIES LTD.,rajdhani leasing
523031,ADS DIAGNOSTIC LTD.,ads diagnostic
523054,BINAYAK TEX PROCESSORS LTD.,binayak tex processors
523062,J.J.FINANCE CORPORATION LTD.,j j finance corporation
523100,COSMO FERRITES LTD.,cosmo ferrites
523105,Cropster Agro Ltd,cropster agro
523113,FUTURISTIC SECURITIES LTD.,futuristic securities
523116,SANCO TRANS LTD.,sanco trans
523120,ADOR MULTIPRODUCTS LTD.,ador multiproducts
523127,EIH ASSOCIATED HOTELS LTD.,eih associated hotels
523133,BONANZA INDUSTRIES LTD.,bonanza
523144,MEDI-CAPS LTD.,medi caps
523151,OTCO INTERNATIONAL LTD.,otco international
523160,MORGANITE CRUCIBLE (INDIA) LTD.,morganite crucible
523164,SIP INDUSTRIES LTD.,sip
523186,B&A Packaging India Limited,b a packaging
523200,CLASSIC DIAMONDS (INDIA) LTD.,classic diamonds
523204,ABAN OFFSHORE LTD.,aban offshore
523207,KOKUYO CAMLIN LTD.,kokuyo camlin
523209,Nicco Uco Alliance Credit Ltd.,nicco uco alliance credit
523218,KILBURN OFFICE AUTOMATION LTD.,kilburn office automation
523221,MCS LTD.,mcs
523222,SRM ENERGY LTD.,srm energy
523229,BHARAT SEATS LTD.,bharat seats
523232,CONTINENTAL PETROLEUMS LTD.,continental petroleums
523236,SHRENUJ & CO.LTD.,shrenuj co
523242,NB FOOTWEAR LTD.,nb footwear
523248,MACHINO PLASTICS LTD.,machino plastics
523260,PEARL POLYMERS LTD.,pearl polymers
523261,VENKY'S (INDIA) LTD.,venky s
523269,ADVANI HOTELS & RESORTS (INDIA) LTD.,advani hotels resorts
523277,GV FILMS LTD.,gv films
523283,SUPERHOUSE LTD.,superhouse
523289,RAMA VISION LTD.,rama vision
523301,TCPL PACKAGING LTD.,tcpl packaging
523307,Panasonic Appliances India Company Ltd.,panasonic appliances india
523315,PURITY FLEX PACK LTD.,purity flex pack
523319,BALMER LAWRIE & CO.LTD.,balmer lawrie co
523323,KOVAI MEDICAL CENTER & HOSPITAL LTD.,kovai medical center hospital
523329,ELDECO HOUSING & INDUSTRIES LTD.,eldeco housing
523343,MICROSE INDIA LTD.,microse
523351,STANDARD SHOE SOLE AND MOULD (INDIA) LTD.,standard shoe sole and mould
523353,Cdr Health Care Ltd.,cdr health care
523359,Sharp Industries Ltd.,sharp
523363,Sterling Holiday Resorts (india) Ltd.,sterling holiday resorts
523367,DCM Shriram Limited,dcm shriram
523369,DCM SHRIRAM INDUSTRIES LTD.,dcm shriram
523371,MAWANA SUGARS LTD.,mawana sugars
523373,MINI DIAMONDS (INDIA) LTD.,mini diamonds
523384,MAHA RASHTRA APEX CORPORATION LTD.,maha rashtra apex corporation
523385,NILKAMAL LTD.,nilkamal
523387,TRITON CORP.LTD.,triton corp
523391,NAHAR POLYFILMS LTD.,nahar polyfilms
523395,3M INDIA LTD.,3m
523398,Johnson Controls-Hitachi Air Conditioning India Ltd,johnson controls hitachi air conditioning
523405,JM FINANCIAL LTD.,jm financial
523411,ADC India Communications Limited,adc india communications
523415,COVENTRY COIL-O-MATIC (HARYANA) LTD.,coventry coil o matic haryana
523419,TAMILNADU TELECOMMUNICATIONS LTD.,tamilnadu telecommunications
523425,SUNRAJ DIAMOND EXPORTS LTD.,sunraj diamond exports
523445,RELIANCE INDUSTRIAL INFRASTRUCTURE LTD.,reliance industrial infrastructure
523449,SHARP INDIA LTD.,sharp
523455,TECHTRAN POLYLENSES LTD.,techtran polylenses
523457,Linde India Limited,linde
523465,IND BANK HOUSING LTD.,ind bank housing
523467,JAI MATA GLASS LTD.,jai mata glass
523475,LOTUS CHOCOLATE CO.LTD.,lotus chocolate co
523477,Gujarat Gas Co.ltd.,gujarat gas co
523483,PACIFIC INDUSTRIES LTD.,pacific
523489,CHENNAI MEENAKSHI MULTISPECIALITY HOSPITAL LTD.,chennai meenakshi multispeciality hospital
523519,UNIVERSAL OFFICE AUTOMATION LTD.,universal office automation
523523,RAINBOW PAPERS LTD.,rainbow papers
523537,APM INDUSTRIES LTD.,apm
523539,PRECISION WIRES INDIA LTD.,precision wires
523550,KRYPTON INDUSTRIES LTD.,krypton
523558,Swiss Military Consumer Goods Ltd,swiss military consumer goods
523566,MARTIN BURN LTD.,martin burn
523574,Future Enterprises Ltd,future enterprises
523576,Flawless Diamond (india) Ltd.,flawless diamond
523586,INDIAN TONERS & DEVELOPERS LTD.,indian toners developers
523592,JENSON & NICHOLSON (INDIA) LTD.,jenson nicholson
523594,KUNSTSTOFFE INDUSTRIES LTD.,kunststoffe
523598,SHIPPING CORPORATION OF INDIA LTD.,shipping corporation of
523606,SIKA INTERPLANT SYSTEMS LTD.,sika interplant systems
523610,ITI LTD.,iti
523618,DREDGING CORPORATION OF INDIA LTD.,dredging corporation of
523620,PHAARMASIA LTD.,phaarmasia
523628,Poddar Housing and Development Ltd,poddar housing and development
523630,NATIONAL FERTILIZERS LTD.,national fertilizers
523638,IP RINGS LTD.,ip rings
523642,PI Industries Ltd,pi
523648,PLASTIBLENDS INDIA LTD.,plastiblends
523650,Yash Innoventures Ltd,yash innoventures
523652,Kkalpana Plastick Ltd,kkalpana plastick
523658,Rishiroop Rubber (international) Ltd.,rishiroop rubber international
523660,WATERBASE LTD.,waterbase
523670,NOIDA MEDICARE CENTRE LTD.,noida medicare centre
523672,FLEX FOODS LTD.,flex foods
523676,GOLKUNDA DIAMONDS & JEWELLERY LTD.,golkunda diamonds jewellery
523694,APCOTEX INDUSTRIES LTD.,apcotex
523696,Fortis Malar Hospitals Limited,fortis malar hospitals
523704,MASTEK LTD.,mastek
523708,EIMCO ELECON (INDIA) LTD.,eimco elecon
523710,SAYAJI HOTELS LTD.,sayaji hotels
523712,JMG CORPORATION LTD.,jmg corporation
523716,ASHIANA HOUSING LTD.,ashiana housing
523722,SVAM SOFTWARE LTD.,svam software
523724,VIJAY SHANTHI BUILDERS LTD.,vijay shanthi builders
523728,SIDDHARTHA TUBES LTD.,siddhartha tubes
523732,ECOBOARD INDUSTRIES LTD.,ecoboard
523736,Dhunseri Ventures Ltd,dhunseri ventures
523752,Trans India House Impex Ltd,trans india house impex
523754,Mahindra EPC Irrigation Ltd,mahindra epc irrigation
523756,SREI INFRASTRUCTURE FINANCE LTD.,srei infrastructure finance
523768,GUJARAT BOROSIL LTD.,gujarat borosil
523782,Mitshi India Ltd,mitshi
523790,SHUKRA JEWELLERS LTD.,shukra jewellers
523792,MAZDA LTD.,mazda
523796,VICEROY HOTELS LTD.,viceroy hotels
523810,DIVINE MULTIMEDIA (INDIA) LTD.,divine multimedia
523820,NEO CORP INTERNATIONAL LTD.,neo corp international
523826,SOVEREIGN DIAMONDS LTD.,sovereign diamonds
523828,MENON BEARINGS LTD.,menon bearings
523832,Mukat Pipes Ltd.,mukat pipes
523836,GUJARAT RAFFIA INDUSTRIES LTD.,gujarat raffia
523838,SIMPLEX INFRASTRUCTURES LTD.,simplex infrastructures
523840,INNOVATIVE TECH PACK LTD.,innovative tech pack
523842,Super Tannery Limited,super tannery
523844,Constronics Infra Ltd,constronics infra
523846,SKYPAK SERVICE SPECIALIST LTD.,skypak service specialist
523850,AXTEL INDUSTRIES LTD.,axtel
523856,Torrent Cables Ltd.,torrent cables
523862,Pacheli Industrial Finance Ltd,pacheli industrial finance
523872,MAGNA INDUSTRIES & EXPORTS LTD.,magna industries exports
523874,PRECISION CONTAINEURS LTD.,precision containeurs
523876,JYOTI OVERSEAS LTD.,jyoti overseas
523878,TOTAL EXPORTS LTD.,total exports
523888,V R WOODART LTD.,v r woodart
523890,D.S.KULKARNI DEVELOPERS LTD.,d s kulkarni developers
523896,Avi Products India Ltd,avi products
524000,Poonawalla Fincorp Ltd,poonawalla fincorp
524013,HINDUSTAN FLUOROCARBONS LTD.,hindustan fluorocarbons
524019,Kingfa Science & Technology (India) Ltd,kingfa science technology
524031,Patidar Buildcon Limited,patidar buildcon
524037,RAMA PHOSPHATES LTD.,rama phosphates
524038,VENLON ENTERPRISES LTD.,venlon enterprises
524046,PET PLASTICS LTD.,pet plastics
524051,POLYPLEX CORPORATION LTD.,polyplex corporation
524055,PANTHER INDUSTRIAL PRODUCTS LTD.,panther industrial products
524075,ALBERT DAVID LTD.,albert david
524080,HARYANA LEATHER CHEMICALS LTD.,haryana leather chemicals
524084,MONSANTO INDIA LTD.,monsanto
524091,Carysil Ltd,carysil
524103,Linear Polymers Ltd.,linear polymers
524109,KABRA EXTRUSIONTECHNIK LTD.,kabra extrusiontechnik
524129,VINYL CHEMICALS (INDIA) LTD.,vinyl chemicals
524136,PEE CEE COSMA SOPE LTD.,pee cee cosma sope
524138,Mahindra Composites Ltd.,mahindra composites
524156,TCM LTD.,tcm
524164,IOL CHEMICALS & PHARMACEUTICALS LTD.,iol chemicals pharmaceuticals
524174,KESAR PETROPRODUCTS LTD.,kesar petroproducts
524200,VINATI ORGANICS LTD.,vinati organics
524202,LACTOSE (INDIA) LTD.,lactose
524204,TEESTA AGRO INDUSTRIES LTD.,teesta agro
524208,AARTI INDUSTRIES LTD.,aarti
524210,PENTOKEY ORGANY (INDIA) LTD.,pentokey organy
524212,WANBURY LTD.,wanbury
524218,RESONANCE SPECIALTIES LTD.,resonance specialties
524226,GUJARAT AMBUJA EXPORTS LTD.,gujarat ambuja exports
524230,RASHTRIYA CHEMICALS & FERTILIZERS LTD.,rashtriya chemicals fertilizers
524232,MAHARASHTRA POLYBUTENES LTD.,maharashtra polybutenes
524264,UNIMERS INDIA LTD.,unimers
524270,MAGNA COLORS LTD.,magna colors
524276,Dujodwala Paper Chemical Ltd.,dujodwala paper chemical
524280,KOPRAN LTD.,kopran
524288,AIMCO PESTICIDES LTD.,aimco pesticides
524310,Vbc Industries Ltd.,vbc
524314,GUJARAT TERCE LABORATORIES LTD.,gujarat terce laboratories
524322,KABRA DRUGS LTD.,kabra drugs
524324,SEYA INDUSTRIES LTD.,seya
524330,JAYANT AGRO-ORGANICS LTD.,jayant agro organics
524332,BCL Industries Ltd,bcl
524336,SHREE HARI CHEMICALS EXPORT LTD.,shree hari chemicals export
524342,INDO BORAX & CHEMICALS LTD.,indo borax chemicals
524348,AARTI DRUGS LTD.,aarti drugs
524370,BODAL CHEMICALS LTD.,bodal chemicals
524372,Orchid Pharma Ltd,orchid pharma
524388,CRAZY INFOTECH LTD.,crazy infotech
524394,VIMTA LABS LTD.,vimta labs
524396,BIOFIL CHEMICALS & PHARMACEUTICALS LTD.,biofil chemicals pharmaceuticals
524400,ISHITA DRUGS & INDUSTRIES LTD.,ishita drugs
524404,MARKSANS PHARMA LTD.,marksans pharma
524408,UNIVERSAL STARCH-CHEM ALLIED LTD.,universal starch chem allied
524412,AAREY DRUGS & PHARMACEUTICALS LTD.,aarey drugs pharmaceuticals
524414,NORRIS MEDICINES LTD.,norris medicines
524434,ASIAN PETROPRODUCTS & EXPORTS LTD.,asian petroproducts exports
524440,CAMEX LTD.,camex
524444,Evexia Lifecare Ltd,evexia lifecare
524446,Sabero Organics Gujarat Ltd.,sabero organics gujarat
524448,Ahlcon Parenterals (india) Ltd.,ahlcon parenterals
524458,INDO EURO INDCHEM LTD.,indo euro indchem
524470,SYNCOM FORMULATIONS (INDIA) LTD.,syncom formulations
524480,RIDDHI SIDDHI GLUCO BIOLS LTD.,riddhi siddhi gluco biols
524484,TRANS MEDICARE LTD.,trans medicare
524488,SVC INDUSTRIES Ltd,svc
524494,IPCA LABORATORIES LTD.,ipca laboratories
524500,KILITCH DRUGS (INDIA) LTD.,kilitch drugs
524502,RAAJ MEDISAFE INDIA LTD.,raaj medisafe
524506,CORAL LABORATORIES LTD.,coral laboratories
524514,TULASEE BIO-ETHANOL LTD.,tulasee bio ethanol
524516,BACIL PHARMA LTD.,bacil pharma
524518,KREBS BIOCHEMICALS & INDUSTRIES LTD.,krebs biochemicals
524520,KMC SPECIALITY HOSPITALS (INDIA) LTD.,kmc speciality hospitals
524522,LAFFANS PETROCHEMICALS LTD.,laffans petrochemicals
524534,BHASKAR AGROCHEMICALS LTD.,bhaskar agrochemicals
524540,SECUNDERABAD HEALTHCARE LTD.,secunderabad healthcare
524542,SUKHJIT STARCH & CHEMICALS LTD.,sukhjit starch chemicals
524546,SHABA CHEMICALS LTD.,shaba chemicals
524552,SHASUN PHARMACEUTICALS LTD.,shasun pharmaceuticals
524558,NEULAND LABORATORIES LTD.,neuland laboratories
524564,GAYATRI BIOORGANICS LTD.,gayatri bioorganics
524570,PODDAR PIGMENTS LTD.,poddar pigments
524572,PHARMAIDS PHARMACEUTICALS LTD.,pharmaids pharmaceuticals
524576,VIVID GLOBAL INDUSTRIES LTD.,vivid global
524580,PRIYA LTD.,priya
524582,TIRUPATI STARCH & CHEMICALS LTD.,tirupati starch chemicals
524588,Emed.com Technologies Ltd,emed com technologies
524590,Hemo Organic Limited,hemo organic
524592,JD ORGOCHEM LTD.,jd orgochem
524594,ASHOK ALCO-CHEM LTD.,ashok alco chem
524598,AKSHARCHEM (INDIA) LTD.,aksharchem
524602,Bandaram Pharma Packtech Ltd,bandaram pharma packtech
524604,Adline Chem Lab Ltd,adline chem lab
524606,BERYL DRUGS LTD.,beryl drugs
524610,RATHI GRAPHIC TECHNOLOGIES LTD.,rathi graphic technologies
524614,IEL Ltd,iel
524622,iStreet Network Limited,istreet network
524624,GAGAN GASES LTD.,gagan gases
524628,PARKER AGROCHEM EXPORTS LTD.,parker agrochem exports
524632,Shukra Pharmaceuticals Ltd,shukra pharmaceuticals
524634,ALUFLUORIDE LTD.,alufluoride
524636,Oxygenta Pharmaceutical Ltd,oxygenta pharmaceutical
524640,ARCHIT ORGANOSYS LTD.,archit organosys
524642,Sikozy Realtors Limited,sikozy realtors
524648,INDO AMINES LTD.,indo amines
524652,IND-SWIFT LTD.,ind swift
524654,NATURAL CAPSULES LTD.,natural capsules
524661,WELCURE DRUGS & PHARMACEUTICALS LTD.,welcure drugs pharmaceuticals
524663,BHARAT IMMUNOLOGICALS & BIOLOGICALS CORPORATION LTD.,bharat immunologicals biologicals corporation
524667,SAVITA OIL TECHNOLOGIES LTD.,savita oil technologies
524669,HESTER BIOSCIENCES LTD.,hester biosciences
524675,KABSONS INDUSTRIES LTD.,kabsons
524687,BASANT AGRO TECH (INDIA) LTD.,basant agro tech
524689,PARENTERAL DRUGS (INDIA) LTD.,parenteral drugs
524699,KILBURN CHEMICALS LTD.,kilburn chemicals
524703,SANDU PHARMACEUTICALS LTD.,sandu pharmaceuticals
524709,NACL Industries Ltd,nacl
524711,Vista Pharmaceuticals Ltd.,vista pharmaceuticals
524715,SUN PHARMACEUTICAL INDUSTRIES LTD.,sun pharmaceutical
524717,TITAN BIOTECH LTD.,titan biotech
524719,Socrus Bio Sciences Limited,socrus bio sciences
524723,BIJOY HANS LTD.,bijoy hans
524727,Span Divergent Ltd,span divergent
524731,JENBURKT PHARMACEUTICALS LTD.,jenburkt pharmaceuticals
524735,HIKAL LTD.,hikal
524737,Benzo Petro International Ltd.,benzo petro international
524742,CAPLIN POINT LABORATORIES LTD.,caplin point laboratories
524743,FISCHER CHEMIC LTD.,fischer chemic
524748,LINK PHARMA CHEM LTD.,link pharma chem
524752,Combat Drugs Ltd.,combat drugs
524754,GUJARAT MEDITECH LTD.,gujarat meditech
524758,WINTAC LTD.,wintac
524760,Arvind International Ltd.,arvind international
524764,Nutraplus India Limited,nutraplus
524768,EMMESSAR BIOTECH & NUTRITION LTD.,emmessar biotech nutrition
524774,NGL FINE-CHEM LTD.,ngl fine chem
524788,ELDER PROJECTS LTD.,elder projects
524790,EVEREST ORGANICS LTD.,everest organics
524796,VARDHAMAN LABORATORIES LTD.,vardhaman laboratories
524804,AUROBINDO PHARMA LTD.,aurobindo pharma
524808,PHYTO CHEM (INDIA) LTD.,phyto chem
524816,NATCO PHARMA LTD.,natco pharma
524818,DYNAMIC INDUSTRIES LTD.,dynamic
524820,PANAMA PETROCHEM LTD.,panama petrochem
524824,BAL PHARMA LTD.,bal pharma
524828,BDH INDUSTRIES LTD.,bdh
524830,ELDER HEALTH CARE LTD.,elder health care
526001,JAUSS POLYMERS LTD.,jauss polymers
526009,PROCAL ELECTRONICS INDIA LTD.,procal electronics
526015,KEMROCK INDUSTRIES & EXPORTS LTD.,kemrock industries exports
526025,Globus Constructors & Developers Limited,globus constructors developers
526027,CUBEX TUBINGS LTD.,cubex tubings
526043,POLYMECHPLAST MACHINES LTD.,polymechplast machines
526045,LUMINAIRE TECHNOLOGIES LTD.,luminaire technologies
526049,Shri Lakshmi Cotsyn Ltd.,shri lakshmi cotsyn
526067,KCCL PLASTIC LTD.,kccl plastic
526071,STELLANT SECURITIES (INDIA) LTD.,stellant securities
526073,GALAXY BEARINGS LTD.,galaxy bearings
526075,REKVINA LABORATORIES LTD.,rekvina laboratories
526081,SC Agrotech Ltd,sc agrotech
526085,SAGAR TOURIST RESORTS LTD.,sagar tourist resorts
526093,SATHAVAHANA ISPAT LTD.,sathavahana ispat
526095,RAVILEELA GRANITES LTD.,ravileela granites
526109,Pricol   Ltd,pricol
526113,UNIROYAL MARINE EXPORTS LTD.,uniroyal marine exports
526115,KARAN WOO-SIN LTD.,karan woo sin
526117,SHERVANI INDUSTRIAL SYNDICATE LTD.,shervani industrial syndicate
526125,BN Holdings Ltd,bn holdings
526133,SUPERTEX INDUSTRIES LTD.,supertex
526137,SHETRON LTD.,shetron
526139,TRANSGENE BIOTEK LTD.,transgene biotek
526141,Compact Disc India Ltd.,compact disc
526143,MPL Plastics Limited,mpl plastics
526159,NIKHIL ADHESIVES LTD.,nikhil adhesives
526161,SPENTA INTERNATIONAL LTD.,spenta international
526169,MULTIBASE INDIA LTD.,multibase
526173,ANDREW YULE & COMPANY LTD.,andrew yule
526179,LUDLOW JUTE & SPECIALITIES LTD.,ludlow jute specialities
526187,ASHRAM ONLINE.COM LTD.,ashram online com
526193,ROYAL CUSHION VINYL PRODUCTS LTD.,royal cushion vinyl products
526195,NEOGEM INDIA LTD.,neogem
526209,K.S.OILS LTD.,k s oils
526211,SURAJ INDUSTRIES LTD.,suraj
526217,Hitech Corporation Ltd,hitech corporation
526225,BLOOM DEKOR LTD.,bloom dekor
526227,FILATEX INDIA LTD.,filatex
526231,STANDARD SURFACTANTS LTD.,standard surfactants
526235,MERCATOR LTD.,mercator
526237,MORGAN VENTURES LTD.,morgan ventures
526241,AMRAPALI INDUSTRIES LTD.,amrapali
526247,PREMIER EXPLOSIVES LTD.,premier explosives
526251,MID EAST PORTFOLIO MANAGEMENT LTD.,mid east portfolio management
526263,MOLD-TEK TECHNOLOGIES LTD.,mold tek technologies
526269,CRESTCHEM LTD.,crestchem
526285,DIVYA JYOTI INDUSTRIES LTD.,divya jyoti
526299,MPHASIS LTD.,mphasis
526301,MEDINOVA DIAGNOSTIC SERVICES LTD.,medinova diagnostic services
526307,HIND INDUSTRIES LTD.,hind
526313,Nu-tech Corporate Services Ltd.,nu tech corporate services
526315,Divyashakti Ltd,divyashakti
526325,ORIENT PRESS LTD.,orient press
526335,SHREYAS INTERMEDIATES LTD.,shreyas intermediates
526347,Acclaim Industries Limited,acclaim
526349,Nirbhay Colours India Ltd,nirbhay colours
526355,DUROPACK LTD.,duropack
526365,Swarnsarita Jewels India Ltd,swarnsarita jewels
526367,GANESH HOUSING CORPORATION LTD.,ganesh housing corporation
526371,NMDC LTD.,nmdc
526373,CINDRELLA HOTELS LTD.,cindrella hotels
526381,PATEL INTEGRATED LOGISTICS LTD.,patel integrated logistics
526397,ALPHAGEO (INDIA) LTD.,alphageo
526403,Regency Hospital Ltd.,regency hospital
526407,RITESH PROPERTIES & INDUSTRIES LTD.,ritesh properties
526409,Kkalpana Industries (India) Ltd,kkalpana industries
526415,OK PLAY INDIA LTD.,ok play
526423,KRITI INDUSTRIES (INDIA) LTD.,kriti industries
526431,WELTERMAN INTERNATIONAL LTD.,welterman international
526433,ASM TECHNOLOGIES LTD.,asm technologies
526435,PERFECTPAC LTD.,perfectpac
526439,Ambitious Plastomac Company Ltd.,ambitious plastomac
526441,VISION CINEMAS LTD.,vision cinemas
526443,DATASOFT APPLICATION SOFTWARE (INDIA) LTD.,datasoft application software
526445,INDRAYANI BIOTECH LTD.,indrayani biotech
526463,U.g.hotels And Resorts Ltd.,u g hotels and resorts
526468,EURO LEDER FASHION LTD.,euro leder fashion
526471,WINSOME BREWERIES LTD.,winsome breweries
526473,Elegant Floriculture & Agrotech (india) Ltd.,elegant floriculture agrotech
526477,SOUTH ASIAN ENTERPRISES LTD.,south asian enterprises
526479,SKY INDUSTRIES LTD.,sky
526481,PHOENIX INTERNATIONAL LTD.,phoenix international
526483,Eduexel Infotainment Limited,eduexel infotainment
526488,Bhudevi Infra Projects Ltd,bhudevi infra projects
526490,PRATIK PANELS LTD.,pratik panels
526492,Rishiroop Ltd,rishiroop
526494,Promact Impex Ltd,promact impex
526496,RUBBER PRODUCTS LTD.,rubber products
526500,STERLING GREEN WOODS LTD.,sterling green woods
526504,DOLPHIN MEDICAL SERVICES LTD.,dolphin medical services
526506,SYSTEMATIX CORPORATE SERVICES LTD.,systematix corporate services
526508,Shahi Shipping Ltd,shahi shipping
526512,INTERLINK PETROLEUM LTD.,interlink petroleum
526519,ALPINE HOUSING DEVELOPMENT CORPORATION LTD.,alpine housing development corporation
526521,SANGHI INDUSTRIES LTD.,sanghi
526523,JAY ENERGY AND S.ENERGIES LTD.,jay energy and s energies
526525,Worldwide Aluminium Ltd,worldwide aluminium
526530,Sudev Industries Ltd.,sudev
526532,Square Four Projects India Limited,square four projects
526538,MAXIMAA SYSTEMS LTD.,maximaa systems
526544,SCANPOINT GEOMATICS LTD.,scanpoint geomatics
526546,CHOKSI LABORATORIES LTD.,choksi laboratories
526550,Country Club Hospitality & Holidays Ltd,country club hospitality holidays
526554,SALGUTI INDUSTRIES LTD.,salguti
526558,JAMES HOTELS LTD.,james hotels
526560,Eicl Ltd.,eicl
526568,LONGVIEW TEA COMPANY LTD.,longview tea
526570,MIDWEST GOLD LTD.,midwest gold
526574,ENTERPRISE INTERNATIONAL LTD.,enterprise international
526576,TECHINDIA NIRMAN LIMITED,techindia nirman
526582,TPL PLASTECH LTD.,tpl plastech
526586,WIM PLAST LTD.,wim plast
526588,PHOTOQUIP INDIA LTD.,photoquip
526594,B.NANJI ENTERPRISES LTD.,b nanji enterprises
526596,LIBERTY SHOES LTD.,liberty shoes
526598,Gujarat Narmada Flyash Co.ltd.,gujarat narmada flyash co
526604,LIPPI SYSTEMS LTD.,lippi systems
526608,ELECTROTHERM (INDIA) LTD.,electrotherm
526610,In House Productions Ltd.,in house productions
526612,BLUE DART EXPRESS LTD.,blue dart express
526614,EXPO GAS CONTAINERS LTD.,expo gas containers
526616,NATIONAL PLASTIC INDUSTRIES LTD.,national plastic
526622,MFL INDIA LTD.,mfl
526628,AJWA FUN WORLD & RESORT LTD.,ajwa fun world resort
526638,TEXEL INDUSTRIES LTD.,texel
526640,ROYALE MANOR HOTELS & INDUSTRIES LTD.,royale manor hotels
526642,MIRZA INTERNATIONAL LTD.,mirza international
526650,TOURISM FINANCE CORPORATION OF INDIA LTD.,tourism finance corporation of
526652,CALS REFINERIES LTD.,cals refineries
526654,THAKKERS DEVELOPERS LTD.,thakkers developers
526662,RAJDARSHAN INDUSTRIES LTD.,rajdarshan
526666,BHARTIYA INTERNATIONAL LTD.,bhartiya international
526668,KAMAT HOTELS (INDIA) LTD.,kamat hotels
526671,Matra Kaushal Enterprise Limited,matra kaushal enterprise
526677,Dsj Communications Ltd.,dsj communications
526683,Univa Foods Ltd,univa foods
526687,POLO HOTELS LTD.,polo hotels
526689,FENOPLAST LTD.,fenoplast
526691,Pretto Leather Industries Ltd.,pretto leather
526703,ECOPLAST LTD.,ecoplast
526705,ELEGANT MARBLES & GRANI INDUSTRIES LTD.,elegant marbles grani
526707,ALCHEMIST LTD.,alchemist
526709,BITS LTD.,bits
526711,ADARSH PLANT PROTECT LTD.,adarsh plant protect
526717,HCP Plastene Bulkpack Ltd,hcp plastene bulkpack
526721,NICCO PARKS & RESORTS LTD.,nicco parks resorts
526723,NTC INDUSTRIES LTD.,ntc
526725,SANDESH LTD.,sandesh
526727,GARNET CONSTRUCTION LTD.,garnet construction
526729,GOLDIAM INTERNATIONAL LTD.,goldiam international
526731,BRIGHT BROTHERS LTD.,bright brothers
526733,Suashish Diamonds Ltd.,suashish diamonds
526735,Excel Castronics Limited,excel castronics
526737,Corporate Courier And Cargo Ltd.,corporate courier and cargo
526739,NARMADA GELATINES LTD.,narmada gelatines
526747,PG FOILS LTD.,pg foils
526751,GRATEX INDUSTRIES LTD.,gratex
526753,Kriptol Industries Ltd.,kriptol
526755,VELAN HOTELS LTD.,velan hotels
526761,HOWARD HOTELS LTD.,howard hotels
526773,Pressure Sensitive Systems (india) Ltd.,pressure sensitive systems
526775,VALIANT COMMUNICATIONS LTD.,valiant communications
526783,DR.AGARWALS EYE HOSPITAL LTD.,dr agarwals eye hospital
526785,Crest Animation Studios Ltd.,crest animation studios
526795,MAHASAGAR TRAVELS LTD.,mahasagar travels
526797,GREENPLY INDUSTRIES LTD.,greenply
526799,UNION QUALITY PLASTICS LTD.,union quality plastics
526801,PSL LTD.,psl
526807,SEAMEC LTD.,seamec
526813,RAGHUNATH INTERNATIONAL LTD.,raghunath international
526817,CHEVIOT CO.LTD.,cheviot co
526821,DAI-ICHI KARKARIA LTD.,dai ichi karkaria
526823,Rajeswari Infrastructure Limited,rajeswari infrastructure
526827,SPICE ISLANDS APPARELS LTD.,spice islands apparels
526829,CONFIDENCE PETROLEUM INDIA LTD.,confidence petroleum
526833,Ananthi Constructions Ltd.,ananthi constructions
526839,SHELTER INFRA PROJECTS LTD.,shelter infra projects
526841,Shakti Press Ltd.,shakti press
526843,Atlanta Devcon Limited,atlanta devcon
526847,ASHIRWAD STEELS & INDUSTRIES LTD.,ashirwad steels
526849,BANARAS BEADS LTD.,banaras beads
526851,AREX INDUSTRIES LTD.,arex
526853,BILCARE LTD.,bilcare
526859,ISF LIMITED,isf
526861,RISHI LASER LTD.,rishi laser
526865,JAINCO PROJECTS (INDIA) LTD.,jainco projects
526869,Kumbhat Financial Services Ltd.,kumbhat financial services
526871,INTEC CAPITAL LTD.,intec capital
526873,Rajasthan Gases Ltd.,rajasthan gases
526879,Ut Ltd.,ut
526881,63 Moons Technologies Ltd,63 moons technologies
526885,SARLA PERFORMANCE FIBERS LTD.,sarla performance fibers
526887,INDO CREDIT CAPITAL LTD.,indo credit capital
526891,MARKET CREATORS LTD.,market creators
526893,Srinivasa Hatcheries Ltd.,srinivasa hatcheries
526899,Himalaya Food International Ltd,himalaya food international
526901,SONAL ADHESIVES LTD.,sonal adhesives
526905,Padmanabh Industries Ltd,padmanabh
526917,CHD DEVELOPERS LTD.,chd developers
526921,TWENTYFIRST CENTURY MANAGEMENT SERVICES LTD.,twentyfirst century management services
526927,DION GLOBAL SOLUTIONS LTD.,dion global solutions
526931,HARIYANA SHIP BREAKERS LTD.,hariyana ship breakers
526935,Arunis Abode Ltd,arunis abode
526941,VAISHNO CEMENT CO.LTD.,vaishno cement co
526945,TYROON TEA CO.LTD.,tyroon tea co
526947,LA OPALA RG LTD.,la opala rg
526951,Stylam Industries Limited,stylam
526953,VENUS REMEDIES LTD.,venus remedies
526955,ABL BIOTECHNOLOGIES LTD.,abl biotechnologies
526957,Uniply Decor Ltd,uniply decor
526959,WOODSVILLA LTD.,woodsvilla
526965,GUJARAT CRAFT INDUSTRIES LTD.,gujarat craft
526967,HEERA ISPAT LTD.,heera ispat
526971,DHOOT INDUSTRIAL FINANCE LTD.,dhoot industrial finance
526977,Crimson Metal Engineering Company Ltd,crimson metal engineering
526981,Shri Bajrang Alliance Ltd,shri bajrang alliance
526983,ASHOKA REFINERIES LTD.,ashoka refineries
526987,URJA GLOBAL LTD.,urja global
527001,ASHAPURA MINECHEM LTD.,ashapura minechem
527005,SHREE PACETRONIX LTD.,shree pacetronix
530001,GUJARAT ALKALIES & CHEMICALS LTD.,gujarat alkalies chemicals
530005,INDIA CEMENTS LTD.,india cements
530007,JK TYRE & INDUSTRIES LTD.,jk tyre
530011,MANGALORE CHEMICALS & FERTILIZERS LTD.,mangalore chemicals fertilizers
530017,STANDARD INDUSTRIES LTD.,standard
530019,Jubilant Pharmova Ltd,jubilant pharmova
530023,The Investment Trust Of India Ltd,the investment trust of
530025,SAMYAK INTERNATIONAL LTD.,samyak international
530027,AADI INDUSTRIES LTD.,aadi
530033,Moonbeam Industries Ltd.,moonbeam
530035,SANTOSH FINE-FAB LTD.,santosh fine fab
530037,SREE JAYALAKSHMI AUTOSPIN LTD.,sree jayalakshmi autospin
530039,Lords Chemicals Ltd.,lords chemicals
530043,ACKNIT INDUSTRIES LTD.,acknit
530045,TITAN SECURITIES LTD.,titan securities
530047,Mohota Industries Ltd,mohota
530049,J.J.EXPORTERS LTD.,j j exporters
530053,Real Eco-Energy Ltd,real eco energy
530055,HARMONY CAPITAL SERVICES LTD.,harmony capital services
530057,Vivanza Biosciences Ltd,vivanza biosciences
530059,Maharaja Shree Umaid Mills Ltd.,maharaja shree umaid mills
530061,Rockland Thermionics Ltd.,rockland thermionics
530063,YASHRAJ CONTAINEURS LTD.,yashraj containeurs
530065,Lords Ishwar Hotels Limited,lords ishwar hotels
530067,CSL Finance Ltd,csl finance
530069,Proto Developers & Technologies Ltd.,proto developers technologies
530073,SANGHVI MOVERS LTD.,sanghvi movers
530075,SELAN EXPLORATION TECHNOLOGY LTD.,selan exploration technology
530077,FRESHTROP FRUITS LTD.,freshtrop fruits
530079,FAZE THREE LTD.,faze three
530091,ZYDEN GENTEC LTD.,zyden gentec
530093,ACE Edutrend Ltd,ace edutrend
530095,Pradhin Ltd,pradhin
530109,Anupam Finserv Ltd,anupam finserv
530111,RAJ PACKAGING INDUSTRIES LTD.,raj packaging
530117,Privi Speciality Chemicals Ltd,privi speciality chemicals
530119,NATRAJ PROTEINS LTD.,natraj proteins
530125,SAMRAT PHARMACHEM LTD.,samrat pharmachem
530127,NPR FINANCE LTD.,npr finance
530129,NILE LTD.,nile
530131,UDAIPUR CEMENT WORKS LTD.,udaipur cement works
530133,AMCO INDIA LTD.,amco
530135,Optiemus Infracom Ltd,optiemus infracom
530139,KREON FINNANCIAL SERVICES LTD.,kreon finnancial services
530141,GYAN DEVELOPERS & BUILDERS LTD.,gyan developers builders
530145,KISAN MOULDINGS LTD.,kisan mouldings
530149,KSL AND INDUSTRIES LTD.,ksl and
530151,VIJAY TEXTILES LTD.,vijay textiles
530161,GARODIA CHEMICALS LTD.,garodia chemicals
530163,KERALA AYURVEDA LTD.,kerala ayurveda
530167,MOONGIPA CAPITAL FINANCE LTD.,moongipa capital finance
530169,MOHIT PAPER MILLS LTD.,mohit paper mills
530171,DAULAT SECURITIES LTD.,daulat securities
530173,OSCAR GLOBAL LTD.,oscar global
530175,ODYSSEY TECHNOLOGIES LTD.,odyssey technologies
530177,SPS INTERNATIONAL LTD.,sps international
530179,RSC INTERNATIONAL LTD.,rsc international
530185,SURAT TEXTILE MILLS LTD.,surat textile mills
530187,ATHARV ENTERPRISES LTD.,atharv enterprises
530191,CHROMATIC INDIA LTD.,chromatic
530197,Fundviser Capital (India) Ltd,fundviser capital
530199,THEMIS MEDICARE LTD.,themis medicare
530201,Kallam Textiles Ltd,kallam textiles
530207,BRAWN BIOTECH LTD.,brawn biotech
530213,FORTUNE INTERNATIONAL LTD.,fortune international
530215,Kings Infra Ventures Limited,kings infra ventures
530219,Nutricircle Ltd,nutricircle
530231,SUBHASH SILK MILLS LTD.,subhash silk mills
530233,AURO LABORATORIES LTD.,auro laboratories
530235,KJMC FINANCIAL SERVICES LTD.,kjmc financial services
530237,Gandhinagar Hotels Ltd.,gandhinagar hotels
530239,SUVEN LIFE SCIENCES LTD.,suven life sciences
530243,MANGALYA SOFT-TECH LTD.,mangalya soft tech
530245,ARYAMAN FINANCIAL SERVICES LTD.,aryaman financial services
530249,BRIDGE SECURITIES LTD.,bridge securities
530251,RISA INTERNATIONAL LTD.,risa international
530253,RAJASTHAN TUBE MANUFACTURING CO.LTD.,rajasthan tube manufacturing co
530255,KAY POWER AND PAPER LTD.,kay power and paper
530259,INTER STATE OIL CARRIER LTD.,inter state oil carrier
530261,ARCUTTIPORE TEA CO.LTD.,arcuttipore tea co
530263,GLOBAL CAPITAL MARKETS LTD.,global capital markets
530265,SAINIK FINANCE & INDUSTRIES LTD.,sainik finance
530267,SABOO BROTHERS LTD.,saboo brothers
530271,RICH UNIVERSE NETWORK LTD.,rich universe network
530273,Liberty Phosphate Ltd.,liberty phosphate
530281,QUANTUM DIGITAL VISION (INDIA) LTD.,quantum digital vision
530289,SP CAPITAL FINANCING LTD.,sp capital financing
530291,Paos Industries Ltd,paos
530299,KOTHARI PRODUCTS LTD.,kothari products
530305,PICCADILY AGRO INDUSTRIES LTD.,piccadily agro
530307,CHAMAN LAL SETIA EXPORTS LTD.,chaman lal setia exports
530309,CHANDRA PRABHU INTERNATIONAL LTD.,chandra prabhu international
530313,Kimia Biosciences Ltd,kimia biosciences
530315,HINDUSTAN TIN WORKS LTD.,hindustan tin works
530317,GODAVARI DRUGS LTD.,godavari drugs
530321,UNIMIN INDIA LTD.,unimin
530323,ERA INFRA ENGINEERING LTD.,era infra engineering
530331,PREMCO GLOBAL LTD.,premco global
530333,EMGEE CABLES & COMMUNICATIONS LTD.,emgee cables communications
530337,Exelon Infrastructure Ltd.,exelon infrastructure
530341,MUKESH BABU FINANCIAL SERVICES LTD.,mukesh babu financial services
530343,GENUS POWER INFRASTRUCTURES LTD.,genus power infrastructures
530347,MAGNUM LTD.,magnum
530355,Asian Energy Services Ltd,asian energy services
530357,KBS INDIA LIMITED,kbs
530361,Prabhhans Industries Ltd,prabhhans
530363,UGAR SUGAR WORKS LTD.,ugar sugar works
530365,ORIENT BELL LIMITED,orient bell
530367,NRB BEARINGS LTD.,nrb bearings
530369,VAMSHI RUBBER LTD.,vamshi rubber
530375,Nakshatra Infrastructure Ltd.,nakshatra infrastructure
530377,NILA INFRASTRUCTURES LTD.,nila infrastructures
530381,PETRON ENGINEERING CONSTRUCTION LTD.,petron engineering construction
530389,GEEFCEE FINANCE LTD.,geefcee finance
530391,Dot Com Global Ltd.,dot com global
530393,DB (INTERNATIONAL) STOCK BROKERS LTD.,db international stock brokers
530401,VINYOFLEX LTD.,vinyoflex
530403,VALLABH POLY-PLAST INTERNATIONAL LTD.,vallabh poly plast international
530405,JINDAL CAPITAL LTD.,jindal capital
530407,EPIC ENERGY LTD.,epic energy
530419,SUMEDHA FISCAL SERVICES LTD.,sumedha fiscal services
530421,KUWER INDUSTRIES LTD.,kuwer
530425,Sunday Exports Ltd.,sunday exports
530427,CHOKSI IMAGING LTD.,choksi imaging
530429,ASHISH POLYPLAST LTD.,ashish polyplast
530431,ADOR FONTECH LTD.,ador fontech
530433,SHIVA GLOBAL AGRO INDUSTRIES LTD.,shiva global agro
530435,Noesis Industries Limited,noesis
530439,SIDDHA VENTURES LTD.,siddha ventures
530441,MAHANIVESH (INDIA) LTD.,mahanivesh
530443,KIRAN SYNTEX LTD.,kiran syntex
530445,Sumeru Industries Ltd.,sumeru
530449,RUNGTA IRRIGATION LTD.,rungta irrigation
530457,CINERAD COMMUNICATIONS LTD.,cinerad communications
530459,VALSON INDUSTRIES LTD.,valson
530461,SABOO SODIUM CHLORO LTD.,saboo sodium chloro
530469,GSL SECURITIES LTD.,gsl securities
530475,Tinna Rubber and Infrastructure Limited,tinna rubber and infrastructure
530477,VIKRAM THERMO (INDIA) LTD.,vikram thermo
530479,Atlanta Infrastructure And Finance Ltd.,atlanta infrastructure and finance
530487,VIBROS ORGANICS LTD.,vibros organics
530495,Stratmont Industries Ltd,stratmont
530497,MARVEL CAPITAL & FINANCE (INDIA) LTD.,marvel capital finance
530499,A.K.CAPITAL SERVICES LTD.,a k capital services
530505,UPPER GANGES SUGAR & INDUSTRIES LTD.,upper ganges sugar
530513,Accurate Transformers Ltd.,accurate transformers
530517,RELAXO FOOTWEARS LTD.,relaxo footwears
530519,Interface Financial Services Ltd.,interface financial services
530521,VIRAT INDUSTRIES LTD.,virat
530525,SHEETAL DIAMONDS LTD.,sheetal diamonds
530533,TERAI TEA CO.LTD.,terai tea co
530537,MANRAJ HOUSING FINANCE LTD.,manraj housing finance
530543,MARG LTD.,marg
530545,COSCO (INDIA) LTD.,cosco
530547,KEN FINANCIAL SERVICES LTD.,ken financial services
530549,SHILPA MEDICARE LTD.,shilpa medicare
530555,PARAMOUNT COMMUNICATIONS LTD.,paramount communications
530557,Ncl Research & Financial Services Ltd.,ncl research financial services
530561,Radford Global Limited,radford global
530565,ARCHANA SOFTWARE LTD.,archana software
530571,EXPLICIT FINANCE LTD.,explicit finance
530577,LADDERUP FINANCE LTD.,ladderup finance
530579,U. Y. Fincorp Ltd,u y fincorp
530581,EKAM LEASING & FINANCE CO.LTD.,ekam leasing finance co
530585,SWASTIKA INVESTMART LTD.,swastika investmart
530589,PRIMA PLASTICS LTD.,prima plastics
530595,TELECANOR GLOBAL LTD.,telecanor global
530601,JAGSONPAL FINANCE & LEASING LTD.,jagsonpal finance leasing
530605,GSL Nova Petrochemicals Limited,gsl nova petrochemicals
530609,CARNATION INDUSTRIES LTD.,carnation
530611,STURDY INDUSTRIES LTD.,sturdy
530615,GARG FURNACE LTD.,garg furnace
530617,SAMPRE NUTRITIONS LTD.,sampre nutritions
530621,Akar Auto Industries Ltd,akar auto
530627,Vipul Organics Ltd,vipul organics
530635,Texplast Industries Ltd.,texplast
530643,ECO RECYCLING LTD.,eco recycling
530651,SOFTECH INFINIUM SOLUTIONS LTD.,softech infinium solutions
530655,Goodluck India Ltd,goodluck
530657,Global Securities Ltd.,global securities
530663,Goyal Associates Ltd.,goyal associates
530665,ZENITH HEALTH CARE LTD.,zenith health care
530669,Ace Engitech Ltd,ace engitech
530675,YORK EXPORTS LTD.,york exports
530677,SUPREME HOLDINGS & HOSPITALITY (INDIA) LTD.,supreme holdings hospitality
530683,PITHAMPUR POLY PRODUCTS LTD.,pithampur poly products
530689,Lykis Limited,lykis
530695,PRIME PROPERTY DEVELOPMENT CORPORATION LTD.,prime property development corporation
530697,Zenlabs Ethica Ltd,zenlabs ethica
530699,Raj Rayon Industries Limited,raj rayon
530701,KDJ Holidayscapes and Resorts Limited,kdj holidayscapes and resorts
530703,INFO-DRIVE SOFTWARE LTD.,info drive software
530705,FLORA TEXTILES LTD.,flora textiles
530707,Aftek Ltd.,aftek
530709,GOWRA LEASING & FINANCE LTD.,gowra leasing finance
530711,JAGAN LAMPS LTD.,jagan lamps
530713,AJEL LTD.,ajel
530715,ALPS INDUSTRIES LTD.,alps
530719,Ikf Finance Ltd.,ikf finance
530721,ANG Industries Limited,ang
530723,ASIT C.MEHTA FINANCIAL SERVICES LTD.,asit c mehta financial services
530733,Encode Packaging India Ltd,encode packaging
530735,SUPER BAKERS (INDIA) LTD.,super bakers
530741,OVOBEL FOODS LTD.,ovobel foods
530743,GEI INDUSTRIAL SYSTEMS LTD.,gei industrial systems
530745,LN INDUSTRIES INDIA LTD.,ln industries
530747,INDO ASIAN FINANCE LTD.,indo asian finance
530755,CORAL NEWSPRINTS LTD.,coral newsprints
530759,STERLING TOOLS LTD.,sterling tools
530763,Sunbright Stock Broking Ltd.,sunbright stock broking
530765,Agarwal Fortune India Ltd,agarwal fortune
530769,Venus Universal Ltd.,venus universal
530771,KLG CAPITAL SERVICES LTD.,klg capital services
530773,IVRCL LTD,ivrcl
530777,INFRA INDUSTRIES LTD.,infra
530779,DYNAMIC PORTFOLIO MANAGEMENT & SERVICES LTD.,dynamic portfolio management services
530781,INTERNATIONAL HOUSING FINANCE CORPORATION LTD.,international housing finance corporation
530783,TRANS ASIA CORPORATION LTD.,trans asia corporation
530787,INLAND PRINTERS LTD.,inland printers
530789,CEEJAY FINANCE LTD.,ceejay finance
530795,SUNCITY SYNTHETICS LTD.,suncity synthetics
530797,SHREE GANESH ELASTOPLAST LTD.,shree ganesh elastoplast
530799,ANNA INFRASTRUCTURES LTD.,anna infrastructures
530801,DIAMOND INFOSYSTEMS LTD.,diamond infosystems
530803,Bhageria Industries Ltd,bhageria
530805,Onesource Ideas Venture Ltd,onesource ideas venture
530807,REGALIAA REALTY LTD.,regaliaa realty
530809,BNR UDYOG LTD.,bnr udyog
530811,NETVISTA INFORMATION TECHNOLOGY LTD.,netvista information technology
530813,KRBL LTD.,krbl
530815,REFNOL RESINS & CHEMICALS LTD.,refnol resins chemicals
530821,SSPDL LTD.,sspdl
530825,DAIKAFFIL CHEMICALS INDIA LTD.,daikaffil chemicals
530829,CIL SECURITIES LTD.,cil securities
530839,CLIO INFOTECH LTD.,clio infotech
530841,Shri Bholanath Carpets Ltd,shri bholanath carpets
530843,CUPID LTD.,cupid
530845,SUNSHIELD CHEMICALS LTD.,sunshield chemicals
530853,HIPOLIN LTD.,hipolin
530855,GDL LEASING & FINANCE LTD.,gdl leasing finance
530859,COSBOARD INDUSTRIES LTD.,cosboard
530863,FE (India) Ltd,fe
530867,SFL International Ltd,sfl international
530871,CHEMBOND CHEMICALS LTD.,chembond chemicals
530879,Capital India Finance Ltd,capital india finance
530881,Arunjyoti Bio Ventures Ltd,arunjyoti bio ventures
530883,SUPER CROP SAFE LTD.,super crop safe
530885,Five Core Exim Ltd,five core exim
530889,Alka India Ltd.,alka
530897,N.G.INDUSTRIES LTD.,n g
530899,ASIA PACK LTD.,asia pack
530901,ACIL Cotton Industries Limited,acil cotton
530905,SAI INDUSTRIES LTD.,sai
530907,SI CAPITAL & FINANCIAL SERVICES LTD.,si capital financial services
530909,ERP SOFT SYSTEMS LTD.,erp soft systems
530915,J.R.FOODS LTD.,j r foods
530917,R.R.SECURITIES LTD.,r r securities
530919,REMSONS INDUSTRIES LTD.,remsons
530921,INTEGRATED THERMOPLASTICS LTD.,integrated thermoplastics
530923,RCL Foods Limited,rcl foods
530925,RAMSONS PROJECTS LTD.,ramsons projects
530927,HARYANA FINANCIAL CORPORATION LTD.,haryana financial corporation
530931,STANPACKS (INDIA) LTD.,stanpacks
530937,Ums Technologies Ltd.,ums technologies
530943,SRI ADHIKARI BROTHERS TELEVISION NETWORK LTD.,sri adhikari brothers television network
530945,GANGOTRI IRON & STEEL COMPANY LTD.,gangotri iron steel
530951,RAMINFO LIMITED,raminfo
530953,SUNIL AGRO FOODS LTD.,sunil agro foods
530955,Mindvision Capital Ltd,mindvision capital
530959,DIANA TEA CO.LTD.,diana tea co
530961,Vikas EcoTech Ltd,vikas ecotech
530965,INDIAN OIL CORPORATION LTD.,indian oil corporation
530967,Kyra Landscapes Limited,kyra landscapes
530971,NIMBUS INDUSTRIES LTD.,nimbus
530973,ALFA ICA (INDIA) LTD.,alfa ica
530977,Shri Keshav Cements And Infra Ltd,shri keshav cements and infra
530979,INDIA HOME LOAN LTD.,india home loan
530985,JPT SECURITIES LTD.,jpt securities
530989,Shantivijay Jewels Ltd.,shantivijay jewels
530991,ROOPA INDUSTRIES LTD.,roopa
530993,SARTHAK GLOBAL LTD.,sarthak global
530997,UNIQUE ORGANICS LTD.,unique organics
530999,BALAJI AMINES LTD.,balaji amines
531003,SWARNA SECURITIES LTD.,swarna securities
531013,Sun Granite Export Ltd,sun granite export
531015,Venmax Drugs And Pharmaceuticals Ltd,venmax drugs and pharmaceuticals
531017,ARIHANT'S SECURITIES LTD.,arihant s securities
531025,VISAGAR FINANCIAL SERVICES LTD.,visagar financial services
531027,LIBORD SECURITIES LTD.,libord securities
531029,BHARAT TEXTILES & PROOFING INDUSTRIES LTD.,bharat textiles proofing
531033,REGAL ENTERTAINMENT & CONSULTANTS LTD.,regal entertainment consultants
531035,Justride Enterprises Ltd,justride enterprises
531041,COMPETENT AUTOMOBILES CO.LTD.,competent automobiles co
531043,DHANVANTRI JEEVAN REKHA LTD.,dhanvantri jeevan rekha
531047,Advance PowerInfra Tech Limited,advance powerinfra tech
531049,NEELKANTH ROCKMINERALS LTD.,neelkanth rockminerals
531051,VINTAGE SECURITIES LTD.,vintage securities
531055,GFL Financials India Limited,gfl financials
531065,OSWAL OVERSEAS LTD.,oswal overseas
531067,CONTIL INDIA LTD.,contil
531069,VIJAY SOLVEX LTD.,vijay solvex
531080,SHRI KRISHNA DEVCON LTD.,shri krishna devcon
531082,Alankit Ltd,alankit
531083,NIHAR INFO GLOBAL LTD.,nihar info global
531084,Indo Bonito Multinational Ltd.,indo bonito multinational
531088,TULIP STAR HOTELS LTD.,tulip star hotels
531091,UNITED CREDIT LTD.,united credit
531092,OM Infra Ltd,om infra
531096,Mount Everest Mineral Water Ltd.,mount everest mineral water
531099,Rubra Medicaments Ltd.,rubra medicaments
531102,SURANA CORPORATION LTD.,surana corporation
531109,ISHAN DYES & CHEMICALS LTD.,ishan dyes chemicals
531111,GOTHI PLASCON (INDIA) LTD.,gothi plascon
531112,Balu Forge Industries Ltd,balu forge
531115,SYNERGY COSMETICS (EXIM) LTD.,synergy cosmetics exim
531118,Silverton Spinners Limited,silverton spinners
531119,CEENIK EXPORTS (INDIA) LTD.,ceenik exports
531120,PATEL ENGINEERING LTD.,patel engineering
531126,VIRTUALSOFT SYSTEMS LTD.,virtualsoft systems
531127,Mena Mani Industries Ltd,mena mani
531129,INANI MARBLES & INDUSTRIES LTD.,inani marbles
531134,Le Waterina Resorts & Hotels Limited,le waterina resorts hotels
531137,GEMSTONE INVESTMENTS LTD.,gemstone investments
531144,El Forge Ltd.,el forge
531146,MEDICAMEN BIOTECH LTD.,medicamen biotech
531147,Alicon Castalloy Limited,alicon castalloy
531149,SHREE RANG MARK TRAVELS LTD.,shree rang mark travels
531153,DILIGENT INDUSTRIES LTD.,diligent
531155,EPSOM PROPERTIES LTD.,epsom properties
531156,ALFAVISION OVERSEAS (INDIA) LTD.,alfavision overseas
531157,ORGANIC COATINGS LTD.,organic coatings
531158,Catvision Limited,catvision
531160,Saumya Capital Limited,saumya capital
531161,ABM KNOWLEDGEWARE LTD.,abm knowledgeware
531162,EMAMI LTD.,emami
531163,Kemistar Corporation Limited,kemistar corporation
531164,LASER DIAMONDS LTD.,laser diamonds
531169,SKP SECURITIES LTD.,skp securities
531171,Devika Proteins Ltd.,devika proteins
531172,PRANAVADITYA SPINNING MILLS LTD.,pranavaditya spinning mills
531173,SYSCHEM (INDIA) LTD.,syschem
531175,BLS INFOTECH LTD.,bls infotech
531176,MEFCOM CAPITAL MARKETS LTD.,mefcom capital markets
531178,Hemang Resources Ltd,hemang resources
531179,ARMAN FINANCIAL SERVICES LTD.,arman financial services
531190,Tavernier Resources Limi,tavernier resources limi
531191,FILTRON ENGINEERS LTD.,filtron engineers
531192,Midas Infra Trade Limited,midas infra trade
531196,GAGAN POLYCOT INDIA LTD.,gagan polycot
531198,DHANADA CORPORATION LTD.,dhanada corporation
531199,GLANCE FINANCE LTD.,glance finance
531201,SHILCHAR TECHNOLOGIES LTD.,shilchar technologies
531203,Tradewell Holdings Ltd,tradewell holdings
531205,Tine Agro Ltd,tine agro
531206,KWALITY CREDIT & LEASING LTD.,kwality credit leasing
531207,RAYMED LABS LTD.,raymed labs
531209,NUCLEUS SOFTWARE EXPORTS LTD.,nucleus software exports
531210,COLINZ LABORATORIES LTD.,colinz laboratories
531211,WELLNESS NONI LTD.,wellness noni
531212,NALIN LEASE FINANCE LTD.,nalin lease finance
531213,MANAPPURAM FINANCE LTD.,manappuram finance
531215,RTS POWER CORPORATION LTD.,rts power corporation
531216,COMFORT INTECH LTD.,comfort intech
531217,WESTERN INDIA SHIPYARD LTD.,western india shipyard
531218,Rishab Financial Services Ltd.,rishab financial services
531219,SHYAMA INFOSYS LTD.,shyama infosys
531221,MAYUR FLOORINGS LTD.,mayur floorings
531223,ANJANI SYNTHETICS LTD.,anjani synthetics
531225,Xtglobal Infotech Ltd,xtglobal infotech
531226,Doon Valley Rice Ltd.,doon valley rice
531227,DECO-MICA LTD.,deco mica
531228,RANDER CORPORATION LTD.,rander corporation
531233,RASI ELECTRODES LTD.,rasi electrodes
531234,Scoobee Day Garments (India) Ltd,scoobee day garments
531235,CITIPORT FINANCIAL SERVICES LTD.,citiport financial services
531236,MEWAR POLYTEX LTD.,mewar polytex
531237,DHRUVA CAPITAL SERVICES LTD.,dhruva capital services
531241,Linc Ltd,linc
531246,PRIMA INDUSTRIES LTD.,prima
531247,Alpha Hi-tech Fuel Ltd.,alpha hi tech fuel
531250,RNB INDUSTRIES LTD.,rnb
531252,Aneri Fincap Ltd,aneri fincap
531253,INDIA GELATINE & CHEMICALS LTD.,india gelatine chemicals
531254,Optimus Finance Ltd,optimus finance
531255,PARAGON FINANCE LTD.,paragon finance
531257,PRATIKSHA CHEMICALS LTD.,pratiksha chemicals
531259,Esha Media Research Limited,esha media research
531260,Refex Renewables & Infrastructure Ltd,refex renewables infrastructure
531262,Surya Industrial Corporation Ltd.,surya industrial corporation
531265,Progrex Ventures Ltd,progrex ventures
531266,V.S.T.TILLERS TRACTORS LTD.,v s t tillers tractors
531268,B2B SOFTWARE TECHNOLOGIES LTD.,b2b software technologies
531269,Klg Systel Ltd.,klg systel
531270,DAZZEL CONFINDIVE LTD.,dazzel confindive
531272,NIKKI GLOBAL FINANCE LTD.,nikki global finance
531273,Radhe Developers (india) Ltd.,radhe developers
531274,KINETIC TRUST LTD.,kinetic trust
531276,Bombay Swadeshi Stores Ltd.,bombay swadeshi stores
531278,Elixir Capital Ltd,elixir capital
531279,TRISHAKTI ELECTRONICS & INDUSTRIES LTD.,trishakti electronics
531280,PANKAJ POLYMERS LTD.,pankaj polymers
531281,Marble City India Ltd,marble city
531283,CINDRELLA FINANCIAL SERVICES LTD.,cindrella financial services
531287,NATIONAL PLASTIC TECHNOLOGIES LTD.,national plastic technologies
531288,LEAD FINANCIAL SERVICES LTD.,lead financial services
531289,National Fittings Limited,national fittings
531295,SUNLAKE RESORTS & HOTELS LTD.,sunlake resorts hotels
531297,ARTEFACT PROJECTS LTD.,artefact projects
531300,AMIT INTERNATIONAL LTD.,amit international
531301,HIGH STREET FILATEX LTD.,high street filatex
531304,NUTECH GLOBAL LTD.,nutech global
531306,DHP INDIA LTD.,dhp
531307,RRIL Ltd,rril
531310,AVAILABLE FINANCE LTD.,available finance
531314,INTEGRA CAPITAL MANAGEMENT LTD.,integra capital management
531319,MARUTI SECURITIES LTD.,maruti securities
531320,Exotic Coal Ltd.,exotic coal
531322,Sri Havisha Hospitality And Infrastructure Ltd,sri havisha hospitality and infrastructure
531323,Jayatma Industries Ltd,jayatma
531324,ROSELABS FINANCE LTD.,roselabs finance
531327,CHARMS INDUSTRIES LTD.,charms
531328,Kretto Syscon Ltd,kretto syscon
531334,Vikalp Securities Ltd.,vikalp securities
531335,ZYDUS WELLNESS LTD.,zydus wellness
531336,AUROMA COKE LTD.,auroma coke
531337,WinPro Industries Ltd,winpro
531338,MILESTONE GLOBAL LTD.,milestone global
531339,JAIHIND PROJECTS LTD.,jaihind projects
531340,BERVIN INVESTMENT & LEASING LTD.,bervin investment leasing
531341,GUJARAT INVESTA LTD.,gujarat investa
531343,INDIA INFRASPACE LTD.,india infraspace
531344,CONTAINER CORPORATION OF INDIA LTD.,container corporation of
531346,EASTERN TREADS LTD.,eastern treads
531349,PANACEA BIOTEC LTD.,panacea biotec
531352,PEETI SECURITIES LTD.,peeti securities
531357,Mercury Ev-Tech Ltd,mercury ev tech
531358,CHOICE INTERNATIONAL LTD.,choice international
531359,SHRIRAM ASSET MANAGEMENT CO.LTD.,shriram asset management co
531360,Golechha Global Finance Ltd.,golechha global finance
531363,KARUR K.C.P.PACKKAGINGS LTD.,karur k c p packkagings
531364,Ekansh Concepts Ltd,ekansh concepts
531366,Kohinoor Broadcasting Corporation Ltd.,kohinoor broadcasting corporation
531367,DOLLEX INDUSTRIES LTD.,dollex
531370,Sparc Electrex Ltd,sparc electrex
531373,THE BYKE HOSPITALITY LTD.,the byke hospitality
531380,CENTENIAL SURGICAL SUTURE LTD.,centenial surgical suture
531381,ARIHANT FOUNDATIONS & HOUSING LTD.,arihant foundations housing
531382,JAYAVANT PRODUCTS LTD.,jayavant products
531387,HASTI FINANCE LTD.,hasti finance
531390,UPSURGE INVESTMENT & FINANCE LTD.,upsurge investment finance
531392,ASIAN FLORA LTD.,asian flora
531395,PADAM COTTON YARNS LTD.,padam cotton yarns
531396,WOMEN NETWORKS LTD.,women networks
531397,POLYCON INTERNATIONAL LTD.,polycon international
531398,SOURCE NATURAL FOODS & HERBAL SUPPL LTD.,source natural foods herbal suppl
531400,ALMONDZ GLOBAL SECURITIES LTD.,almondz global securities
531402,LWS KNITWEAR LTD.,lws knitwear
531404,ZICOM ELECTRONIC SECURITY SYSTEMS LTD.,zicom electronic security systems
531406,ANS Industries Ltd,ans
531409,ALCHEMIST CORPORATION LTD.,alchemist corporation
531410,GUJARAT FOILS LTD.,gujarat foils
531411,TUNI TEXTILE MILLS LTD.,tuni textile mills
531412,Radix Industries (India) Limited,radix industries
531413,KIRAN PRINT-PACK LTD.,kiran print pack
531416,NARENDRA PROPERTIES LTD.,narendra properties
531417,MEGA CORPORATION LTD.,mega corporation
531419,Goplee Infotech Ltd.,goplee infotech
531420,BMB MUSIC & MAGNETICS LTD.,bmb music magnetics
531426,TAMIL NADU NEWSPRINT & PAPERS LTD.,tamil nadu newsprint papers
531429,Advent Computer Services Ltd.,advent computer services
531431,SHAKTI PUMPS (INDIA) LTD.,shakti pumps
531432,SYSTEMATIX SECURITIES LTD.,systematix securities
531433,SUNGOLD CAPITAL LTD.,sungold capital
531436,Saffron Industries Limited,saffron
531437,Prakash Woollen & Synthetic Mills Ltd,prakash woollen synthetic mills
531439,GOLDSTONE TECHNOLOGIES LTD.,goldstone technologies
531444,Vardhman Concrete Limited,vardhman concrete
531447,Rockon Enterprises Ltd,rockon enterprises
531448,Safal Securities Ltd,safal securities
531449,GRM OVERSEAS LTD.,grm overseas
531452,NCC FINANCE LTD.,ncc finance
531453,MOHIT INDUSTRIES LTD.,mohit
531454,POLYLINK POLYMERS (INDIA) LTD.,polylink polymers
531456,MINAXI TEXTILES LTD.,minaxi textiles
531458,Boston Bio Systems Ltd.,boston bio systems
531460,CONTINENTAL CONTROLS LTD.,continental controls
531463,Global Infratech & Finance limited,global infratech finance
531465,NOUVEAU GLOBAL VENTURES LTD.,nouveau global ventures
531467,ARNAV CORPORATION LTD.,arnav corporation
531470,Emporis Projects Limited,emporis projects
531471,DUKE OFFSHORE LTD.,duke offshore
531472,CYBELE INDUSTRIES LTD.,cybele
531479,GLOBAL LAND MASTERS CORPORATION LTD.,global land masters corporation
531481,Beta-kappa Investments Ltd.,beta kappa investments
531486,FILMCITY MEDIA LTD.,filmcity media
531489,CG-VAK SOFTWARE & EXPORTS LTD.,cg vak software exports
531494,Navkar Urbanstructure Ltd,navkar urbanstructure
531495,BLUE COAST HOTELS LTD.,blue coast hotels
531496,OMKAR OVERSEAS LTD.,omkar overseas
531497,MADHUCON PROJECTS LTD.,madhucon projects
531499,SYBLY INDUSTRIES LTD.,sybly
531500,RAJESH EXPORTS LTD.,rajesh exports
531502,ESAAR (INDIA) LTD.,esaar
531503,MARIS SPINNERS LTD.,maris spinners
531505,INDERGIRI FINANCE LTD.,indergiri finance
531506,SHUKRA BULLIONS LTD.,shukra bullions
531508,EVEREADY INDUSTRIES INDIA LTD.,eveready industries
531509,STEP TWO CORPORATION LTD.,step two corporation
531512,ORIENT TRADELINK LTD.,orient tradelink
531515,MAHAN INDUSTRIES LTD.,mahan
531517,Alang Industrial Gases Ltd.,alang industrial gases
531518,Vikas Proppant & Granite Ltd,vikas proppant granite
531519,ANKUSH FINSTOCK LTD.,ankush finstock
531521,DESH RAKSHAK AUSHDHALAYA LTD.,desh rakshak aushdhalaya
531522,RASOYA PROTEINS LTD.,rasoya proteins
531524,ICSA (INDIA) LTD.,icsa
531525,ACE SOFTWARE EXPORTS LTD.,ace software exports
531531,HATSUN AGRO PRODUCT LTD.,hatsun agro product
531533,Accedere Ltd,accedere
531537,Jyothi Infraventures Ltd.,jyothi infraventures
531539,RISHABH DIGHA STEEL & ALLIED PRODUCTS LTD.,rishabh digha steel allied products
531540,MARUTI INFRASTRUCTURE LTD.,maruti infrastructure
531541,Kobo Biotech Ltd,kobo biotech
531543,JINDAL WORLDWIDE LTD.,jindal worldwide
531544,VERTEX SPINNING LTD.,vertex spinning
531547,TIRUPATI INDUSTRIES (INDIA) LTD.,tirupati industries
531548,SOMANY CERAMICS LTD.,somany ceramics
531550,JHAVERI CREDITS & CAPITAL LTD.,jhaveri credits capital
531551,INTERCORP INDUSTRIES LTD.,intercorp
531552,RAGHUNATH TOBACCO CO.LTD.,raghunath tobacco co
531553,Disha Resources Ltd,disha resources
531556,CORAL INDIA FINANCE & HOUSING LTD.,coral india finance housing
531557,AMIT SECURITIES LTD.,amit securities
531560,AROMA ENTERPRISES (INDIA) LTD.,aroma enterprises
531562,PUSHPSONS INDUSTRIES LTD.,pushpsons
531565,Indo Pacific Projects Ltd,indo pacific projects
531568,ASHUTOSH PAPER MILLS LTD.,ashutosh paper mills
531569,SANJIVANI PARANTERAL LTD.,sanjivani paranteral
531570,Blazon Marbles Limited,blazon marbles
531574,VAS INFRASTRUCTURE LTD.,vas infrastructure
531578,KMF BUILDERS & DEVELOPERS LTD.,kmf builders developers
531581,ALKA DIAMOND INDUSTRIES LTD.,alka diamond
531582,BERYL SECURITIES LTD.,beryl securities
531583,RAP MEDIA LTD.,rap media
531585,DEVINE IMPEX LTD.,devine impex
531590,BILPOWER LTD.,bilpower
531591,BAMPSL SECURITIES LTD.,bampsl securities
531592,Genpharmasec Ltd,genpharmasec
531594,INCON ENGINEERS LTD.,incon engineers
531595,Capri Global Capital Limited,capri global capital
531597,Midland Polymers Ltd.,midland polymers
531598,NIMBUS FOODS INDUSTRIES LTD.,nimbus foods
531599,FDC LTD.,fdc
531600,Gogia Capital Services Limited,gogia capital services
531602,KOFFEE BREAK PICTURES LTD.,koffee break pictures
531608,GORANI INDUSTRIES LTD.,gorani
531609,KG PETROCHEM LTD.,kg petrochem
531611,AADHAAR VENTURES INDIA LTD.,aadhaar ventures
531612,KGN INDUSTRIES LTD.,kgn
531613,Meyer Apparel Ltd,meyer apparel
531615,Era Buildsys Limited,era buildsys
531616,Starcom Information Technology Ltd,starcom information technology
531621,CENTERAC TECHNOLOGIES LTD.,centerac technologies
531624,COUNTRY CONDO'S LTD.,country condo s
531626,OROSIL SMITHS INDIA LTD.,orosil smiths
531627,Raghava Estates And Properties Ltd,raghava estates and properties
531628,Tejassvi Aaharam Ltd,tejassvi aaharam
531633,LINCOLN PHARMACEUTICALS LTD.,lincoln pharmaceuticals
531635,SILVER OAK (INDIA) LTD.,silver oak
531637,Praveg Ltd,praveg
531638,SURAJ LTD.,suraj
531640,Suvidha Infraestate Corporation Limited,suvidha infraestate corporation
531642,MARICO LTD.,marico
531644,TOKYO FINANCE LTD.,tokyo finance
531645,Southern Ispat And Energy Ltd,southern ispat and energy
531646,Rfl International Ltd.,rfl international
531648,Mahavir Industries Limited,mahavir
531650,VAX HOUSING FINANCE CORPORATION LTD.,vax housing finance corporation
531651,NATIONAL GENERAL INDUSTRIES LTD.,national general
531652,THIRDWAVE FINANCIAL INTERMEDIARIES LTD.,thirdwave financial intermediaries
531658,Abate As Industries Ltd,abate as
531659,TSL INDUSTRIES LTD.,tsl
531661,HITTCO TOOLS LTD.,hittco tools
531663,YUVRAAJ HYGIENE PRODUCTS LTD.,yuvraaj hygiene products
531664,MAHAVIR IMPEX LTD.,mahavir impex
531667,RR MetalMakers India Ltd,rr metalmakers
531668,Vision Corporation Ltd.,vision corporation
531671,Bisil Plast Limited,bisil plast
531672,INANI SECURITIES LTD.,inani securities
531673,ANKA INDIA LTD.,anka
531674,INDO-ASIAN PROJECTS LTD.,indo asian projects
531675,TRICOM INDIA LTD.,tricom
531676,VAGHANI TECHNO-BUILD LTD.,vaghani techno build
531677,ARIS INTERNATIONAL LTD.,aris international
531678,Anand Credit Ltd.,anand credit
531680,MAYUR LEATHER PRODUCTS LTD.,mayur leather products
531681,Amerise Biosciences Ltd,amerise biosciences
531682,CAT TECHNOLOGIES LTD.,cat technologies
531686,ADVIK LABORATORIES LTD.,advik laboratories
531687,KARUTURI GLOBAL LTD.,karuturi global
531688,Prithvi Exchange (India) Ltd,prithvi exchange
531689,Mahavir Advanced Remedies Ltd.,mahavir advanced remedies
531692,Khyati Multimedia-entertainment Ltd.,khyati multimedia entertainment
531693,Yantra Natural Resources Ltd.,yantra natural resources
531694,RAINBOW FOUNDATIONS LTD.,rainbow foundations
531695,Veronica Production Ltd,veronica production
531699,SUPER DOMESTIC MACHINES LTD.,super domestic machines
531703,TRIBHUVAN HOUSING LTD.,tribhuvan housing
531712,TRILOGIC DIGITAL MEDIA LTD.,trilogic digital media
531713,BLUECHIP STOCKSPIN LTD.,bluechip stockspin
531716,Tricom Fruit Products Limited,tricom fruit products
531717,Vidhi Specialty Food Ingredients Ltd,vidhi specialty food ingredients
531719,BHAGIRADHA CHEMICALS & INDUSTRIES LTD.,bhagiradha chemicals
531720,Alpha Graphic India Ltd.,alpha graphic
531723,GACM Technologies Ltd,gacm technologies
531724,HRB FLORICULTURE LTD.,hrb floriculture
531726,PANCHSHEEL ORGANICS LTD.,panchsheel organics
531727,MENON PISTONS LTD.,menon pistons
531731,AARYA GLOBAL SHARES AND SECURITIES LTD.,aarya global shares and securities
531735,PRISM FINANCE LTD.,prism finance
531737,Greencrest Financial Services Limited,greencrest financial services
531738,SILICON VALLEY INFOTECH LTD.,silicon valley infotech
531739,GENNEX LABORATORIES LTD.,gennex laboratories
531743,HIRA AUTOMOBILES LTD.,hira automobiles
531744,GINI SILK MILLS LTD.,gini silk mills
531746,PRAJAY ENGINEERS SYNDICATE LTD.,prajay engineers syndicate
531750,Encore Software Ltd.,encore software
531752,Biogen Pharmachem Industries Ltd,biogen pharmachem
531754,FINTECH COMMUNICATIONS LTD.,fintech communications
531758,G.K.CONSULTANTS LTD.,g k consultants
531760,Fusion Fittings (i) Ltd.,fusion fittings i
531761,Apollo Pipes Ltd,apollo pipes
531762,UNJHA FORMULATIONS LTD.,unjha formulations
531768,POLY MEDICURE LTD.,poly medicure
531769,Pfl Infotech Ltd.,pfl infotech
531771,Shraddha Prime Projects Ltd,shraddha prime projects
531775,Cistro Telelink Ltd.,cistro telelink
531777,Intellvisions Software Ltd.,intellvisions software
531778,KACHCHH MINERALS LTD.,kachchh minerals
531780,Kaiser Corporation Limited,kaiser corporation
531781,SAPAN CHEMICALS LTD.,sapan chemicals
531783,AZURE EXIM SERVICES LTD.,azure exim services
531784,KCL Infra Projects Ltd,kcl infra projects
531791,NOVAGOLD PETRO-RESOURCES LTD.,novagold petro resources
531794,SESHACHAL TECHNOLOGIES LTD.,seshachal technologies
531795,ATUL AUTO LTD.,atul auto
531797,SCAN PROJECTS LTD.,scan projects
531802,PRERNA INFRABUILD LTD.,prerna infrabuild
531807,Ing Vysya Bank Ltd.,ing vysya bank
531810,METAL COATINGS (INDIA) LTD.,metal coatings
531812,SGN TELECOMS LTD.,sgn telecoms
531813,GANGA PAPERS INDIA LTD.,ganga papers
531814,TIRUPATI SARJAN LTD.,tirupati sarjan
531816,PANORAMIC UNIVERSAL LTD.,panoramic universal
531819,NUWAY ORGANIC NATURALS INDIA LTD.,nuway organic naturals
531820,Finalysis Credit & Guarantee Co.ltd.,finalysis credit guarantee co
531821,MUNOTH FINANCIAL SERVICES LTD.,munoth financial services
531822,Rodium Realty Limited,rodium realty
531823,ARVIND REMEDIES LTD.,arvind remedies
531825,RCC CEMENTS LTD.,rcc cements
531826,Dee Kartavya Finance Ltd.,dee kartavya finance
531830,Todays Writing Instruments Ltd,todays writing instruments
531831,UNISYS SOFTWARES & HOLDING INDUSTRIES LTD.,unisys softwares holding
531832,NAGARJUNA AGRI TECH LTD.,nagarjuna agri tech
531834,Natura Hue Chem Ltd.,natura hue chem
531838,Sms Techsoft (india) Limited,sms techsoft
531840,IEC EDUCATION LTD.,iec education
531841,Indus Finance Ltd,indus finance
531842,LAHOTI OVERSEAS LTD.,lahoti overseas
531845,Zenith Steel Pipes & Industries Ltd,zenith steel pipes
531846,TRINITY LEAGUE INDIA LTD.,trinity league
531847,ASIAN STAR CO.LTD.,asian star co
531854,FUNWORLD & TOURISM DEVELOPMENT LTD.,funworld tourism development
531855,PRABHAV INDUSTRIES LTD.,prabhav
531859,Oriental Rail Infrastructure Ltd,oriental rail infrastructure
531861,JOINDRE CAPITAL SERVICES LTD.,joindre capital services
531862,BHARAT AGRI FERT & REALTY LTD.,bharat agri fert realty
531863,Sigrun Holdings Limited,sigrun holdings
531865,Volant Textile Mills Ltd.,volant textile mills
531866,Aagam Capital Ltd.,aagam capital
531867,UNITECH INTERNATIONAL LTD.,unitech international
531869,SACHETA METALS LTD.,sacheta metals
531870,POPULAR ESTATE MANAGEMENT LTD.,popular estate management
531874,Venus Power Ventures (india) Ltd.,venus power ventures
531878,ANJANI FINANCE LTD.,anjani finance
531879,PIONEER DISTILLERIES LTD.,pioneer distilleries
531881,GUJARAT METALLIC COAL & COKE LTD.,gujarat metallic coal coke
531882,Kwality Limited,kwality
531885,SVA INDIA LTD.,sva
531886,Scope Industries (India) Limited,scope industries
531887,RAHUL MERCHANDISING LTD.,rahul merchandising
531888,REXNORD ELECTRONICS & CONTROLS LTD.,rexnord electronics controls
531889,Integrated Industries Ltd,integrated
531892,KHANDWALA SECURITIES LTD.,khandwala securities
531893,SAWACA BUSINESS MACHINES LTD.,sawaca business machines
531897,Accentia Technologies Ltd.,accentia technologies
531898,SANGUINE MEDIA LTD.,sanguine media
531900,CCL INTERNATIONAL LTD.,ccl international
531901,Sterling Webnet Ltd.,sterling webnet
531902,GALLOPS ENTERPRISE LTD.,gallops enterprise
531904,GLOBUS CORPORATION LTD.,globus corporation
531909,Croissance Ltd,croissance
531910,Toheal Pharmachem Ltd.,toheal pharmachem
531911,GALAXY AGRICO EXPORTS LTD.,galaxy agrico exports
531913,GOPAL IRON & STEELS CO.(GUJARAT) LTD.,gopal iron steels co gujarat
531917,Twinstar Industries Limited,twinstar
531918,HINDUSTAN APPLIANCES LTD.,hindustan appliances
531919,MUDIT FINLEASE LTD.,mudit finlease
531921,AGARWAL INDUSTRIAL CORPORATION LTD.,agarwal industrial corporation
531923,DHAMPURE SPECIALITY SUGARS LTD.,dhampure speciality sugars
531925,Shantanu Sheorey Aquakult Ltd.,shantanu sheorey aquakult
531928,GOLDEN CARPETS LTD.,golden carpets
531929,INNOCORP LTD.,innocorp
531930,SARTHAK INDUSTRIES LTD.,sarthak
531931,SAI CAPITAL LTD.,sai capital
531934,SUPREME TEX MART LTD.,supreme tex mart
531936,BLUE CHIP INDIA LTD.,blue chip
531937,BECKONS INDUSTRIES LTD.,beckons
531939,Genus Commu-trade Ltd.,genus commu trade
531944,Servoteach Industries Ltd,servoteach
531945,SUNITEE CHEMICALS LTD.,sunitee chemicals
531946,CHADHA PAPERS LTD.,chadha papers
531950,VERTEX SECURITIES LTD.,vertex securities
531952,RIBA TEXTILES LTD.,riba textiles
531959,Newtime Infrastructure Limited,newtime infrastructure
531960,Jindal Online.com Ltd.,jindal online com
531962,SHREE METALLOYS LTD.,shree metalloys
531963,UNIVERSAL CREDIT & SECURITIES LTD.,universal credit securities
531968,IITL PROJECTS LIMITED,iitl projects
531971,HARI GOVIND INTERNATIONAL LTD.,hari govind international
531972,TRIDENT TOOLS LTD.,trident tools
531977,CHARTERED LOGISTICS LTD.,chartered logistics
531978,AMBIKA COTTON MILLS LTD.,ambika cotton mills
531979,HIND ALUMINIUM INDUSTRIES LTD.,hind aluminium
531980,Senthil Infotek Ltd,senthil infotek
531982,SPECTRUM FOODS LTD.,spectrum foods
531989,DECCAN POLYPACKS LTD.,deccan polypacks
531991,AMRAWORLD AGRICO LTD.,amraworld agrico
531994,AUTO PINS (INDIA) LTD.,auto pins
531996,ODYSSEY CORPORATION LTD.,odyssey corporation
532001,INDUCTO STEEL LTD.,inducto steel
532005,SAM INDUSTRIES LTD.,sam
532007,SHREEVATSAA FINANCE & LEASING LTD.,shreevatsaa finance leasing
532011,POOJA ENTERTAINMENT AND FILMS LTD.,pooja entertainment and films
532015,GRAVITY (INDIA) LTD.,gravity
532016,Espire Hospitality Limited,espire hospitality
532021,SENBO INDUSTRIES LTD.,senbo
532022,FILATEX FASHIONS LTD.,filatex fashions
532024,R.B.GUPTA FINANCIALS LTD.,r b gupta financials
532025,SOWBHAGYA MEDIA LTD.,sowbhagya media
532029,Sindhu Trade Links Limited,sindhu trade links
532033,JAIN STUDIOS LTD.,jain studios
532034,Safal Herbs Limited,safal herbs
532035,UNISTAR MULTIMEDIA LTD.,unistar multimedia
532038,EMMSONS INTERNATIONAL LTD.,emmsons international
532039,ZENOTECH LABORATORIES LTD.,zenotech laboratories
532041,HINDUSTAN BIO SCIENCES LTD.,hindustan bio sciences
532042,FRONTLINE CORPORATION LTD.,frontline corporation
532045,Nexxoft Infotel Ltd.,nexxoft infotel
532051,Swelect Energy Systems Limited,swelect energy systems
532053,WALLFORT FINANCIAL SERVICES LTD.,wallfort financial services
532054,KDDL LTD.,kddl
532055,Rashel Agrotech Ltd.,rashel agrotech
532056,ADINATH EXIM RESOURCES LTD.,adinath exim resources
532057,ABHINAV CAPITAL SERVICES LTD.,abhinav capital services
532067,KILPEST INDIA LTD.,kilpest
532068,ARAMUSK INFRASTRUCTURE INVESTMENTS LTD.,aramusk infrastructure investments
532070,Sumuka Agro Industries Ltd,sumuka agro
532072,INTERWORLD DIGITAL LTD.,interworld digital
532078,Monind Ltd,monind
532081,KSS Limited,kss
532083,SHRI KALYAN HOLDINGS LTD.,shri kalyan holdings
532084,Fast Track Entertainment Ltd.,fast track entertainment
532090,VANDANA KNITWEAR LTD.,vandana knitwear
532092,Sagar Productions Limited,sagar productions
532093,Venkat Pharma Ltd.,venkat pharma
532097,MUKAND ENGINEERS LTD.,mukand engineers
532100,INDO-CITY INFOTECH LTD.,indo city infotech
532102,SBEC SUGAR LTD.,sbec sugar
532105,MEGA FIN (INDIA) LTD.,mega fin
532106,REI AGRO LTD.,rei agro
532113,BRIJLAXMI LEASING & FINANCE LTD.,brijlaxmi leasing finance
532114,ALCHEMIST REALTY LTD.,alchemist realty
532116,Xo Infotech Ltd.,xo infotech
532121,DENA BANK,dena bank
532123,BSEL INFRASTRUCTURE REALTY LTD.,bsel infrastructure realty
532124,RELIABLE VENTURES INDIA LTD.,reliable ventures
532127,MOBILE TELECOMMUNICATIONS LTD.,mobile telecommunications
532129,HEXAWARE TECHNOLOGIES LTD.,hexaware technologies
532133,IFGL REFRACTORIES LTD.,ifgl refractories
532134,BANK OF BARODA,bank of baroda
532139,G-TECH INFO-TRAINING LTD.,g tech info training
532140,Mohite Industries Ltd,mohite
532141,ANDHRA CEMENTS LTD.,andhra cements
532143,SKM EGG PRODUCTS EXPORT (INDIA) LTD.,skm egg products export
532144,Welspun Corp Limited,welspun corp
532145,H.S.INDIA LTD.,h s
532149,BANK OF INDIA,bank of
532150,INDRAPRASTHA MEDICAL CORP.LTD.,indraprastha medical corp
532154,Johnson Pharmacare Ltd,johnson pharmacare
532155,GAIL (INDIA) LTD.,gail
532156,Vaibhav Global Ltd,vaibhav global
532159,Trescon Ltd,trescon
532160,Gujarat State Financial Corporation,gujarat state financial corporation
532162,JK PAPER LTD.,jk paper
532163,SAREGAMA INDIA LTD.,saregama
532164,MINOLTA FINANCE LTD.,minolta finance
532166,ALKA SECURITIES LTD.,alka securities
532167,OMKAR PHARMACHEM LTD.,omkar pharmachem
532172,Adroit Infotech Ltd,adroit infotech
532173,CYBERTECH SYSTEMS AND SOFTWARE LTD.,cybertech systems and software
532174,ICICI BANK LTD.,icici bank
532175,Cyient Limited,cyient
532178,ENGINEERS INDIA LTD.,engineers
532179,CORPORATION BANK,corporation bank
532180,Dhanlaxmi Bank Limited,dhanlaxmi bank
532181,GUJARAT MINERAL DEVELOPMENT CORPORATION LTD.,gujarat mineral development corporation
532183,GAYATRI SUGARS LTD.,gayatri sugars
532187,INDUSIND BANK LTD.,indusind bank
532189,INDIA TOURISM DEVELOPMENT CORPORATION LTD.,india tourism development corporation
532191,STATE BANK OF TRAVANCORE,state bank of travancore
532200,STATE BANK OF MYSORE,state bank of mysore
532209,JAMMU & KASHMIR BANK LTD.,jammu kashmir bank
532210,CITY UNION BANK LTD.,city union bank
532212,ARCHIES LTD.,archies
532215,AXIS BANK LTD.,axis bank
532216,HB STOCKHOLDINGS LTD.,hb stockholdings
532217,SIEL FINANCIAL SERVICES LTD.,siel financial services
532218,SOUTH INDIAN BANK LTD.,south indian bank
532219,ENERGY DEVELOPMENT COMPANY LTD.,energy development
532221,SONATA SOFTWARE LTD.,sonata software
532230,BENGAL TEA & FABRICS LTD.,bengal tea fabrics
532234,NATIONAL ALUMINIUM CO.LTD.,national aluminium co
532240,INDIA NIPPON ELECTRICALS LTD.,india nippon electricals
532249,Sql Star International Ltd.,sql star international
532254,Polaris Consulting & Services Limited,polaris consulting services
532256,NALWA SONS INVESTMENTS LTD.,nalwa sons investments
532259,APAR INDUSTRIES LTD.,apar
532262,TCI INDUSTRIES LTD.,tci
532268,Accelya Solutions India Ltd,accelya solutions
532271,Orchasp Ltd,orchasp
532275,LANDMARC LEISURE CORPORATION LTD.,landmarc leisure corporation
532276,SYNDICATE BANK,syndicate bank
532281,HCL TECHNOLOGIES LTD.,hcl technologies
532282,Castex Technologies Ltd,castex technologies
532284,TCFC FINANCE LTD.,tcfc finance
532285,Geojit Financial Services Ltd,geojit financial services
532286,JINDAL STEEL & POWER LTD.,jindal steel power
532287,ENTEGRA LTD.,entegra
532290,BLB LTD.,blb
532291,Kdl Biotech Ltd.,kdl biotech
532293,SOFTWARE TECHNOLOGY GROUP INTERNATIONAL LTD.,software technology group international
532296,GLENMARK PHARMACEUTICALS LTD.,glenmark pharmaceuticals
532298,Zenith Infotech Ltd.,zenith infotech
532300,WOCKHARDT LTD.,wockhardt
532301,TATA COFFEE LTD.,tata coffee
532303,INTEGRATED HITECH LTD.,integrated hitech
532304,KJMC Corporate Advisors (India) Ltd.,kjmc corporate advisors
532305,IND-SWIFT LABORATORIES LTD.,ind swift laboratories
532307,MELSTAR INFORMATION TECHNOLOGIES LTD.,melstar information technologies
532309,GE Power India Ltd,ge power
532310,SHREE RAMA MULTI-TECH LTD.,shree rama multi tech
532311,Tutis Technologies Ltd.,tutis technologies
532312,GEOMETRIC LTD.,geometric
532313,MAHINDRA LIFESPACE DEVELOPERS LTD.,mahindra lifespace developers
532316,S KUMARS.COM LTD.,s kumars com
532318,GEMINI COMMUNICATION LTD.,gemini communication
532320,Vaarad Ventures Ltd,vaarad ventures
532321,Zydus Lifesciences Ltd,zydus lifesciences
532322,ELDER PHARMACEUTICALS LTD.,elder pharmaceuticals
532323,SHIVA CEMENT LTD.,shiva cement
532324,CINEVISTA LTD.,cinevista
532326,INTENSE TECHNOLOGIES LTD.,intense technologies
532329,DANLAW TECHNOLOGIES INDIA LTD.,danlaw technologies
532330,BIOPAC INDIA CORPORATION LTD.,biopac india corporation
532331,AJANTA PHARMA LTD.,ajanta pharma
532332,CURA TECHNOLOGIES LTD.,cura technologies
532333,HB PORTFOLIO LTD.,hb portfolio
532334,HB ESTATE DEVELOPERS LTD.,hb estate developers
532335,Ambica Agarbathies & Aroma Industries Ltd.,ambica agarbathies aroma
532336,BARON INFOTECH LTD.,baron infotech
532338,Valuemart Info Technologies Ltd.,valuemart info technologies
532339,COMPUCOM SOFTWARE LTD.,compucom software
532340,OMNI AXS SOFTWARE LTD.,omni axs software
532341,IZMO Limited,izmo
532342,Commex Technology Limited,commex technology
532343,TVS MOTOR COMPANY LTD.,tvs motor
532344,SOFTSOL INDIA LTD.,softsol
532345,GATI LTD.,gati
532346,BLUE STAR INFOTECH LTD.,blue star infotech
532347,HELIOS & MATHESON INFORMATION TECHNOLOGY LTD.,helios matheson information technology
532348,SUBEX LTD.,subex
532349,TRANSPORT CORPORATION OF INDIA LTD.,transport corporation of
532350,PADMALAYA TELEFILMS LTD.,padmalaya telefilms
532351,AKSH OPTIFIBRE LTD.,aksh optifibre
532354,Virgo Global Ltd,virgo global
532355,PICTUREHOUSE MEDIA LTD.,picturehouse media
532356,TRIVENI ENGINEERING & INDUSTRIES LTD.,triveni engineering
532357,MUKTA ARTS LTD.,mukta arts
532359,HIT KIT GLOBAL SOLUTIONS LTD.,hit kit global solutions
532362,NAGPUR POWER & INDUSTRIES LTD.,nagpur power
532363,CTIL LTD.,ctil
532364,CYBERSCAPE MULTIMEDIA LTD.,cyberscape multimedia
532365,DYNACONS SYSTEMS & SOLUTIONS LTD.,dynacons systems solutions
532366,PNB GILTS LTD.,pnb gilts
532367,KANIKA INFOTECH LTD.,kanika infotech
532368,Brightcom Group Ltd,brightcom group
532369,RAMCO INDUSTRIES LTD.,ramco
532370,RAMCO SYSTEMS LTD.,ramco systems
532371,TATA TELESERVICES (MAHARASHTRA) LTD.,tata teleservices maharashtra
532372,Virinchi Ltd,virinchi
532373,WEP SOLUTIONS LTD.,wep solutions
532374,STERLITE TECHNOLOGIES LTD.,sterlite technologies
532375,TIPS INDUSTRIES LTD.,tips
532376,MRO-TEK Realty Ltd,mro tek realty
532378,UNIVERSAL ARTS LTD.,universal arts
532379,First Fintec Ltd,first fintec
532380,BABA ARTS LTD.,baba arts
532382,BALAJI TELEFILMS LTD.,balaji telefilms
532384,TYCHE INDUSTRIES LTD.,tyche
532386,CALIFORNIA SOFTWARE CO.LTD.,california software co
532387,PRITISH NANDY COMMUNICATIONS LTD.,pritish nandy communications
532388,INDIAN OVERSEAS BANK,indian overseas bank
532389,VALECHA ENGINEERING LTD.,valecha engineering
532390,TAJGVK HOTELS & RESORTS LTD.,tajgvk hotels resorts
532391,OPTO CIRCUITS (INDIA) LTD.,opto circuits
532392,CREATIVE EYE LTD.,creative eye
532395,Axiscades Technologies Ltd,axiscades technologies
532397,Konndor Industries Ltd,konndor
532398,Usha Martin Education & Solutions Limited,usha martin education solutions
532399,Reliance Mediaworks Ltd.,reliance mediaworks
532400,Birlasoft Ltd,birlasoft
532401,VIJAYA BANK,vijaya bank
532402,USG TECH SOLUTIONS LTD.,usg tech solutions
532403,FOURTH GENERATION INFORMATION SYSTEMS LTD.,fourth generation information systems
532404,SAVEN TECHNOLOGIES LTD.,saven technologies
532405,Ccs Infotech Ltd.,ccs infotech
532406,AVANTEL LTD.,avantel
532407,Moschip Technologies Ltd,moschip technologies
532408,MEGASOFT LTD.,megasoft
532410,TRANSCORP INTERNATIONAL LTD.,transcorp international
532411,VISESH INFOTECNICS LTD.,visesh infotecnics
532413,CEREBRA INTEGRATED TECHNOLOGIES LTD.,cerebra integrated technologies
532414,IKF TECHNOLOGIES LTD.,ikf technologies
532416,NEXT MEDIAWORKS LTD.,next mediaworks
532418,ANDHRA BANK,andhra bank
532419,Smartlink Holdings Ltd,smartlink holdings
532424,GODREJ CONSUMER PRODUCTS LTD.,godrej consumer products
532425,Genus Prime Infra Ltd,genus prime infra
532430,BF UTILITIES LTD.,bf utilities
532432,UNITED SPIRITS LTD.,united spirits
532435,Sanmit Infra Limited,sanmit infra
532439,Olectra Greentech Ltd,olectra greentech
532440,MPS LTD.,mps
532441,RAINBOW DENIM LTD.,rainbow denim
532442,MW UNITEXX LTD.,mw unitexx
532443,CERA SANITARYWARE LTD.,cera sanitaryware
532444,T.SPIRITUAL WORLD LTD.,t spiritual world
532454,BHARTI AIRTEL LTD.,bharti airtel
532455,SHALIMAR WIRES INDUSTRIES LTD.,shalimar wires
532456,COMPUAGE INFOCOM LTD.,compuage infocom
532457,GULSHAN POLYOLS LTD.,gulshan polyols
532459,Faze Three Autofab Ltd,faze three autofab
532460,PONNI SUGARS (ERODE) LTD.,ponni sugars erode
532461,PUNJAB NATIONAL BANK,punjab national bank
532466,ORACLE FINANCIAL SERVICES SOFTWARE LTD.,oracle financial services software
532467,HAZOOR MULTI PROJECTS LTD.,hazoor multi projects
532468,Kama Holdings Limited,kama holdings
532470,MATHER & PLATT FIRE SYSTEMS LTD.,mather platt fire systems
532475,APTECH LTD.,aptech
532477,UNION BANK OF INDIA,union bank of
532478,UNITED BREWERIES LTD.,united breweries
532479,ISMT LTD.,ismt
532480,ALLAHABAD BANK,allahabad bank
532481,NOIDA TOLL BRIDGE COMPANY LTD.,noida toll bridge
532482,GRANULES INDIA LTD.,granules
532483,CANARA BANK,canara bank
532485,BALMER LAWRIE INVESTMENTS LTD.,balmer lawrie investments
532486,POKARNA LTD.,pokarna
532488,DIVI'S LABORATORIES LTD.,divi s laboratories
532491,Ece Industries Ltd.,ece
532493,ASTRA MICROWAVE PRODUCTS LTD.,astra microwave products
532494,Micro Technologies (india) Ltd.,micro technologies
532497,RADICO KHAITAN LTD.,radico khaitan
532498,SHRIRAM CITY UNION FINANCE LTD.,shriram city union finance
532500,MARUTI SUZUKI INDIA LTD.,maruti suzuki
532503,RAJAPALAYAM MILLS LTD.,rajapalayam mills
532504,Navin Fluorine International Limited,navin fluorine international
532505,UCO BANK,uco bank
532507,B.A.G.FILMS & MEDIA LTD.,b a g films media
532508,JINDAL STAINLESS LTD.,jindal stainless
532509,SUPRAJIT ENGINEERING LTD.,suprajit engineering
532511,EXCEL CROP CARE LTD.,excel crop care
532513,TVS ELECTRONICS LTD.,tvs electronics
532514,INDRAPRASTHA GAS LTD.,indraprastha gas
532515,TV TODAY NETWORK LTD.,tv today network
532516,Surya Pharmaceutical Ltd.,surya pharmaceutical
532518,Florence Investech Limited,florence investech
532521,Palred Technologies Limited,palred technologies
532522,PETRONET LNG LTD.,petronet lng
532523,BIOCON LTD.,biocon
532524,PTC INDIA LTD.,ptc
532525,BANK OF MAHARASHTRA,bank of maharashtra
532526,DISHMAN PHARMACEUTICALS & CHEMICALS LTD.,dishman pharmaceuticals chemicals
532527,RAMKRISHNA FORGINGS LTD.,ramkrishna forgings
532528,DATAMATICS GLOBAL SERVICES LTD.,datamatics global services
532529,NEW DELHI TELEVISION LTD.,new delhi television
532531,Strides Pharma Science Ltd,strides pharma science
532532,JAIPRAKASH ASSOCIATES LTD.,jaiprakash associates
532537,LUMAX AUTOMOTIVE SYSTEMS LTD.,lumax automotive systems
532538,ULTRATECH CEMENT LTD.,ultratech cement
532539,UNO Minda Ltd,uno minda
532540,TATA CONSULTANCY SERVICES LTD.,tata consultancy services
532541,Coforge Ltd,coforge
532542,Crew B.o.s.products Ltd.,crew b o s products
532543,GP Petroleums Limited,gp petroleums
532545,Fresenius Kabi Oncology Ltd.,fresenius kabi oncology
532548,CENTURY PLYBOARDS (I) LTD.,century plyboards i
532553,Welspun Enterprises Ltd,welspun enterprises
532555,NTPC LTD.,ntpc
532604,S.A.L.STEEL LTD.,s a l steel
532605,JBM AUTO LTD.,jbm auto
532606,Parekh Aluminex Ltd.,parekh aluminex
532607,Ontrack Systems Ltd.,ontrack systems
532608,Deccan Chronicle Holdings Ltd.,deccan chronicle holdings
532609,Bharati Shipyard Ltd.,bharati shipyard
532610,DWARIKESH SUGAR INDUSTRIES LTD.,dwarikesh sugar
532612,INDOCO REMEDIES LTD.,indoco remedies
532613,VIP Clothing Ltd,vip clothing
532614,IMPEX FERRO TECH LTD.,impex ferro tech
532616,XCHANGING SOLUTIONS LTD.,xchanging solutions
532617,JET AIRWAYS (INDIA) LTD.,jet airways
532621,MORARJEE TEXTILES LTD.,morarjee textiles
532622,GATEWAY DISTRIPARKS LTD.,gateway distriparks
532623,N.R.INTERNATIONAL LTD.,n r international
532624,JINDAL PHOTO LTD.,jindal photo
532626,PONDY OXIDES & CHEMICALS LTD.,pondy oxides chemicals
532627,Jaiprakash Power Ventures Limited,jaiprakash power ventures
532628,3I INFOTECH LTD.,3i infotech
532629,MCNALLY BHARAT ENGINEERING COMPANY LTD.,mcnally bharat engineering
532630,GOKALDAS EXPORTS LTD.,gokaldas exports
532633,ALLSEC TECHNOLOGIES LTD.,allsec technologies
532636,IIFL Finance Ltd,iifl finance
532637,MANGALAM DRUGS & ORGANICS LTD.,mangalam drugs organics
532638,SHOPPERS STOP LTD.,shoppers stop
532640,CYBER MEDIA (INDIA) LTD.,cyber media
532641,Nandan Denim Limited,nandan denim
532642,JSW Holdings Limited,jsw holdings
532643,SHREE GANESH FORGINGS LTD.,shree ganesh forgings
532644,J.K.CEMENT LTD.,j k cement
532645,BEEYU OVERSEAS LTD.,beeyu overseas
532646,UNIPLY INDUSTRIES LTD.,uniply
532647,PROVOGUE (INDIA) LTD.,provogue
532648,YES BANK LTD.,yes bank
532649,NECTAR LIFESCIENCES LTD.,nectar lifesciences
532650,MSP STEEL & POWER LTD.,msp steel power
532651,SPL INDUSTRIES LTD.,spl
532652,KARNATAKA BANK LTD.,karnataka bank
532654,MCL,mcl
532656,FACOR ALLOYS LTD.,facor alloys
532657,FACOR STEELS LTD.,facor steels
532658,EON ELECTRIC LTD.,eon electric
532659,IDFC LIMITED,idfc
532660,VIVIMED LABS LTD.,vivimed labs
532661,RANE (MADRAS) LTD.,rane madras
532662,HT MEDIA LTD.,ht media
532663,Sasken Technologies Ltd,sasken technologies
532664,Amar Remedies Ltd.,amar remedies
532665,RAJVIR INDUSTRIES LTD.,rajvir
532666,FCS SOFTWARE SOLUTIONS LTD.,fcs software solutions
532667,SUZLON ENERGY LTD.,suzlon energy
532668,AURIONPRO SOLUTIONS LTD.,aurionpro solutions
532669,SOUTHERN ONLINE BIO TECHNOLOGIES LTD.,southern online bio technologies
532670,SHREE RENUKA SUGARS LTD.,shree renuka sugars
532672,Glodyne Technoserve Ltd.,glodyne technoserve
532673,K.M.SUGAR MILLS LTD.,k m sugar mills
532674,BANNARI AMMAN SPINNING MILLS LTD.,bannari amman spinning mills
532675,Prithvi Information Solutions Ltd.,prithvi information solutions
532676,PBA INFRASTRUCTURE LTD.,pba infrastructure
532678,BOMBAY RAYON FASHIONS LTD.,bombay rayon fashions
532679,SORIL Infra Resources Ltd,soril infra resources
532682,ABG SHIPYARD LTD.,abg shipyard
532683,AIA ENGINEERING LTD.,aia engineering
532684,EVEREST KANTO CYLINDER LTD.,everest kanto cylinder
532686,KERNEX MICROSYSTEMS (INDIA) LTD.,kernex microsystems
532687,REPRO INDIA LTD.,repro
532689,PVR Inox Ltd,pvr inox
532690,RAMSARUP INDUSTRIES LTD.,ramsarup
532691,Tulip Telecom Ltd.,tulip telecom
532692,RADHA MADHAV CORPORATION LTD.,radha madhav corporation
532693,PUNJ LLOYD LTD.,punj lloyd
532694,BARTRONICS INDIA LTD.,bartronics
532695,CELEBRITY FASHIONS LTD.,celebrity fashions
532696,EDUCOMP SOLUTIONS LTD.,educomp solutions
532698,NITIN SPINNERS LTD.,nitin spinners
532699,ROYAL ORCHID HOTELS LTD.,royal orchid hotels
532700,ENTERTAINMENT NETWORK (INDIA) LTD.,entertainment network
532701,Cella Space Ltd,cella space
532702,GUJARAT STATE PETRONET LTD.,gujarat state petronet
532705,JAGRAN PRAKASHAN LTD.,jagran prakashan
532706,INOX LEISURE LTD.,inox leisure
532707,DYNEMIC PRODUCTS LTD.,dynemic products
532708,GVK POWER & INFRASTRUCTURE LTD.,gvk power infrastructure
532710,SADBHAV ENGINEERING LTD.,sadbhav engineering
532711,SUNIL HITECH ENGINEERS LTD.,sunil hitech engineers
532712,RELIANCE COMMUNICATIONS LTD.,reliance communications
532713,SAKUMA EXPORTS LTD.,sakuma exports
532714,KEC INTERNATIONAL LTD.,kec international
532715,GITANJALI GEMS LTD.,gitanjali gems
532716,GILLANDERS ARBUTHNOT & CO.LTD.,gillanders arbuthnot co
532717,INDO TECH TRANSFORMERS LTD.,indo tech transformers
532718,PRATIBHA INDUSTRIES LTD.,pratibha
532719,B.L.KASHYAP AND SONS LTD.,b l kashyap and sons
532720,MAHINDRA & MAHINDRA FINANCIAL SERVICES LTD.,mahindra mahindra financial services
532721,VISA STEEL LTD.,visa steel
532722,NITCO LTD.,nitco
532723,MPDL Ltd,mpdl
532725,SOLAR INDUSTRIES INDIA LTD.,solar industries
532726,Gallantt Ispat Ltd,gallantt ispat
532727,ADHUNIK METALIKS LTD.,adhunik metaliks
532728,MALU PAPER MILLS LTD.,malu paper mills
532729,UTTAM SUGAR MILLS LTD.,uttam sugar mills
532730,STL GLOBAL LTD.,stl global
532731,ROHIT FERRO-TECH LTD.,rohit ferro tech
532732,KEWAL KIRAN CLOTHING LTD.,kewal kiran clothing
532733,SUN TV NETWORK LTD.,sun tv network
532734,GODAWARI POWER & ISPAT LTD.,godawari power ispat
532735,R Systems International Limited,r systems international
532737,EMKAY GLOBAL FINANCIAL SERVICES LTD.,emkay global financial services
532738,TANTIA CONSTRUCTIONS LTD.,tantia constructions
532739,PLETHICO PHARMACEUTICALS LTD.,plethico pharmaceuticals
532740,LOKESH MACHINES LTD.,lokesh machines
532741,Kamdhenu Ltd,kamdhenu
532742,PAUSHAK LTD.,paushak
532744,GTN TEXTILES LTD.,gtn textiles
532745,Inditrade Capital Limited,inditrade capital
532746,UNITY INFRAPROJECTS LTD.,unity infraprojects
532747,Kingfisher Airlines Ltd.,kingfisher airlines
532748,PRIME FOCUS LTD.,prime focus
532749,ALLCARGO LOGISTICS LTD.,allcargo logistics
532751,EASUN REYROLLE LTD.,easun reyrolle
532754,GMR Airports Infrastructure Ltd,gmr airports infrastructure
532755,TECH MAHINDRA LTD.,tech mahindra
532756,CIE Automotive India Ltd,cie automotive
532757,VOLTAMP TRANSFORMERS LTD.,voltamp transformers
532758,Kew Industries Ltd.,kew
532759,ATLANTA LTD.,atlanta
532760,Deep Energy Resources Ltd,deep energy resources
532761,HOV SERVICES LTD.,hov services
532762,ACTION CONSTRUCTION EQUIPMENT LTD.,action construction equipment
532764,GeeCee Ventures Limited,geecee ventures
532765,USHER AGRO LTD.,usher agro
532766,RICHA INDUSTRIES LTD.,richa
532767,GAYATRI PROJECTS LTD.,gayatri projects
532768,FIEM INDUSTRIES LTD.,fiem
532770,HANUNG TOYS & TEXTILES LTD.,hanung toys textiles
532771,Jhs Svendgaard Laboratories Ltd.,jhs svendgaard laboratories
532772,DCB Bank Limited,dcb bank
532773,GLOBAL VECTRA HELICORP LTD.,global vectra helicorp
532774,Inspirisys Solutions Ltd,inspirisys solutions
532775,GTL INFRASTRUCTURE LTD.,gtl infrastructure
532776,SHIVAM AUTOTECH LTD.,shivam autotech
532777,INFO EDGE (INDIA) LTD.,info edge
532778,LANCO INFRATECH LTD.,lanco infratech
532779,TORRENT POWER LTD.,torrent power
532780,PARSVNATH DEVELOPERS LTD.,parsvnath developers
532782,SUTLEJ TEXTILES & INDUSTRIES LTD.,sutlej textiles
532783,LT FOODS LTD.,lt foods
532784,Sobha Limited,sobha
532785,RUCHIRA PAPERS LTD.,ruchira papers
532786,GOL OFFSHORE LTD.,gol offshore
532787,ESS DEE ALUMINIUM LTD.,ess dee aluminium
532788,XL ENERGY LTD.,xl energy
532789,NISSAN COPPER LTD.,nissan copper
532790,Tanla Platforms Ltd,tanla platforms
532792,CAIRN INDIA LTD.,cairn
532793,Shree Ashtavinayak Cine Vision Ltd.,shree ashtavinayak cine vision
532794,Zee Media Corporation Limited,zee media corporation
532795,Siti Networks Ltd,siti networks
532796,LUMAX AUTO TECHNOLOGIES LTD.,lumax auto technologies
532797,AUTOLINE INDUSTRIES LTD.,autoline
532798,NETWORK18 MEDIA & INVESTMENTS LTD.,network18 media investments
532799,HUBTOWN LTD.,hubtown
532800,TV18 BROADCAST LTD.,tv18 broadcast
532801,CAMBRIDGE TECHNOLOGY ENTERPRISES LTD.,cambridge technology enterprises
532803,POCHIRAJU INDUSTRIES LTD.,pochiraju
532804,TECHNOCRAFT INDUSTRIES (INDIA) LTD.,technocraft industries
532805,Redington Ltd,redington
532806,AI CHAMPDANY INDUSTRIES LTD.,ai champdany
532807,Cineline India Limited,cineline
532808,Pearl Global Industries Limited,pearl global
532809,FIRSTSOURCE SOLUTIONS LTD.,firstsource solutions
532810,POWER FINANCE CORPORATION LTD.,power finance corporation
532811,AHLUWALIA CONTRACTS (INDIA) LTD.,ahluwalia contracts
532812,TRANSWARRANTY FINANCE LTD.,transwarranty finance
532813,C & C CONSTRUCTIONS LTD.,c c constructions
532814,INDIAN BANK,indian bank
532815,SMS PHARMACEUTICALS LTD.,sms pharmaceuticals
532816,BROADCAST INITIATIVES LTD.,broadcast initiatives
532817,ORIENTAL TRIMEX LTD.,oriental trimex
532819,MINDTREE LTD.,mindtree
532820,E-Land Apparel Limited,e land apparel
532821,Indus Fila Ltd.,indus fila
532822,Vodafone Idea Ltd,vodafone idea
532823,EURO CERAMICS LTD.,euro ceramics
532824,VTX INDUSTRIES LIMITED,vtx
532825,JAGJANANI TEXTILES LTD.,jagjanani textiles
532826,RAJ TELEVISION NETWORK LTD.,raj television network
532827,PAGE INDUSTRIES LTD.,page
532828,AMD INDUSTRIES LTD.,amd
532829,Lehar Footwears Ltd,lehar footwears
532830,Astral Ltd,astral
532831,ABHISHEK CORPORATION LTD.,abhishek corporation
532832,INDIABULLS REAL ESTATE LTD.,indiabulls real estate
532834,CAMLIN FINE SCIENCES LTD.,camlin fine sciences
532835,ICRA LTD.,icra
532836,Sancia Global Infraprojects Limited,sancia global infraprojects
532837,ORBIT CORPORATION LTD.,orbit corporation
532839,DISH TV INDIA LTD.,dish tv
532840,Advanta Limited,advanta
532841,SAHYADRI INDUSTRIES LTD.,sahyadri
532842,SREE RAYALASEEMA HI-STRENGTH HYPO LTD.,sree rayalaseema hi strength hypo
532843,FORTIS HEALTHCARE LTD.,fortis healthcare
532845,TGB BANQUETS AND HOTELS LTD.,tgb banquets and hotels
532847,HILTON METAL FORGING LTD.,hilton metal forging
532848,DELTA CORP LTD.,delta corp
532850,MIC ELECTRONICS LTD.,mic electronics
532851,INSECTICIDES (INDIA) LTD.,insecticides
532852,MCDOWELL HOLDINGS LTD.,mcdowell holdings
532853,ASAHI SONGWON COLORS LTD.,asahi songwon colors
532854,NITIN FIRE PROTECTION INDUSTRIES LTD.,nitin fire protection
532855,HARYANA CAPFIN LTD.,haryana capfin
532856,TIME TECHNOPLAST LTD.,time technoplast
532857,Glory Polyfilms Ltd.,glory polyfilms
532858,Decolight Ceramics Ltd.,decolight ceramics
532859,HINDUJA GLOBAL SOLUTIONS LTD.,hinduja global solutions
532864,NELCAST LTD.,nelcast
532865,MEGHMANI ORGANICS LTD.,meghmani organics
532866,QUINTEGRA SOLUTIONS LTD.,quintegra solutions
532867,V2 RETAIL LTD.,v2 retail
532868,DLF LTD.,dlf
532869,TARMAT LTD.,tarmat
532870,ANKIT METAL & POWER LTD.,ankit metal power
532871,Celestial Biolabs Limited,celestial biolabs
532872,SUN PHARMA ADVANCED RESEARCH COMPANY LTD.,sun pharma advanced research
532873,HOUSING DEVELOPMENT & INFRASTRUCTURE LTD.,housing development infrastructure
532874,SURYACHAKRA POWER CORPORATION LTD.,suryachakra power corporation
532875,ALLIED DIGITAL SERVICES LTD.,allied digital services
532876,Everonn Education ltd,everonn education
532877,SIMPLEX PROJECTS LTD.,simplex projects
532878,ALPA LABORATORIES LTD.,alpa laboratories
532879,SIR SHADI LAL ENTERPRISES LTD.,sir shadi lal enterprises
532880,OMAXE LTD.,omaxe
532882,OMNITECH INFOSOLUTIONS LTD.,omnitech infosolutions
532883,ZYLOG SYSTEMS LTD.,zylog systems
532884,Refex Industries Limited,refex
532885,CENTRAL BANK OF INDIA,central bank of
532886,SEL MANUFACTURING COMPANY LTD.,sel manufacturing
532887,Neueon Towers Ltd,neueon towers
532888,ASIAN GRANITO INDIA LTD.,asian granito
532889,K.P.R. Mill Limited,k p r mill
532890,TAKE SOLUTIONS LTD.,take solutions
532891,Puravankara Ltd,puravankara
532892,MOTILAL OSWAL FINANCIAL SERVICES LTD.,motilal oswal financial services
532893,VTM LTD.,vtm
532894,INDOWIND ENERGY LTD.,indowind energy
532895,NAGREEKA CAPITAL & INFRASTRUCTURE LTD.,nagreeka capital infrastructure
532896,MAGNUM VENTURES LTD.,magnum ventures
532898,POWER GRID CORPORATION OF INDIA LTD.,power grid corporation of
532899,KAVERI SEED COMPANY LTD.,kaveri seed
532900,Paisalo Digital Ltd,paisalo digital
532902,CONSOLIDATED CONSTRUCTION CONSORTIUM LTD.,consolidated construction consortium
532903,Dhanus Technologies Ltd.,dhanus technologies
532904,SUPREME INFRASTRUCTURE INDIA LTD.,supreme infrastructure
532905,SAAMYA BIOTECH (INDIA) LTD.,saamya biotech
532906,MAAN ALUMINIUM LTD.,maan aluminium
532907,IL&FS ENGINEERING AND CONSTRUCTION COMPANY LTD.,il fs engineering and construction
532908,SHARON BIO-MEDICINE LTD.,sharon bio medicine
532910,ANIL LTD.,anil
532911,Parle Industries Ltd,parle
532912,NET 4 INDIA LTD.,net 4
532913,CIRCUIT SYSTEMS (INDIA) LTD.,circuit systems
532914,ARCOTECH LTD.,arcotech
532915,RELIGARE ENTERPRISES LTD.,religare enterprises
532916,BARAK VALLEY CEMENTS LTD.,barak valley cements
532917,Varun Industries Ltd.,varun
532918,RATHI BARS LTD.,rathi bars
532919,ALLIED COMPUTERS INTERNATIONAL (ASIA) LTD.,allied computers international asia
532920,EMPEE DISTILLERIES LTD.,empee distilleries
532921,ADANI PORTS AND SPECIAL ECONOMIC ZONE LTD.,adani ports and special economic zone
532922,Edelweiss Financial Services Ltd.,edelweiss financial services
532923,Renaissance Global Ltd,renaissance global
532924,KOLTE-PATIL DEVELOPERS LTD.,kolte patil developers
532925,KAUSHALYA INFRASTRUCTURE DEVELOPMENT CORPORATION LTD.,kaushalya infrastructure development corporation
532926,Jyothy Labs Ltd,jyothy labs
532927,ECLERX SERVICES LTD.,eclerx services
532928,TRANSFORMERS AND RECTIFIERS (INDIA) LTD.,transformers and rectifiers
532929,BRIGADE ENTERPRISES LTD.,brigade enterprises
532930,BGR ENERGY SYSTEMS LTD.,bgr energy systems
532931,BURNPUR CEMENT LTD.,burnpur cement
532932,MANAKSIA LTD.,manaksia
532933,PORWAL AUTO COMPONENTS LTD.,porwal auto components
532934,PPAP Automotive Limited,ppap automotive
532935,ARIES AGRO LTD.,aries agro
532937,KUANTUM PAPERS LTD.,kuantum papers
532938,CAPITAL FIRST LTD.,capital first
532939,RELIANCE POWER LTD.,reliance power
532940,J.KUMAR INFRAPROJECTS LTD.,j kumar infraprojects
532941,CORDS CABLE INDUSTRIES LTD.,cords cable
532942,KNR CONSTRUCTIONS LTD.,knr constructions
532944,OnMobile Global Ltd.,onmobile global
532945,SEPC Ltd,sepc
532946,BANG OVERSEAS LTD.,bang overseas
532947,IRB INFRASTRUCTURE DEVELOPERS LTD.,irb infrastructure developers
532948,TULSI EXTRUSIONS LTD.,tulsi extrusions
532949,Piramal Glass Ltd.,piramal glass
532950,Manjushree Technopack Ltd.,manjushree technopack
532951,GSS INFOTECH LTD.,gss infotech
532952,NAHAR CAPITAL & FINANCIAL SERVICES LTD.,nahar capital financial services
532953,V-GUARD INDUSTRIES LTD.,v guard
532955,REC Ltd,rec
532957,GOKAK TEXTILES LTD.,gokak textiles
532959,AJR Infra And Tolling Ltd,ajr infra and tolling
532960,Dhani Services Ltd,dhani services
532961,SITA SHREE FOOD PRODUCTS LTD.,sita shree food products
532966,Titagarh Rail Systems Ltd,titagarh rail systems
532967,KIRI INDUSTRIES LTD.,kiri
532972,SANKHYA INFOTECH LTD.,sankhya infotech
532974,ADITYA BIRLA MONEY LTD.,aditya birla money
532975,Aishwarya Technologies And Telecom Ltd,aishwarya technologies and telecom
532976,JAI BALAJI INDUSTRIES LTD.,jai balaji
532977,BAJAJ AUTO LTD.,bajaj auto
532978,BAJAJ FINSERV LTD.,bajaj finserv
532979,Piramal Phytocare Limited,piramal phytocare
532980,GOKUL REFOILS & SOLVENT LTD.,gokul refoils solvent
532981,Anu's Laboratories Ltd.,anu s laboratories
532983,RPG LIFE SCIENCES LTD.,rpg life sciences
532985,Kotak S&P BSE Sensex ETF,kotak s p bse sensex etf
532986,NIRAJ CEMENT STRUCTURALS LTD.,niraj cement structurals
532987,RANE BRAKE LINING LTD.,rane brake lining
532988,RANE ENGINE VALVE LTD.,rane engine valve
532989,BAFNA PHARMACEUTICALS LTD.,bafna pharmaceuticals
532990,METKORE ALLOYS & INDUSTRIES LTD.,metkore alloys
532991,MVL LTD.,mvl
532992,CHL LTD.,chl
532993,Sejal Glass Ltd,sejal glass
532994,ARCHIDPLY INDUSTRIES LTD.,archidply
532995,Avon Corporation Ltd.,avon corporation
532996,FIRST WINNER INDUSTRIES LTD.,first winner
532997,KSK ENERGY VENTURES LTD.,ksk energy ventures
532998,Lotus Eye Hospital And Institute Ltd,lotus eye hospital and institute
533001,SOMI CONVEYOR BELTINGS LTD.,somi conveyor beltings
533002,Deutsche Mutual Fund - Dws Fixed Term Series 50 - Plan A - Growth Option,deutsche mutual fund dws fixed term series 50 plan a growth option
533004,Deutsche Mutual Fund - Dws Fixed Term Series 50 - Plan B - Growth Option,deutsche mutual fund dws fixed term series 50 plan b growth option
533006,BIRLA COTSYN (INDIA) LTD.,birla cotsyn
533007,LGB FORGE LTD.,lgb forge
533008,OCL IRON AND STEEL LTD.,ocl iron and steel
533012,LANDMARK PROPERTY DEVELOPMENT COMPANY LTD.,landmark property development
533014,SICAGEN INDIA LTD.,sicagen
533015,NU TEK INDIA LTD.,nu tek
533016,Austral Coke & Projects Ltd.,austral coke projects
533017,RESURGERE MINES & MINERALS INDIA LTD.,resurgere mines minerals
533018,SIMPLEX MILLS COMPANY LTD.,simplex mills
533019,SIMPLEX PAPERS LTD.,simplex papers
533022,20 MICRONS LTD.,20 microns
533023,ZF Commercial Vehicle Control Systems India Ltd,zf commercial vehicle control systems
533029,ALKALI METALS LTD.,alkali metals
533033,ISGEC Heavy Engineering Ltd,isgec heavy engineering
533044,Selanbbph,selanbbph
533047,INDIAN METALS & FERRO ALLOYS LTD.,indian metals ferro alloys
533048,GI ENGINEERING SOLUTIONS LTD.,gi engineering solutions
533055,Edserv Softsystems Ltd.,edserv softsystems
533056,VEDAVAAG SYSTEMS LTD.,vedavaag systems
533059,Brandhouse Retails Ltd.,brandhouse retails
533065,REI SIX TEN RETAIL LTD.,rei six ten retail
533068,ARROW TEXTILES LTD.,arrow textiles
533078,MANJEERA CONSTRUCTIONS LTD.,manjeera constructions
533079,SAND PLAST (INDIA) LTD.,sand plast
533080,Mold-Tek Packaging Limited,mold tek packaging
533083,RISHABHDEV TECHNOCABLE LTD.,rishabhdev technocable
533088,MAHINDRA HOLIDAYS & RESORTS INDIA LTD.,mahindra holidays resorts
533090,Excel Realty N Infra Ltd,excel realty n infra
533093,RAJ OIL MILLS LTD.,raj oil mills
533095,BENGAL & ASSAM COMPANY LTD.,bengal assam
533096,ADANI POWER LTD.,adani power
533098,NHPC LTD.,nhpc
533100,PREMIER ENERGY AND INFRASTRUCTURE LTD.,premier energy and infrastructure
533101,SURYAAMBA SPINNING MILLS LTD.,suryaamba spinning mills
533102,Srfbbph,srfbbph
533103,JINDAL COTEX LTD.,jindal cotex
533104,GLOBUS SPIRITS LTD.,globus spirits
533106,OIL INDIA LTD.,oil
533107,Reliance Naval and Engineering Ltd,reliance naval and engineering
533108,BHILWARA TECHNICAL TEXTILES LTD.,bhilwara technical textiles
533109,EURO MULTIVISION LTD.,euro multivision
533110,SHREE PRECOATED STEELS LTD.,shree precoated steels
533121,Expleo Solutions Ltd,expleo solutions
533122,RattanIndia Power Limited,rattanindia power
533137,Den Networks Ltd,den networks
533138,ASTEC LIFESCIENCES LIMITED,astec lifesciences
533143,Reliance Broadcast Network Limited,reliance broadcast network
533144,Cox & Kings Limited,cox kings
533146,D-Link (India) Ltd,d link
533148,JSW Energy Ltd,jsw energy
533149,Essar Securities Ltd,essar securities
533150,Godrej Properties Ltd,godrej properties
533151,D B Corp Ltd,d b corp
533152,MBL Infrastructure Ltd,mbl infrastructure
533154,Infinite Computer Solutions (India) Ltd,infinite computer solutions
533155,Jubilant FoodWorks Ltd,jubilant foodworks
533156,Vascon Engineers Ltd,vascon engineers
533157,Syncom Healthcare Ltd,syncom healthcare
533158,Thangamayil Jewellery Ltd,thangamayil jewellery
533159,Aqua Logistics Ltd,aqua logistics
533160,D B Realty Ltd,d b realty
533161,Emmbi Industries Ltd,emmbi
533162,Hathway Cable & Datacom Ltd,hathway cable datacom
533163,ARSS INFRASTRUCTURE PROJECTS LTD.,arss infrastructure projects
533164,TEXMO PIPES & PRODUCTS LTD.,texmo pipes products
533166,SUNDARAM MULTI PAP LTD.,sundaram multi pap
533167,COROMANDEL ENGINEERING COMPANY LTD.,coromandel engineering
533168,ROSSELL INDIA LTD.,rossell
533169,MAN INFRACONSTRUCTION LTD.,man infraconstruction
533170,TAMBOLI CAPITAL LTD.,tamboli capital
533171,UNITED BANK OF INDIA,united bank of
533176,DQ ENTERTAINMENT (INTERNATIONAL) LTD.,dq entertainment international
533177,IL&FS Transportation Networks Ltd,il fs transportation networks
533178,Pradip Overseas Ltd,pradip overseas
533179,PERSISTENT SYSTEMS LTD.,persistent systems
533180,SHREE GANESH JEWELLERY HOUSE (I) LTD.,shree ganesh jewellery house i
533181,INTRASOFT TECHNOLOGIES LTD.,intrasoft technologies
533189,GOENKA DIAMOND & JEWELS LTD.,goenka diamond jewels
533192,KCP SUGAR & INDUSTRIES CORPORATION LTD.,kcp sugar industries corporation
533193,Kirloskar Electric Company Ltd,kirloskar electric
533200,Talwalkars Better Value Fitness Ltd,talwalkars better value fitness
533202,Satchmo Holdings Ltd,satchmo holdings
533203,Tarapur Transformers Ltd,tarapur transformers
533204,GB Global Ltd,gb global
533206,SJVN Ltd,sjvn
533207,Jaypee Infratech Ltd,jaypee infratech
533208,EMAMI PAPER MILLS LTD.,emami paper mills
533210,Kriti Nutrients Ltd,kriti nutrients
533211,Parabolic Drugs Ltd,parabolic drugs
533212,GKB OPHTHALMICS LTD.,gkb ophthalmics
533213,FRONTLINE SECURITIES LTD.,frontline securities
533216,TECHNOFAB ENGINEERING LIMITED,technofab engineering
533217,HINDUSTAN MEDIA VENTURES LTD.,hindustan media ventures
533218,Emami Realty Ltd,emami realty
533219,Shri Aster Silicates Limited,shri aster silicates
533221,ASIAN HOTELS (WEST) LTD.,asian hotels west
533227,ASIAN HOTELS (EAST) LTD.,asian hotels east
533228,Bharat Financial Inclusion Ltd,bharat financial inclusion
533229,Bajaj Consumer Care Ltd,bajaj consumer care
533239,PRAKASH STEELAGE LTD.,prakash steelage
533248,GUJARAT PIPAVAV PORT LTD.,gujarat pipavav port
533252,WELSPUN INVESTMENTS AND COMMERCIALS LTD.,welspun investments and commercials
533256,Hira Ferro Alloys Ltd.,hira ferro alloys
533257,INDOSOLAR LTD.,indosolar
533258,TIRUPATI INKS LTD.,tirupati inks
533259,Sastasundar Ventures Ltd,sastasundar ventures
533260,CAREER POINT LTD.,career point
533261,EROS INTERNATIONAL MEDIA LTD.,eros international media
533262,RAMKY INFRASTRUCTURE LTD.,ramky infrastructure
533263,ORIENT GREEN POWER COMPANY LTD.,orient green power
533264,ELECTROSTEEL STEELS LTD.,electrosteel steels
533265,GALLANTT ISPAT LTD.,gallantt ispat
533266,TECPRO SYSTEMS LTD.,tecpro systems
533267,CANTABIL RETAIL INDIA LTD.,cantabil retail
533268,SEA TV NETWORK LTD.,sea tv network
533269,VA TECH WABAG LTD.,va tech wabag
533270,BEDMUTHA INDUSTRIES LTD.,bedmutha
533271,ASHOKA BUILDCON LTD.,ashoka buildcon
533272,Jupiter Wagons Ltd,jupiter wagons
533273,OBEROI REALTY LTD.,oberoi realty
533274,PRESTIGE ESTATES PROJECTS LTD.,prestige estates projects
533275,Shah Metacorp Ltd,shah metacorp
533276,BS LTD.,bs
533278,COAL INDIA LTD.,coal
533281,TECHNO ELECTRIC AND ENGINEERING CO. LTD.,techno electric and engineering co
533282,GRAVITA INDIA LTD.,gravita
533284,RPP INFRA PROJECTS LTD.,rpp infra projects
533285,RDB REALTY & INFRASTRUCTURE LTD.,rdb realty infrastructure
533286,MOIL LTD.,moil
533287,ZEE LEARN LTD.,zee learn
533288,CLARIS LIFESCIENCES LTD.,claris lifesciences
533289,KESAR TERMINALS & INFRASTRUCTURE LTD.,kesar terminals infrastructure
533292,A2Z Infra Engineering Limited,a2z infra engineering
533293,KIRLOSKAR OIL ENGINES LTD.,kirloskar oil engines
533294,RAVI KUMAR DISTILLERIES LTD.,ravi kumar distilleries
533295,PUNJAB & SIND BANK,punjab sind bank
533296,FUTURE MARKET NETWORKS LTD.,future market networks
533297,Kirloskar Brothers Investments Ltd.,kirloskar brothers investments
533298,Surana Solar Limited,surana solar
533301,SHEKHAWATI POLY-YARN LTD.,shekhawati poly yarn
533302,KALYANI INVESTMENT COMPANY LTD.,kalyani investment
533303,BF INVESTMENT LTD.,bf investment
533304,C. MAHENDRA EXPORTS LTD.,c mahendra exports
533305,SRS REAL INFRASTRUCTURE LTD.,srs real infrastructure
533306,SUMMIT SECURITIES LTD.,summit securities
533309,DALMIA BHARAT LTD.,dalmia bharat
533315,Innovassynth Investments Ltd.,innovassynth investments
533316,STEL Holdings Ltd,stel holdings
533317,OMKAR SPECIALITY CHEMICALS LTD.,omkar speciality chemicals
533320,JUBILANT INDUSTRIES LTD.,jubilant
533321,BIL ENERGY SYSTEMS LTD.,bil energy systems
533326,TEXMACO RAIL & ENGINEERING LTD.,texmaco rail engineering
533329,INDIAN TERRAIN FASHIONS LTD.,indian terrain fashions
533330,ACROPETAL TECHNOLOGIES LTD.,acropetal technologies
533332,SUDAR INDUSTRIES LTD.,sudar
533333,FINEOTEX CHEMICAL LTD.,fineotex chemical
533336,DHUNSERI INVESTMENTS LTD.,dhunseri investments
533339,ZEN TECHNOLOGIES LTD.,zen technologies
533343,LOVABLE LINGERIE LTD.,lovable lingerie
533344,PTC INDIA FINANCIAL SERVICES LTD.,ptc india financial services
533389,SHILPI CABLE TECHNOLOGIES LTD.,shilpi cable technologies
533393,TCI DEVELOPERS LTD.,tci developers
533398,MUTHOOT FINANCE LTD.,muthoot finance
533399,PARAMOUNT PRINTPACKAGING LTD.,paramount printpackaging
533400,Future Consumer Ltd,future consumer
533401,SERVALAKSHMI PAPER LTD.,servalakshmi paper
533402,INNOVENTIVE INDUSTRIES LTD.,innoventive
533407,CIL NOVA PETROCHEMICALS LTD.,cil nova petrochemicals
533411,SANGHVI FORGING AND ENGINEERING LTD.,sanghvi forging and engineering
533412,Dr.datsons Labs Limited,dr datsons labs
533427,VMS INDUSTRIES LTD.,vms
533444,Timbor Home Ltd.,timbor home
533451,KARMA ENERGY LTD.,karma energy
533452,Delphi World Money Ltd,delphi world money
533469,Birla Pacific Medspa Ltd.,birla pacific medspa
533470,RUSHIL DECOR LTD.,rushil decor
533477,ENKEI WHEELS (INDIA) LTD.,enkei wheels
533482,Kridhan Infra Limited,kridhan infra
533499,BHARATIYA GLOBAL INFOMEDIA LTD.,bharatiya global infomedia
533506,INVENTURE GROWTH & SECURITIES LTD.,inventure growth securities
533519,L&T FINANCE HOLDINGS LTD.,l t finance holdings
533520,Yaari Digital Integrated Services Ltd,yaari digital integrated services
533525,HEALTHFORE TECHNOLOGIES LTD.,healthfore technologies
533540,TREE HOUSE EDUCATION & ACCESSORIES LTD.,tree house education accessories
533543,BROOKS LABORATORIES LTD.,brooks laboratories
533552,RUPA & COMPANY LTD.,rupa
533553,T D POWER SYSTEMS LTD.,t d power systems
533569,SRS LTD.,srs
533573,ALEMBIC PHARMACEUTICALS LTD.,alembic pharmaceuticals
533576,VASWANI INDUSTRIES LTD.,vaswani
533581,PG ELECTROPLAST LTD.,pg electroplast
533602,LESHA INDUSTRIES LTD.,lesha
533605,Setubandhan Infrastructure Ltd,setubandhan infrastructure
533608,RDB RASAYANS LTD.,rdb rasayans
533629,TIJARIA POLYPIPES LTD.,tijaria polypipes
533632,ONELIFE CAPITAL ADVISORS LTD.,onelife capital advisors
533638,Flexituff Ventures International Ltd,flexituff ventures international
533639,Taksheel Solutions Ltd.,taksheel solutions
533644,Ujaas Energy Limited,ujaas energy
533655,TRIVENI TURBINE LTD.,triveni turbine
533676,INDO THAI SECURITIES LTD.,indo thai securities
533704,ESSAR SHIPPING LTD.,essar shipping
533758,APL APOLLO TUBES LTD.,apl apollo tubes
533761,GPT INFRAPROJECTS LTD.,gpt infraprojects
533790,KGN ENTERPRISES LTD.,kgn enterprises
533888,R* Shares Banking Exchange Traded Fund,r shares banking exchange traded fund
533896,FERVENT SYNERGIES LTD.,fervent synergies
533941,THOMAS SCOTT (INDIA) LIMITED,thomas scott
533982,TERA SOFTWARE LTD.,tera software
534060,PMC Fincorp Limited,pmc fincorp
534063,FUTURISTIC SOLUTIONS LTD.,futuristic solutions
534064,ALLIANCE INTEGRATED METALIKS LTD.,alliance integrated metaliks
534076,Rhi Magnesita India Ltd,rhi magnesita
534091,MULTI COMMODITY EXCHANGE OF INDIA LTD.,multi commodity exchange of
534109,Pyxis Finvest Ltd,pyxis finvest
534139,SCHNEIDER ELECTRIC INFRASTRUCTURE LTD.,schneider electric infrastructure
534184,NAGARJUNA OIL REFINERY LTD.,nagarjuna oil refinery
534190,OLYMPIC CARDS LTD.,olympic cards
534309,NBCC (India) Ltd,nbcc
534312,MT EDUCARE LTD.,mt educare
534328,HEXA TRADEX LTD.,hexa tradex
534338,MAXHEIGHTS INFRASTRUCTURE LTD.,maxheights infrastructure
534369,TRIBHOVANDAS BHIMJI ZAVERI LTD.,tribhovandas bhimji zaveri
534392,VARDHMAN SPECIAL STEELS LTD.,vardhman special steels
534422,Looks Health Services Limited,looks health services
534425,SPECIALITY RESTAURANTS LTD.,speciality restaurants
534532,Lypsa Gems & Jewellery Ltd,lypsa gems jewellery
534535,Bio Green Papers Ltd,bio green papers
534563,MAX ALERT SYSTEMS LTD.,max alert systems
534564,ASEEM GLOBAL LTD.,aseem global
534567,VKS PROJECTS LTD.,vks projects
534597,Rattanindia Enterprises Ltd,rattanindia enterprises
534598,Sampann Utpadan India Ltd,sampann utpadan
534600,JTL Industries Ltd,jtl
534612,ADVANCE METERING TECHNOLOGY LTD.,advance metering technology
534615,NORTH EASTERN CARRYING CORPORATION LTD.,north eastern carrying corporation
534618,Waaree Renewable Technologies Ltd,waaree renewable technologies
534623,JUPITER INFOMEDIA LTD.,jupiter infomedia
534639,VINAYAK POLYCON INTERNATIONAL LTD.,vinayak polycon international
534659,JOINTECA EDUCATION SOLUTIONS LTD.,jointeca education solutions
534674,Ducon Infratechnologies Ltd,ducon infratechnologies
534675,Prozone Realty Ltd,prozone realty
534680,SRG HOUSING FINANCE LTD.,srg housing finance
534690,LAKSHMI VILAS BANK LTD.,lakshmi vilas bank
534691,COMFORT COMMOTRADE LTD.,comfort commotrade
534707,Aditri Industries Ltd,aditri
534708,Shanti Guru Industries Ltd,shanti guru
534711,Cinemax India Ltd.,cinemax
534731,BRONZE INFRA-TECH LTD.,bronze infra tech
534732,Caspian Corporate Services Ltd,caspian corporate services
534733,Aerpace Industries Ltd,aerpace
534734,Ram Minerals and Chemicals Ltd,ram minerals and chemicals
534740,Bhanot Construction & Housing Ltd.,bhanot construction housing
534741,VIRTUAL GLOBAL EDUCATION LTD.,virtual global education
534742,ZUARI AGRO CHEMICALS LTD.,zuari agro chemicals
534748,STEEL EXCHANGE INDIA LTD.,steel exchange
534755,TRIO MERCANTILE & TRADING LTD.,trio mercantile trading
534756,TARA JEWELS LTD.,tara jewels
534757,FOCUS INDUSTRIAL RESOURCES LTD.,focus industrial resources
534758,CIGNITI TECHNOLOGIES LTD.,cigniti technologies
534796,CDG Petchem Ltd,cdg petchem
534804,CARE Ratings Ltd,care ratings
534809,PC JEWELLER LTD.,pc jeweller
534816,Indus Towers Ltd,indus towers
534839,ECO FRIENDLY FOOD PROCESSING PARK LTD.,eco friendly food processing park
534920,COVIDH TECHNOLOGIES LIMITED,covidh technologies
534927,ESTEEM BIO ORGANIC FOOD PROCESSING  LTD.,esteem bio organic food processing
534976,V-MART RETAIL LTD.,v mart retail
535136,NIBE Ltd,nibe
535141,SUNSTAR REALTY DEVELOPMENT LTD.,sunstar realty development
535142,CHANNEL NINE ENTERTAINMENT LTD.,channel nine entertainment
535204,Mukta Agriculture Ltd,mukta agriculture
535205,Pearl Electronics Ltd,pearl electronics
535217,HPC BIOSCIENCES LTD.,hpc biosciences
535267,COMFORT FINCAP LTD.,comfort fincap
535276,SBI Mutual Fund - SBI Sensex ETF,sbi mutual fund sbi sensex etf
535279,BOTHRA METALS & ALLOYS LTD.,bothra metals alloys
535322,REPCO HOME FINANCE LTD.,repco home finance
535387,LAKHOTIA POLYESTERS (INDIA) LTD.,lakhotia polyesters
535431,GCM Securities Ltd,gcm securities
535458,NRB INDUSTRIAL BEARINGS LTD.,nrb industrial bearings
535466,SAMRUDDHI REALTY LTD.,samruddhi realty
535467,ASHAPURA INTIMATES FASHION LTD.,ashapura intimates fashion
535486,DELTA LEASING & FINANCE LTD.,delta leasing finance
535501,IDFC Equity Opportunity- Series 1- Regular Plan- Dividend,idfc equity opportunity series 1 regular plan dividend
535502,Idfc Equity Opportunity- Series 1- Direct Plan- Dividend,idfc equity opportunity series 1 direct plan dividend
535503,ROSELABS LTD.,roselabs
535514,PRIME CAPITAL MARKET LTD.,prime capital market
535566,KIFS FINANCIAL SERVICES LTD.,kifs financial services
535601,SREELEATHERS LTD.,sreeleathers
535602,Sharda Motor Industries Ltd,sharda motor
535620,BINNY MILLS LTD.,binny mills
535621,S V GLOBAL MILL LTD.,s v global mill
535647,SDC Techmedia Ltd,sdc techmedia
535648,JUST DIAL LTD.,just dial
535657,OBJECTONE INFORMATION SYSTEMS LTD.,objectone information systems
535658,PAWANSUT HOLDINGS LTD.,pawansut holdings
535667,INDIA FINSEC LTD.,india finsec
535693,BRAHMAPUTRA INFRASTRUCTURE LTD.,brahmaputra infrastructure
535694,EDYNAMICS SOLUTIONS LTD.,edynamics solutions
535719,Quest Softech (India) Ltd,quest softech
535729,Motilalbbph,motilalbbph
535730,Khoobsurat Ltd,khoobsurat
535754,Orient Cement Ltd,orient cement
535755,Aditya Birla Fashion and Retail Ltd,aditya birla fashion and retail
535789,Indiabulls Housing Finance Ltd,indiabulls housing finance
535790,Aptechbbph,aptechbbph
535910,Money Masters Leasing & Finance Ltd,money masters leasing finance
535916,Alacrity Securities Ltd,alacrity securities
535917,GCM Commodity & Derivatives Ltd,gcm commodity derivatives
535958,Integra Essentia Ltd,integra essentia
536073,Silverpoint Infratech Ltd,silverpoint infratech
536105,Geshipbbph,geshipbbph
536128,VKJ Infradevelopers Ltd,vkj infradevelopers
536161,Nitinbbph,nitinbbph
536170,Kushal Ltd,kushal
536264,Tiger Logistics (India) Ltd,tiger logistics
536456,R J Bio-Tech Ltd,r j bio tech
536492,Ace Tours Worldwide Ltd,ace tours worldwide
536493,JK Agri Genetics Ltd,jk agri genetics
536507,Future Lifestyle Fashions Ltd,future lifestyle fashions
536565,Trimurthi Ltd,trimurthi
536591,Garwarbbph,garwarbbph
536592,Satkar Finlease Ltd,satkar finlease
536644,Newever Trade Wings Ltd,newever trade wings
536659,PVV Infra Ltd,pvv infra
536666,Star Ferro and Cement Ltd,star ferro and cement
536671,Subh Tex (India) Ltd,subh tex
536672,VCU Data Management Ltd,vcu data management
536709,IND Renewable Energy Ltd,ind renewable energy
536710,S R G Securities Finance Ltd,s r g securities finance
536737,Amrapali Capital and Finance Services Ltd,amrapali capital and finance services
536738,Stellar Capital Services Ltd,stellar capital services
536751,Five X Tradecom Ltd,five x tradecom
536773,Jindal Poly Investment and Finance Company Ltd,jindal poly investment and finance
536799,SRS Finance Ltd,srs finance
536820,Boston Teknowsys (India) Ltd,boston teknowsys
536846,Yuranus Infrastructure Ltd,yuranus infrastructure
536868,Integra Telecommunication & Software Ltd,integra telecommunication software
536960,Motilal Oswal Mutual Fund - Motilal Oswal MOSt Shares Midcap 100 ETF- Growth option,motilal oswal mutual fund motilal oswal most shares midcap 100 etf growth option
536965,B. P. Capital Ltd,b p capital
536974,Captain Polyplast Ltd,captain polyplast
536992,Reliance Mutual Fund - Reliance Close Ended Equity Fund- Series A - Direct Plan Dvdnd Pyot Optin,reliance mutual fund reliance close ended equity fund series a direct plan dvdnd pyot optin
536993,Reliance Mutual Fund- Reliance Close Ended Equity Fund- Series A - Direct Plan  Growth Option,reliance mutual fund reliance close ended equity fund series a direct plan growth option
536994,Reliance Mutual Fund- Reliance Close Ended Equity Fund- Series A - Dividend Payout Option,reliance mutual fund reliance close ended equity fund series a dividend payout option
536995,Reliance Mutual Fund- Reliance Close Ended Equity Fund- Series A - Growth Option,reliance mutual fund reliance close ended equity fund series a growth option
537007,ICICI Prudential Nifty 50 ETF,icici prudential nifty 50 etf
537008,ICICI Prudential Nifty 100 ETF,icici prudential nifty 100 etf
537068,Satya Miners & Transporters Ltd,satya miners transporters
537069,Arnold Holdings Ltd,arnold holdings
537092,Modex International Securities Ltd,modex international securities
537119,Tentiwala Metal Products Ltd,tentiwala metal products
537198,Reliance Mutual Fund - Reliance Close Ended Equity Fund- Series B - Direct Plan Dividend Payo O,reliance mutual fund reliance close ended equity fund series b direct plan dividend payo o
537199,Reliance Mutual Fund- Reliance Close Ended Equity Fund- Series B - Direct Plan Growth Option,reliance mutual fund reliance close ended equity fund series b direct plan growth option
537200,Reliance Mutual Fund- Reliance Close Ended Equity Fund- Series B - Dividend Payout Option,reliance mutual fund reliance close ended equity fund series b dividend payout option
537201,Reliance Mutual Fund- Reliance Close Ended Equity Fund- Series B - Growth Option,reliance mutual fund reliance close ended equity fund series b growth option
537253,Sunil Healthcare Ltd,sunil healthcare
537254,RCI Industries & Technologies Ltd,rci industries technologies
537259,Suyog Telematics Ltd,suyog telematics
537291,Nath Bio-Genes (India) Ltd,nath bio genes
537292,Agri- Tech (India) Ltd,agri tech
537326,Chemtech Industrial Valves Ltd,chemtech industrial valves
537392,Taaza International Ltd,taaza international
537411,Idfc Mutual Fund- Idfc Equity Opportunity- Series 2 - Regular Plan- Dividend,idfc mutual fund idfc equity opportunity series 2 regular plan dividend
537412,Idfc Mutual Fund - Idfc Equity Opportunity- Series 2 - Direct Plan- Dividend,idfc mutual fund idfc equity opportunity series 2 direct plan dividend
537483,NIPPON INDIA ETF NIFTY 100,nippon india etf nifty 100
537484,Reliance Mutual Fund - R Shares Nifty ETF,reliance mutual fund r shares nifty etf
537492,Agrimony Commodities Ltd,agrimony commodities
537524,Viaan Industries Ltd,viaan
537536,Denis Chem Lab Ltd,denis chem lab
537573,Polymac Thermoformers Ltd,polymac thermoformers
537582,Unishire Urban Infra Ltd,unishire urban infra
537644,Birla Sun Life Mutual Fund- Birla Sun Life Focused Equity Fund - Series 1 - Regular Plan - Growth,birla sun life mutual fund birla sun life focused equity fund series 1 regular plan growth
537645,Birla Sun Life Mutual Fund- Birla Sun Life Focused Equity Fund-series 1-regular Plan-divind Payot,birla sun life mutual fund birla sun life focused equity fund series 1 regular plan divind payot
537646,Birla Sun Life Mutual Fund - Birla Sun Life Focused Equity Fund - Series 1 - Direct Plan - Growth,birla sun life mutual fund birla sun life focused equity fund series 1 direct plan growth
537647,Birla Sun Life Mutual Fund - Birla Sun Life Focused Equity Fund-Series 1-Direct Plan-Dividnd Payot,birla sun life mutual fund birla sun life focused equity fund series 1 direct plan dividnd payot
537648,ICICI Prudential Mutual Fund - ICICI Prudential Equity Savings Fund Series 1-Reglr Plan Cumulative,icici prudential mutual fund icici prudential equity savings fund series 1 reglr plan cumulative
537649,ICICI Prudential Mutual Fund - ICICI Prudential Equity Savings Fund Series 1-Regular Plan Dividend,icici prudential mutual fund icici prudential equity savings fund series 1 regular plan dividend
537650,Icici Prudential Mutual Fund - Icici Prudential Equity Savings Fund Series 1-direct Plan Cumulative,icici prudential mutual fund icici prudential equity savings fund series 1 direct plan cumulative
537651,Icici Prudential Mutual Fund - Icici Prudential Equity Savings Fund Series 1 - Direct Plan Dividend,icici prudential mutual fund icici prudential equity savings fund series 1 direct plan dividend
537669,Laxmipati Engineering Works Ltd,laxmipati engineering works
537700,Idfc Mutual Fund- Idfc Equity Opportunity- Series 3 - Regular Plan- Dividend,idfc mutual fund idfc equity opportunity series 3 regular plan dividend
537701,Idfc Mutual Fund - Idfc Equity Opportunity- Series 3 - Direct Plan- Dividend,idfc mutual fund idfc equity opportunity series 3 direct plan dividend
537707,ETT Ltd,ett
537708,Kotak Mahindra Mutual Fund - Kotak Nifty ETF,kotak mahindra mutual fund kotak nifty etf
537709,Shree Hanuman Sugar & Industries Ltd,shree hanuman sugar
537750,Kiran Vyapar Ltd,kiran vyapar
537766,B.C. Power Controls Ltd,b c power controls
537784,Karnimata Cold Storage Ltd,karnimata cold storage
537785,Race Eco Chain Ltd,race eco chain
537820,Viji Finance Ltd,viji finance
537839,Phoenix Township Ltd,phoenix township
537840,Raunaq EPC International Ltd,raunaq epc international
537866,HDFC Mutual Fund - HDFC Rajiv Gandhi Equity Savings Scheme - Series 2 - Regular Plan - G O,hdfc mutual fund hdfc rajiv gandhi equity savings scheme series 2 regular plan g o
537867,HDFC Mutual Fund - HDFC Rajiv Gandhi Equity Savings Scheme - Series 2-Regular Plan- D P O,hdfc mutual fund hdfc rajiv gandhi equity savings scheme series 2 regular plan d p o
537868,Hdfc Mutual Fund - Hdfc Rajiv Gandhi Equity Savings Scheme - Series 2- Direct Plan- Growth O,hdfc mutual fund hdfc rajiv gandhi equity savings scheme series 2 direct plan growth o
537869,Hdfc Mutual Fund - Hdfc Rajiv Gandhi Equity Savings Scheme - Series 2- Direct Plan- Dvdd P O,hdfc mutual fund hdfc rajiv gandhi equity savings scheme series 2 direct plan dvdd p o
537922,Icici Prudential Value Fund Series 3(regular Dividend Option),icici prudential value fund series 3 regular dividend option
537923,Icici Prudential Value Fund Series 3(direct Dividend Option),icici prudential value fund series 3 direct dividend option
537954,Shri Krishna Prasadam Ltd,shri krishna prasadam
537958,LIC MF RGESS Fund Series- 2 Regular Plan Growth Option,lic mf rgess fund series 2 regular plan growth option
537959,Lic Mf Rgess Fund Series 2 Regular Plan Dividend Payout Option,lic mf rgess fund series 2 regular plan dividend payout option
537960,Lic Mf Rgess Fund Series 2 Direct Plan Growth Option,lic mf rgess fund series 2 direct plan growth option
537961,Lic Mf Rgess Fund Series 2 Direct Plan Dividend Payout Option,lic mf rgess fund series 2 direct plan dividend payout option
538015,Birla Sun Life Mutual Fund- Birla Sun Life Focused Equity Fund - Series 2 - Regular Plan - Growth,birla sun life mutual fund birla sun life focused equity fund series 2 regular plan growth
538016,Birla Sun Life Mutual Fund- Birla Sun Life Focused Equity Fund - Series 2 - Regular Plan - D P,birla sun life mutual fund birla sun life focused equity fund series 2 regular plan d p
538017,Birla Sun Life Mutual Fund- Birla Sun Life Focused Equity Fund - Series 2 - Direct Plan - Growth,birla sun life mutual fund birla sun life focused equity fund series 2 direct plan growth
538018,Birla Sun Life Mutual Fund- Birla Sun Life Focused Equity Fund - Series 2 - Direct Plan-dividend P,birla sun life mutual fund birla sun life focused equity fund series 2 direct plan dividend p
538019,Oceanaa Biotek Industries Ltd,oceanaa biotek
538057,CPSE ETF,cpse etf
538081,Haria Apparels Ltd,haria apparels
538092,Shri Vasuprada Plantations Ltd,shri vasuprada plantations
538119,R&B Denims Ltd,r b denims
538128,Womens Next Loungeries Ltd,womens next loungeries
538180,Gold Line International Finvest Ltd,gold line international finvest
538212,Sharp Investments Ltd,sharp investments
538268,Wonderla Holidays Ltd,wonderla holidays
538273,Response Informatics Ltd,response informatics
538287,Tarang Projects & Consultant Ltd,tarang projects consultant
538295,Kausambi Vanijya Ltd,kausambi vanijya
538309,Ipru2365,ipru2365
538310,IPRU2366,ipru2366
538311,Ipru8565,ipru8565
538312,Ipru8566,ipru8566
538319,GCM Capital Advisors Ltd,gcm capital advisors
538351,A.F. Enterprises Ltd,a f enterprises
538364,Birdhi Chand Pannalal Agencies Ltd,birdhi chand pannalal agencies
538365,Incredible Industries Ltd,incredible
538382,West Leisure Resorts Ltd,west leisure resorts
538395,Nam Securities Ltd,nam securities
538401,Maestros Electronics & Telecommunications Systems Ltd,maestros electronics telecommunications systems
538402,SPS Finquest Ltd,sps finquest
538418,Reliance Close Ended Equity Fund Ii- Series A - Direct Plan Dividend Payout Option,reliance close ended equity fund ii series a direct plan dividend payout option
538419,Reliance Close Ended Equity Fund II- Series A - Direct Plan Growth Option,reliance close ended equity fund ii series a direct plan growth option
538420,Reliance Close Ended Equity Fund II- Series A - Dividend Payout Option,reliance close ended equity fund ii series a dividend payout option
538421,Reliance Close Ended Equity Fund II- Series A - Growth Option,reliance close ended equity fund ii series a growth option
538422,Jackson Investments Ltd,jackson investments
538432,Divinus Fabrics Ltd,divinus fabrics
538433,Classic Global Finance & Capital Ltd,classic global finance capital
538446,Moneyboxx Finance Ltd,moneyboxx finance
538450,Dhyana Finstock Ltd,dhyana finstock
538451,Worth Investment & Trading Co Ltd,worth investment trading co
538452,Quasar India Ltd,quasar
538464,Thirani Projects Ltd,thirani projects
538465,Amarnath Securities Ltd,amarnath securities
538476,Capital Trade Links Ltd,capital trade links
538496,Tarini International Ltd,tarini international
538501,ICICI Prudential Growth Fund Series 1 (Regular Dividend Payout),icici prudential growth fund series 1 regular dividend payout
538502,Icici Prudential Growth Fund Series 1 (direct Dividend Option),icici prudential growth fund series 1 direct dividend option
538504,Creative Merchants Ltd,creative merchants
538520,Shivamshree Businesses Ltd,shivamshree businesses
538521,Yaan Enterprises Ltd,yaan enterprises
538537,Omansh Enterprises Ltd,omansh enterprises
538539,J. Taparia Projects Ltd,j taparia projects
538540,Ramchandra Leasing & Finance Ltd,ramchandra leasing finance
538542,Gold Coin Health Foods Ltd,gold coin health foods
538546,Bansal Roofing Products Ltd,bansal roofing products
538547,Oasis Tradelink Ltd,oasis tradelink
538548,Vitan Agro Industries Ltd,vitan agro
538556,Arman Holdings Ltd,arman holdings
538557,Sai Baba Investment And Commercial Enterprises Ltd,sai baba investment and commercial enterprises
538562,Skipper Ltd,skipper
538563,Adarsh Mercantile Ltd,adarsh mercantile
538564,James Warren Tea Ltd,james warren tea
538565,Vistar Amar Ltd,vistar amar
538566,Apollo Tricoat Tubes Ltd,apollo tricoat tubes
538567,Gulf Oil Lubricants India Ltd,gulf oil lubricants
538568,Fruition Venture Ltd,fruition venture
538569,Triveni Enterprises Ltd,triveni enterprises
538570,Achal Investments Ltd,achal investments
538575,Solis Marketing Ltd,solis marketing
538576,Bhanderi Infracon Ltd,bhanderi infracon
538577,ICICI Prudential Growth Fund Series 2 (Regular Plan - Dividend Payout Option),icici prudential growth fund series 2 regular plan dividend payout option
538578,Icici Prudential Growth Fund Series 2 (direct Plan - Dividend Payout Option),icici prudential growth fund series 2 direct plan dividend payout option
538579,Zinema Media And Entertainment Ltd,zinema media and entertainment
538591,Reliance Mutual Fund - Reliance Capital Builder Fund- Series A - Direct Plan Dividend Payout Optio,reliance mutual fund reliance capital builder fund series a direct plan dividend payout optio
538592,Reliance Mutual Fund- Reliance Capital Builder Fund- Series A - Direct Plan Growth Option,reliance mutual fund reliance capital builder fund series a direct plan growth option
538593,Reliance Mutual Fund- Reliance Capital Builder Fund- Series A - Dividend Payout Option,reliance mutual fund reliance capital builder fund series a dividend payout option
538594,Reliance Mutual Fund- Reliance Capital Builder Fund- Series A - Growth Option,reliance mutual fund reliance capital builder fund series a growth option
538595,Gloster Ltd,gloster
538596,Quantum Build-Tech Ltd,quantum build tech
538597,TTI Enterprise Ltd,tti enterprise
538598,Vishal Fabrics Ltd,vishal fabrics
538607,Toyam Sports Ltd,toyam sports
538609,Gajanan Securities Services Ltd,gajanan securities services
538610,Unison Metals Ltd,unison metals
538611,Real Touch Finance Ltd,real touch finance
538630,Reliance Mutual Fund - Reliance Capital Builder Fund- Series B - Direct Dvdnd Plan- Dvdnd Pyot O,reliance mutual fund reliance capital builder fund series b direct dvdnd plan dvdnd pyot o
538631,Reliance Mutual Fund- Reliance Capital Builder Fund- Series B - Direct Growth Plan- Growth Option,reliance mutual fund reliance capital builder fund series b direct growth plan growth option
538632,Reliance Mutual Fund- Reliance Capital Builder Fund- Series B - Dividend Plan-dividend Pyut Otin,reliance mutual fund reliance capital builder fund series b dividend plan dividend pyut otin
538633,NIPPON INDIA MUTUAL FUND - NIPPON INDIA MUTUAL FUND  Capital Builder Fund- Series B - Growth Plan- Growth Option,nippon india mutual fund nippon india mutual fund capital builder fund series b growth plan growth option
538634,Vasundhara Rasayans Ltd,vasundhara rasayans
538635,Snowman Logistics Ltd,snowman logistics
538646,QGO Finance Ltd,qgo finance
538647,Purshottam Investofin Ltd,purshottam investofin
538648,Icici Prudential Value Fund Series 5 (regular Cumulative Option),icici prudential value fund series 5 regular cumulative option
538649,ICICI Prudential Value Fund Series 5 (Regular Dividend Option),icici prudential value fund series 5 regular dividend option
538650,Icici Prudential Value Fund Series 5 (direct Cumulative Option),icici prudential value fund series 5 direct cumulative option
538651,Icici Prudential Value Fund Series 5 (direct Dividend Option),icici prudential value fund series 5 direct dividend option
538652,Hind Commerce Ltd,hind commerce
538653,Ejecta Marketing Ltd,ejecta marketing
538666,Sharda Cropchem Ltd,sharda cropchem
538667,Sirohia & Sons Ltd,sirohia sons
538668,Naysaa Securities Ltd,naysaa securities
538674,City Online Services Ltd,city online services
538683,Nippon India ETF S&P BSE Sensex,nippon india etf s p bse sensex
538684,Encash Entertainment Ltd,encash entertainment
538685,Shemaroo Entertainment Ltd,shemaroo entertainment
538706,Ultracab (India) Ltd,ultracab
538707,Rajasthan Cylinders & Containers Ltd,rajasthan cylinders containers
538708,Econo Trade (India) Ltd,econo trade
538709,SBI Equity Opportunities Fund - Series I- Regular Plan -Growth,sbi equity opportunities fund series i regular plan growth
538710,SBI Equity Opportunities Fund - Series I-Regular Plan- Dividend Payout,sbi equity opportunities fund series i regular plan dividend payout
538711,Sbi Equity Opportunities Fund - Series I-direct Plan -growth,sbi equity opportunities fund series i direct plan growth
538712,Sbi Equity Opportunities Fund - Series I-direct Plan - Dividend Payout,sbi equity opportunities fund series i direct plan dividend payout
538713,Atishay Ltd,atishay
538714,Sangam Finserv Ltd,sangam finserv
538715,Dhabriya Polywood Ltd,dhabriya polywood
538716,Aryaman Capital Markets Ltd,aryaman capital markets
538717,Reliance Capital Builder Fund- Series C - Direct Dividend Plan- Dividend Payout Option,reliance capital builder fund series c direct dividend plan dividend payout option
538718,Reliance Capital Builder Fund- Series C - Direct Growth Plan- Growth Option,reliance capital builder fund series c direct growth plan growth option
538719,Reliance Mutual Fund- Reliance Capital Builder Fund- Series C - Dividend Plan-Dividend P O,reliance mutual fund reliance capital builder fund series c dividend plan dividend p o
538720,Reliance Capital Builder Fund- Series C - Growth Plan- Growth Option,reliance capital builder fund series c growth plan growth option
538728,ICICI Prudential Growth Fund Series 3 (Regular Plan - Dividend Payout Option),icici prudential growth fund series 3 regular plan dividend payout option
538729,Icici Prudential Growth Fund Series 3 (direct Plan - Dividend Payout Option),icici prudential growth fund series 3 direct plan dividend payout option
538730,PDS Ltd,pds
538731,Hanman Fit Ltd,hanman fit
538732,Vibrant Global Capital Ltd,vibrant global capital
538733,Starlit Power Systems Ltd,starlit power systems
538734,Ceinsys Tech Ltd,ceinsys tech
538742,Panabyte Technologies Ltd,panabyte technologies
538743,Mudunuru Ltd,mudunuru
538755,Aditya Birla Sun Life FOCUSED EQUITY FUND - SERIES 3 REGULAR GROWTH,aditya birla sun life focused equity fund series 3 regular growth
538756,Aditya Birla Sun Life Focused Equity Fund - Series 3 Regular Dividend,aditya birla sun life focused equity fund series 3 regular dividend
538757,Aditya Birla Sun Life Focused Equity Fund - Series 3 Direct Growth,aditya birla sun life focused equity fund series 3 direct growth
538758,Aditya Birla Sun Life Focused Equity Fund - Series 3 Direct Dividend,aditya birla sun life focused equity fund series 3 direct dividend
538763,ICICI Prudential Growth Fund Series 4 (Regular Plan - Dividend Payout Option),icici prudential growth fund series 4 regular plan dividend payout option
538764,Icici Prudential Growth Fund Series 4 (direct Plan - Dividend Payout Option),icici prudential growth fund series 4 direct plan dividend payout option
538765,JLA Infraville Shoppers Ltd,jla infraville shoppers
538770,Crane Infrastructure Ltd,crane infrastructure
538771,Pincon Spirit Ltd,pincon spirit
538772,Niyogin Fintech Ltd,niyogin fintech
538777,Asia Capital Ltd,asia capital
538778,Kalyan Capitals Ltd,kalyan capitals
538786,Citizen Infoline Ltd,citizen infoline
538787,Goenka Business & Finance Ltd,goenka business finance
538788,Gilada Finance & Investments Ltd,gilada finance investments
538789,Budge Budge Company Ltd,budge budge
538793,Tej Infoways Ltd,tej infoways
538794,Jet Infraventure Ltd,jet infraventure
538795,Shree Ajit Pulp And Paper Ltd,shree ajit pulp and paper
538808,DSP BlackRock 3 Years Close Ended Equity Fund-Regular- Growth,dsp blackrock 3 years close ended equity fund regular growth
538809,DSP BlackRock 3 Years Close Ended Equity Fund-Regular- Dividend Payout,dsp blackrock 3 years close ended equity fund regular dividend payout
538810,Dsp Blackrock 3 Years Close Ended Equity Fund- Direct Plan - Growth,dsp blackrock 3 years close ended equity fund direct plan growth
538811,Dsp Blackrock 3 Years Close Ended Equity Fund-direct Plan - Dividend Payout,dsp blackrock 3 years close ended equity fund direct plan dividend payout
538812,Aanchal Ispat Ltd,aanchal ispat
538817,Captain Pipes Ltd,captain pipes
538818,SBI Equity Opportunities Fund - Series II-Regular Plan -Growth,sbi equity opportunities fund series ii regular plan growth
538819,Sbi Equity Opportunities Fund - Series Ii-regular Plan- Dividend Payout,sbi equity opportunities fund series ii regular plan dividend payout
538820,Sbi Equity Opportunities Fund - Series Ii-direct Plan -growth,sbi equity opportunities fund series ii direct plan growth
538821,Sbi Equity Opportunities Fund - Series Ii-direct Plan - Dividend Payout,sbi equity opportunities fund series ii direct plan dividend payout
538833,Anubhav Infrastructure Ltd,anubhav infrastructure
538834,JMJ Fintech Ltd,jmj fintech
538835,Intellect Design Arena Ltd,intellect design arena
538836,Monte Carlo Fashions Ltd,monte carlo fashions
538837,Jeevan Scientific Technology Ltd,jeevan scientific technology
538838,Indo Cotspin Ltd,indo cotspin
538841,Aditya Birla Sun Life FOCUSED EQUITY FUND - SERIES 4 REGULAR GROWTH,aditya birla sun life focused equity fund series 4 regular growth
538842,Aditya Birla Sun Life Focused Equity Fund - Series 4 Regular Dividend,aditya birla sun life focused equity fund series 4 regular dividend
538843,Aditya Birla Sun Life Focused Equity Fund - Series 4 Direct Growth,aditya birla sun life focused equity fund series 4 direct growth
538844,Aditya Birla Sun Life Focused Equity Fund - Series 4 Direct Dividend,aditya birla sun life focused equity fund series 4 direct dividend
538853,Reliance Capital Builder Fund Ii - Series A - Direct Plan Dividend Payout Option,reliance capital builder fund ii series a direct plan dividend payout option
538854,Reliance Capital Builder Fund Ii - Series A - Direct Plan Growth Option,reliance capital builder fund ii series a direct plan growth option
538855,Reliance Capital Builder Fund II - Series A -  Dividend Payout Option,reliance capital builder fund ii series a dividend payout option
538856,Reliance Capital Builder Fund II - Series A -  Growth Option,reliance capital builder fund ii series a growth option
538857,Scintilla Commercial & Credit Ltd,scintilla commercial credit
538858,Camson Bio Technologies Ltd,camson bio technologies
538860,Panafic Industrials Ltd,panafic industrials
538861,Amsons Apparels Ltd,amsons apparels
538862,My Money Securities Ltd,my money securities
538863,Sri Amarnath Finance Ltd,sri amarnath finance
538868,Continental Securities Ltd,continental securities
538873,Winy Commercial & Fiscal Services Ltd,winy commercial fiscal services
538874,Nexus Surgical And Medicare Ltd,nexus surgical and medicare
538875,Sellwin Traders Ltd,sellwin traders
538876,S T Services Ltd,s t services
538881,Galada Finance Ltd,galada finance
538882,Emerald Finance Ltd,emerald finance
538890,M.K. Exim (India) Ltd,m k exim
538891,Magellanic Cloud Ltd,magellanic cloud
538892,ICICI Prudential Growth Fund Series 6 (Regular Plan - Dividend Payout),icici prudential growth fund series 6 regular plan dividend payout
538893,Icici Prudential Growth Fund Series 6 (direct Plan - Dividend Payout),icici prudential growth fund series 6 direct plan dividend payout
538894,Octal Credit Capital Ltd,octal credit capital
538895,Mihika Industries Ltd,mihika
538896,Kanchi Karpooram Ltd,kanchi karpooram
538897,Shri Niwas Leasing And Finance Ltd,shri niwas leasing and finance
538902,Dhunseri Tea & Industries Ltd,dhunseri tea
538918,Vani Commercials Ltd,vani commercials
538919,Skyline Ventures India Ltd,skyline ventures
538920,Vintage Coffee And Beverages Ltd,vintage coffee and beverages
538921,Raghuvansh Agrofarms Ltd,raghuvansh agrofarms
538922,COSYN Ltd,cosyn
538923,Sofcom Systems Ltd,sofcom systems
538924,ICICI Prudential Growth Fund Series 7 (Regular Plan - Dividend Payout),icici prudential growth fund series 7 regular plan dividend payout
538925,Icici Prudential Growth Fund Series 7 (direct Plan - Dividend Payout),icici prudential growth fund series 7 direct plan dividend payout
538926,Naturite Agro Products Ltd,naturite agro products
538928,Karnavati Finance Ltd,karnavati finance
538935,Abhishek Finlease Ltd,abhishek finlease
538936,Icici Prudential Growth Fund Series 8 (regular Plan - Dividend Payout),icici prudential growth fund series 8 regular plan dividend payout
538937,Icici Prudential Growth Fund Series 8 (direct Plan - Dividend Payout),icici prudential growth fund series 8 direct plan dividend payout
538938,Reliance Capital Builder Fund Ii - Series B - Direct Plan Dividend Payout Option,reliance capital builder fund ii series b direct plan dividend payout option
538939,Reliance Capital Builder Fund Ii - Series B - Direct Plan Growth Option,reliance capital builder fund ii series b direct plan growth option
538940,Reliance Capital Builder Fund II - Series B -  Dividend Payout Option,reliance capital builder fund ii series b dividend payout option
538941,Reliance Capital Builder Fund II - Series B -  Growth Option,reliance capital builder fund ii series b growth option
538942,Mercantile Ventures Ltd,mercantile ventures
538943,Sonal Mercantile Ltd,sonal mercantile
538952,Abhinav Leasing & Finance Ltd,abhinav leasing finance
538957,LIC MF RGESS Fund Series- 3 -Regular Plan- Growth Option,lic mf rgess fund series 3 regular plan growth option
538958,Lic Mf Rgess Fund Series -3- Regular Plan -dividend Payout Option,lic mf rgess fund series 3 regular plan dividend payout option
538959,Lic Mf Rgess Fund Series -3 -direct Plan -growth Option,lic mf rgess fund series 3 direct plan growth option
538960,Lic Mf Rgess Fund Series- 3 -direct Plan -dividend Payout Option,lic mf rgess fund series 3 direct plan dividend payout option
538961,Genus Paper & Boards Ltd,genus paper boards
538962,Minda Corporation Ltd,minda corporation
538963,Pact Industries Ltd,pact
538964,Mercury Laboratories Ltd,mercury laboratories
538965,Concord Drugs Ltd,concord drugs
538970,Wardwizard Innovations & Mobility Ltd,wardwizard innovations mobility
538975,Shree Securities Ltd,shree securities
538979,Greenlam Industries Ltd,greenlam
538980,Hdfc Focused Equity Fund Plan A - Direct Option- Growth Option,hdfc focused equity fund plan a direct option growth option
538981,Hdfc Focused Equity Fund Plan A - Direct Option- Dividend Option,hdfc focused equity fund plan a direct option dividend option
538982,HDFC Focused Equity Fund Plan A-Regular Option- Growth Option,hdfc focused equity fund plan a regular option growth option
538983,HDFC Focused Equity Fund Plan A-Regular Option - Dividend Option,hdfc focused equity fund plan a regular option dividend option
538987,Talbros Engineering Ltd,talbros engineering
538992,SAR Auto Products Ltd,sar auto products
538993,Purohit Construction Ltd,purohit construction
539005,Jayatma Enterprises Ltd,jayatma enterprises
539006,PTC Industries Ltd,ptc
539007,Pincon Lifestyle Ltd,pincon lifestyle
539008,Tirupati Fincorp Ltd,tirupati fincorp
539009,GBL Industries Ltd,gbl
539010,Shri Mahalaxmi Agricultural Development Ltd,shri mahalaxmi agricultural development
539011,Chennai Ferrous Industries Ltd,chennai ferrous
539012,Megri Soft Ltd,megri soft
539013,Gita Renewable Energy Ltd,gita renewable energy
539014,Kalpa Commercial Ltd,kalpa commercial
539015,Ortel Communications Ltd,ortel communications
539016,Neil Industries Ltd,neil
539017,Star Housing Finance Ltd,star housing finance
539018,Beekay Steel Industries Ltd,beekay steel
539026,SSPN Finance Ltd,sspn finance
539031,SBI Mutual Fund - SBI - ETF BSE 100,sbi mutual fund sbi etf bse 100
539032,Fraser and Company Ltd,fraser and
539040,Tirupati Tyres Ltd,tirupati tyres
539041,SVP Housing Ltd,svp housing
539042,AGI Infra Ltd,agi infra
539043,BKM Industries Ltd,bkm
539044,Manaksia Steels Ltd,manaksia steels
539045,Manaksia Aluminium Company Ltd,manaksia aluminium
539046,Manaksia Coated Metals & Industries Ltd,manaksia coated metals
539052,Aditya Birla Sun Life FOCUSED EQUITY FUND - SERIES 5 REGULAR GROWTH,aditya birla sun life focused equity fund series 5 regular growth
539053,Aditya Birla Sun Life FOCUSED EQUITY FUND - SERIES 5 REGULAR DIVIDEND,aditya birla sun life focused equity fund series 5 regular dividend
539054,Aditya Birla Sun Life Focused Equity Fund - Series 5 Direct Growth,aditya birla sun life focused equity fund series 5 direct growth
539055,Aditya Birla Sun Life Focused Equity Fund - Series 5 Direct Dividend,aditya birla sun life focused equity fund series 5 direct dividend
539056,Imagicaaworld Entertainment Ltd,imagicaaworld entertainment
539063,Reliance Capital Builder Fund II - Series C - Direct Plan Dividend Payout Option,reliance capital builder fund ii series c direct plan dividend payout option
539065,Reliance Capital Builder Fund Ii - Series C - Direct Plan Growth Option,reliance capital builder fund ii series c direct plan growth option
539067,Reliance Capital Builder Fund Ii - Series C - Dividend Payout Option,reliance capital builder fund ii series c dividend payout option
539070,Reliance Capital Builder Fund II - Series C -  Growth Option,reliance capital builder fund ii series c growth option
539083,Inox Wind Ltd,inox wind
539084,Icici Prudential India Recovery Fund - Series 1 (regular Plan - Dividend Payout Option),icici prudential india recovery fund series 1 regular plan dividend payout option
539085,Icici Prudential India Recovery Fund - Series 1 (direct Plan - Dividend Payout Option),icici prudential india recovery fund series 1 direct plan dividend payout option
539090,Rajputana Investment and Finance Ltd,rajputana investment and finance
539091,Consecutive Investment & Trading Company Ltd,consecutive investment trading
539092,Icici Prudential Value Fund Series 6- Direct Plan Cumulative Option,icici prudential value fund series 6 direct plan cumulative option
539093,Icici Prudential Value Fund Series 6- Direct Plan Dividend Option,icici prudential value fund series 6 direct plan dividend option
539094,Icici Prudential Value Fund Series 6- Regular Plan Cumulative Option,icici prudential value fund series 6 regular plan cumulative option
539095,ICICI Prudential Value Fund Series 6- Regular Plan Dividend Option,icici prudential value fund series 6 regular plan dividend option
539096,Aananda Lakshmi Spinning Mills Ltd,aananda lakshmi spinning mills
539097,UR Sugar Industries Ltd,ur sugar
539098,Filtra Consultants and Engineers Ltd,filtra consultants and engineers
539099,Athena Constructions Ltd,athena constructions
539100,ICICI Prudential India Recovery Fund - Series 2 (Regular Plan - Dividend Payout Option),icici prudential india recovery fund series 2 regular plan dividend payout option
539101,Icici Prudential India Recovery Fund - Series 2 (direct Plan - Dividend Payout Option),icici prudential india recovery fund series 2 direct plan dividend payout option
539110,Northlink Fiscal and Capital Services Ltd,northlink fiscal and capital services
539111,Sheshadri Industries Ltd,sheshadri
539112,SAB Industries Ltd,sab
539113,Paul Merchants Ltd,paul merchants
539114,Hind Securities & Credits Ltd,hind securities credits
539115,Alan Scott Industries Ltd,alan scott
539116,O. P. Chains Ltd,o p chains
539117,Sujala Trading & Holdings Ltd,sujala trading holdings
539118,VRL Logistics Ltd,vrl logistics
539119,Jain Marmo Industries Ltd,jain marmo
539120,Bangalore Fort Farms Ltd,bangalore fort farms
539121,Palco Metals Ltd,palco metals
539122,Bodhtree Consulting Ltd,bodhtree consulting
539123,V B Industries Ltd,v b
539124,Sarvottam Finvest Ltd,sarvottam finvest
539125,Layla Textile and Traders Ltd,layla textile and traders
539126,MEP Infrastructure Developers Ltd,mep infrastructure developers
539131,Crescent Leasing Ltd,crescent leasing
539132,Wardwizard Foods and Beverages Ltd,wardwizard foods and beverages
539133,Kotak Mahindra Mutual Fund - Kotak India Growth Fund Series I Non Direct Plan- Growth option,kotak mahindra mutual fund kotak india growth fund series i non direct plan growth option
539134,HDFC Focused Equity Fund Plan B - Regular Option- Growth,hdfc focused equity fund plan b regular option growth
539135,Kotak Mahindra Mutual Fund - Kotak India Growth Fund Series I Non Direct Plan- Dividend option,kotak mahindra mutual fund kotak india growth fund series i non direct plan dividend option
539136,Kotak Mahindra Mutual Fund - Kotak India Growth Fund Series I Direct Plan- Growth Option,kotak mahindra mutual fund kotak india growth fund series i direct plan growth option
539137,Kotak Mahindra Mutual Fund - Kotak India Growth Fund Series I Direct Plan- Dividend Option,kotak mahindra mutual fund kotak india growth fund series i direct plan dividend option
539138,Hdfc Focused Equity Fund Plan B - Regular Option- Dividend Payout,hdfc focused equity fund plan b regular option dividend payout
539139,Hdfc Focused Equity Fund Plan A - Direct Option - Growth,hdfc focused equity fund plan a direct option growth
539140,Hdfc Focused Equity Fund Plan A- Direct Option - Dividend Payout,hdfc focused equity fund plan a direct option dividend payout
539141,UFO Moviez India Ltd,ufo moviez
539142,Edelweiss Mutual Fund - Edelweiss Exchange Traded Scheme - Nifty ( Nifty EES ),edelweiss mutual fund edelweiss exchange traded scheme nifty nifty ees
539143,Panth Infinity Ltd,panth infinity
539148,Shivalik Rasayan Ltd,shivalik rasayan
539149,Integrated Capital Services Ltd,integrated capital services
539150,PNC Infratech Ltd,pnc infratech
539151,Arfin India Ltd,arfin
539167,Virat Leasing Ltd,virat leasing
539168,Spisys Ltd,spisys
539169,Funny Software Ltd,funny software
539174,Helpage Finlease Ltd,helpage finlease
539175,Indra Industries Ltd,indra
539176,Hawa Engineers Ltd,hawa engineers
539177,Authum Investment & Infrastructure Ltd,authum investment infrastructure
539178,Positive Electronics Ltd,positive electronics
539179,Icici Prudential Value Fund Series 7,icici prudential value fund series 7
539180,Icici Prudential Value Fund Series 7,icici prudential value fund series 7
539189,Adhbhut Infrastructure Ltd,adhbhut infrastructure
539190,Decillion Finance Ltd,decillion finance
539195,POCL Enterprises Ltd,pocl enterprises
539196,Amba Enterprises Ltd,amba enterprises
539197,Devhari Exports (India) Ltd,devhari exports
539198,Capfin India Ltd,capfin
539199,SG Finserve Ltd,sg finserve
539200,Noble Polymers Ltd,noble polymers
539201,Satia Industries Ltd,satia
539202,Reliance Capital Builder Fund Iii Series A - Direct Plan Dividend Payout Option,reliance capital builder fund iii series a direct plan dividend payout option
539203,Reliance Capital Builder Fund Iii Series A- Direct Plan Growth Option,reliance capital builder fund iii series a direct plan growth option
539204,Reliance Capital Builder Fund Iii Series A- Dividend Plan Dividend Payout,reliance capital builder fund iii series a dividend plan dividend payout
539205,Reliance Capital Builder Fund III Series A- Growth Plan - Growth,reliance capital builder fund iii series a growth plan growth
539206,Genomic Valley Biotech Ltd,genomic valley biotech
539207,Manpasand Beverages Ltd,manpasand beverages
539216,Garment Mantra Lifestyle Ltd,garment mantra lifestyle
539217,Srestha Finvest Ltd,srestha finvest
539218,Saumya Consultants Ltd,saumya consultants
539219,Mauria Udyog Ltd,mauria udyog
539220,Mishka Exim Ltd,mishka exim
539221,Sportking India Ltd,sportking
539222,Growington Ventures India Ltd,growington ventures
539223,Ambition Mica Ltd,ambition mica
539224,HCKK Ventures Ltd,hckk ventures
539225,Jiya Eco-Products Ltd,jiya eco products
539226,Rudra Global Infra Products Ltd,rudra global infra products
539227,Loyal Equipments Ltd,loyal equipments
539228,Gala Global Products Ltd,gala global products
539229,Majestic Research Services and Solutions Ltd,majestic research services and solutions
539230,Chemiesynth (Vapi) Ltd,chemiesynth vapi
539235,Grandeur Products Ltd,grandeur products
539246,Jyotirgamya Enterprises Ltd,jyotirgamya enterprises
539251,Balkrishna Paper Mills Ltd,balkrishna paper mills
539252,Shyam Century Ferrous Ltd,shyam century ferrous
539253,Surya India Ltd,surya
539254,Adani Energy Solutions Ltd,adani energy solutions
539255,Star Delta Transformers Ltd,star delta transformers
539265,Amrapali Fincap Ltd,amrapali fincap
539266,Concrete Credit Ltd,concrete credit
539267,Samsrita Labs Ltd,samsrita labs
539268,Syngene International Ltd,syngene international
539273,Pecos Hotels and Pubs Ltd,pecos hotels and pubs
539274,Boston Leasing and Finance Ltd,boston leasing and finance
539275,Mangalam Seeds Ltd,mangalam seeds
539276,Kaya Ltd,kaya
539277,Alstone Textiles (India) Ltd,alstone textiles
539278,Symbiox Investment & Trading Company Ltd,symbiox investment trading
539285,Icici Prudential Value Fund Series 8 - Direct Plan Dividend Option,icici prudential value fund series 8 direct plan dividend option
539286,Icici Prudential Value Fund Series 8 - Regular Plan Dividend Option,icici prudential value fund series 8 regular plan dividend option
539287,Ortin Laboratories Ltd,ortin laboratories
539288,AVI Polymers Ltd,avi polymers
539289,Aurum PropTech Ltd,aurum proptech
539290,Oswal Greentech Ltd,oswal greentech
539291,Vasudhagama Enterprises Ltd,vasudhagama enterprises
539300,A.K. Spintex Ltd,a k spintex
539301,Arvind SmartSpaces Ltd,arvind smartspaces
539302,Power Mech Projects Ltd,power mech projects
539303,Minda Finance Ltd,minda finance
539304,Canopy Finance Ltd,canopy finance
539309,Rama Steel Tubes Ltd,rama steel tubes
539310,Thinkink Picturez Ltd,thinkink picturez
539311,Nishtha Finance and Investment (India) Ltd,nishtha finance and investment
539312,UTI S&P BSE SENSEX ETF,uti s p bse sensex etf
539313,UTI NIFTY 50 ETF,uti nifty 50 etf
539314,Universal Autofoundry Ltd,universal autofoundry
539319,Icici Prudential India Recovery Fund Series 3 - Direct Plan - Cumulative Option,icici prudential india recovery fund series 3 direct plan cumulative option
539320,Icici Prudential India Recovery Fund Series 3 - Direct Plan - Dividend Payout,icici prudential india recovery fund series 3 direct plan dividend payout
539321,Icici Prudential India Recovery Fund Series 3 - Regular Plan - Cumulative,icici prudential india recovery fund series 3 regular plan cumulative
539322,Icici Prudential India Recovery Fund Series 3 - Regular Plan - Dividend Option,icici prudential india recovery fund series 3 regular plan dividend option
539331,Veto Switchgears and Cables Ltd,veto switchgears and cables
539332,Navkar Corporation Ltd,navkar corporation
539333,Pennar Engineered Building Systems Ltd,pennar engineered building systems
539334,Shree Pushkar Chemicals & Fertilisers Ltd,shree pushkar chemicals fertilisers
539335,CHPL Industries Ltd,chpl
539336,Gujarat Gas Ltd,gujarat gas
539337,Waaree Technologies Ltd,waaree technologies
539346,Sadbhav Infrastructure Project Ltd,sadbhav infrastructure project
539347,Pneumatic Holdings Ltd,pneumatic holdings
539351,Prabhat Dairy Ltd,prabhat dairy
539352,P. B. Films Ltd,p b films
539353,Sal Automotive Ltd,sal automotive
539354,Polyspin Exports Ltd,polyspin exports
539359,Pritika Auto Industries Ltd,pritika auto
539363,Sri Krishna Constructions (India) Ltd,sri krishna constructions
539378,Soni Medicare Ltd,soni medicare
539383,Mahaveer Infoway Ltd,mahaveer infoway
539384,Krishna Capital and Securities Ltd,krishna capital and securities
539391,Acme Resources Ltd,acme resources
539392,Sang Froid Labs (India) Ltd,sang froid labs
539393,Kabra Commercial Ltd,kabra commercial
539394,Icici Prudential Mutual Fund- Direct Plan Cumulative Option,icici prudential mutual fund direct plan cumulative option
539395,Icici Prudential Mutual Fund- Direct Plan Dividend Option,icici prudential mutual fund direct plan dividend option
539396,Icici Prudential Mutual Fund- Regular Plan Cumulative Option,icici prudential mutual fund regular plan cumulative option
539397,ICICI Prudential Mutual Fund- Regular Plan Dividend Option,icici prudential mutual fund regular plan dividend option
539398,Vishal Bearings Ltd,vishal bearings
539399,Bella Casa Fashion & Retail Ltd,bella casa fashion retail
539400,Mallcom (India) Ltd,mallcom
539401,Patdiam Jewellery Ltd,patdiam jewellery
539402,Vaksons Automobiles Ltd,vaksons automobiles
539403,Arambhan Hospitality Services Ltd,arambhan hospitality services
539404,Satin Creditcare Network Ltd,satin creditcare network
539405,Decorous Investment & Trading Co Ltd,decorous investment trading co
539406,Swagtam Trading & Services Ltd,swagtam trading services
539407,Generic Engineering Construction and Projects Ltd,generic engineering construction and projects
539408,Kuber Udyog Ltd,kuber udyog
539409,Neeraj Paper Marketing Ltd,neeraj paper marketing
539410,Muzali Arts Ltd,muzali arts
539420,Birla Sun Life Focused Equity Fund- Series 6- Regular Plan- Growth,birla sun life focused equity fund series 6 regular plan growth
539421,Birla Sun Life Focused Equity Fund- Series 6- Regular Plan- Dividend Payout,birla sun life focused equity fund series 6 regular plan dividend payout
539422,Birla Sun Life Focused Equity Fund- Series 6- Direct Plan- Growth,birla sun life focused equity fund series 6 direct plan growth
539423,Birla Sun Life Focused Equity Fund- Series 6- Direct Plan- Dividend Payout,birla sun life focused equity fund series 6 direct plan dividend payout
539428,Tejnaksh Healthcare Ltd,tejnaksh healthcare
539433,Indo-Global Enterprises Ltd,indo global enterprises
539434,Brilliant Portfolios Ltd,brilliant portfolios
539435,Richfield Financial Services Ltd,richfield financial services
539436,Coffee Day Enterprises Ltd,coffee day enterprises
539437,IDFC First Bank Ltd,idfc first bank
539446,Krishana Fabrics Ltd,krishana fabrics
539447,Beardsell Ltd,beardsell
539448,InterGlobe Aviation Ltd,interglobe aviation
539449,IGC Industries Ltd,igc
539450,S H Kelkar and Company Ltd,s h kelkar and
539455,Aryavan Enterprise Ltd,aryavan enterprise
539469,Panorama Studios International Ltd,panorama studios international
539470,Shree Ganesh Biotech (India) Ltd,shree ganesh biotech
539479,GTV Engineering Ltd,gtv engineering
539515,Quint Digital Media Ltd,quint digital media
539518,Uday Jewellery Industries Ltd,uday jewellery
539519,Mayukh Dealtrade Ltd,mayukh dealtrade
539520,Shailja Commercial Trade Frenzy Ltd,shailja commercial trade frenzy
539521,Navigant Corporate Advisors Ltd,navigant corporate advisors
539522,Grovy India Ltd,grovy
539523,Alkem Laboratories Ltd,alkem laboratories
539524,Dr. Lal PathLabs Ltd,dr lal pathlabs
539525,Navketan Merchants Ltd,navketan merchants
539526,Suncare Traders Ltd,suncare traders
539527,Creative Castings Ltd,creative castings
539528,Aayush Food and Herbs Ltd,aayush food and herbs
539533,Elitecon International Ltd,elitecon international
539542,Lux Industries Ltd,lux
539543,Valley Magnesite Company Ltd,valley magnesite
539544,Abhishek Infraventures Ltd,abhishek infraventures
539545,Apoorva Leasing Finance and Investment Company Ltd,apoorva leasing finance and investment
539546,Beekay Niryat Ltd,beekay niryat
539551,Narayana Hrudayalaya Ltd,narayana hrudayalaya
539559,Deep Diamond India Ltd,deep diamond
539561,Remedium Lifecare Ltd,remedium lifecare
539562,Aarnav Fashions Ltd,aarnav fashions
539570,Acewin Agriteck Ltd,acewin agriteck
539584,Sharanam Infraproject and Trading Ltd,sharanam infraproject and trading
539593,Shivansh Finserve Ltd,shivansh finserve
539594,Mishtann Foods Ltd,mishtann foods
539596,Delta Industrial Resources Ltd,delta industrial resources
539597,Jindal Stainless (Hisar) Ltd,jindal stainless hisar
539599,Kotia Enterprises Ltd,kotia enterprises
539600,Chamak Holdings Ltd,chamak holdings
539607,Blue Cloud Softech Solutions Ltd,blue cloud softech solutions
539620,Kanoria Energy & Infrastructure Ltd,kanoria energy infrastructure
539632,AAR Commercial Company Ltd,aar commercial
539636,Precision Camshafts Ltd,precision camshafts
539637,Blueblood Ventures Ltd,blueblood ventures
539658,TeamLease Services Ltd,teamlease services
539659,Vidli Restaurants Ltd,vidli restaurants
539660,Best Agrolife Ltd,best agrolife
539661,Ace Men Engg Works Ltd,ace men engg works
539673,Radhagobind Commercial Ltd,radhagobind commercial
539678,Quick Heal Technologies Ltd,quick heal technologies
539680,Ganga Pharmaceuticals Ltd,ganga pharmaceuticals
539682,Lucent Industries Ltd,lucent
539686,K.P. Energy Ltd,k p energy
539697,Hiliks Technologies Ltd,hiliks technologies
539724,Hypersoft Technologies Ltd,hypersoft technologies
539725,Gokul Agro Resources Ltd,gokul agro resources
539730,Fredun Pharmaceuticals Ltd,fredun pharmaceuticals
539742,Simbhaoli Sugars Ltd,simbhaoli sugars
539760,Relicab Cable Manufacturing Ltd,relicab cable manufacturing
539762,Modern Engineering And Projects Ltd,modern engineering and projects
539770,Darjeeling Ropeway Company Ltd,darjeeling ropeway
539785,Pudumjee Paper Products Ltd,pudumjee paper products
539787,HealthCare Global Enterprises Ltd,healthcare global enterprises
539788,Khemani Distributors & Marketing Ltd,khemani distributors marketing
539798,Umiya Tubes Ltd,umiya tubes
539799,Bharat Wire Ropes Ltd,bharat wire ropes
539800,CHD Chemicals Ltd,chd chemicals
539807,Infibeam Avenues Ltd,infibeam avenues
539814,LE Lavoir Ltd,le lavoir
539819,Mudra Financial Services Ltd,mudra financial services
539834,Balgopal Commercial Ltd,balgopal commercial
539837,Raghav Productivity Enhancers Ltd,raghav productivity enhancers
539841,Lancer Container Lines Ltd,lancer container lines
539843,NINtec Systems Ltd,nintec systems
539844,Equitas Holdings Ltd,equitas holdings
539854,Halder Venture Ltd,halder venture
539861,SKIL Infrastructure Ltd,skil infrastructure
539871,Thyrocare Technologies Ltd,thyrocare technologies
539872,Bajaj Healthcare Ltd,bajaj healthcare
539874,Ujjivan Financial Services Ltd,ujjivan financial services
539875,RSD Finance Ltd,rsd finance
539876,Crompton Greaves Consumer Electricals Ltd,crompton greaves consumer electricals
539883,Pilani Investment and Industries Corporation Ltd,pilani investment and industries corporation
539884,Darshan Orna Ltd,darshan orna
539889,Parag Milk Foods Ltd,parag milk foods
539894,Madhav Infra Projects Ltd,madhav infra projects
539895,Shalimar Agencies Ltd,shalimar agencies
539910,Kome-On Communication Ltd,kome on communication
539911,Svarnim Trade Udyog Ltd,svarnim trade udyog
539917,Nagarjuna Fertilizers and Chemicals Ltd,nagarjuna fertilizers and chemicals
539921,Shanti Educational Initiatives Ltd,shanti educational initiatives
539922,Rotographics (India) Ltd,rotographics
539927,Likhami Consulting Ltd,likhami consulting
539938,Medico Intercontinental Ltd,medico intercontinental
539939,Yash Chemex Ltd,yash chemex
539940,Max Ventures and Industries Ltd,max ventures and
539947,Jindal Leasefin Ltd,jindal leasefin
539956,TAAL Enterprises Ltd,taal enterprises
539957,Mahanagar Gas Ltd,mahanagar gas
539963,Zeal Aqua Ltd,zeal aqua
539978,Quess Corp Ltd,quess corp
539979,Digjam Ltd,digjam
539981,Max India Ltd,max
539982,Advance Syntex Ltd,advance syntex
539984,Hindusthan Urban Infrastructure Ltd,hindusthan urban infrastructure
539985,Titaanium Ten Enterprise Ltd,titaanium ten enterprise
539986,Commercial Syn Bags Ltd,commercial syn bags
539991,Confidence Futuristic Energetech Ltd,confidence futuristic energetech
539992,Lloyds Steels Industries Ltd,lloyds steels
539997,Kwality Pharmaceuticals Ltd,kwality pharmaceuticals
540005,LTIMindtree Ltd,ltimindtree
540006,East West Holdings Ltd,east west holdings
540023,Colorchips New Media Ltd,colorchips new media
540024,Ashari Agencies Ltd,ashari agencies
540025,Advanced Enzyme Technologies Ltd,advanced enzyme technologies
540026,Ladam Affordable Housing Ltd,ladam affordable housing
540027,Prabhat Technologies (India) Ltd,prabhat technologies
540047,Dilip Buildcon Ltd,dilip buildcon
540048,S.P. Apparels Ltd,s p apparels
540061,Bigbloc Construction Ltd,bigbloc construction
540062,Golden Crest Education & Services Ltd,golden crest education services
540064,Future Retail Ltd,future retail
540065,RBL Bank Ltd,rbl bank
540066,AMS Polymers Ltd,ams polymers
540072,Shiva Granito Export Ltd,shiva granito export
540073,BLS International Services Ltd,bls international services
540078,Mitsu Chem Plast Ltd,mitsu chem plast
540079,Sprayking Agro Equipment Ltd,sprayking agro equipment
540080,Dhatre Udyog Ltd,dhatre udyog
540081,SAB Events & Governance Now Media Ltd,sab events governance now media
540082,Riddhi Steel and Tube Ltd,riddhi steel and tube
540083,TV Vision Ltd,tv vision
540084,Spicy Entertainment and Media Ltd,spicy entertainment and media
540097,Visco Trade Associates Ltd,visco trade associates
540108,Tiaan Consumer Ltd,tiaan consumer
540115,L&T Technology Services Ltd,l t technology services
540124,G N A Axles Ltd,g n a axles
540125,Radhika Jeweltech Ltd,radhika jeweltech
540132,Sabrimala Industries India Ltd,sabrimala industries
540133,ICICI Prudential Life Insurance Company Ltd,icici prudential life insurance
540134,Ishaan Infrastructures and Shelters Ltd,ishaan infrastructures and shelters
540135,ARC Finance Ltd,arc finance
540136,HPL Electric & Power Ltd,hpl electric power
540143,Sagarsoft (India) Ltd,sagarsoft
540144,DRA Consultants Ltd,dra consultants
540145,Valiant Organics Ltd,valiant organics
540146,Aditya Consumer Marketing Ltd,aditya consumer marketing
540147,Shashijit Infraprojects Ltd,shashijit infraprojects
540148,Bindal Exports Ltd,bindal exports
540150,Mewar Hi-Tech Engineering Ltd,mewar hi tech engineering
540151,Diksat Transworld Ltd,diksat transworld
540152,India Green Reality Ltd,india green reality
540153,Endurance Technologies Ltd,endurance technologies
540159,Purple Entertainment Ltd,purple entertainment
540173,PNB Housing Finance Ltd,pnb housing finance
540174,Southern Infosys Ltd,southern infosys
540175,Regency Fincorp Ltd,regency fincorp
540180,Varun Beverages Ltd,varun beverages
540190,Franklin Industries Ltd,franklin
540192,LKP Securities Ltd,lkp securities
540198,Osiajee Texfab Ltd,osiajee texfab
540199,Corporate Merchant Bankers Ltd,corporate merchant bankers
540203,Sheela Foam Ltd,sheela foam
540204,Eiko Lifesciences Ltd,eiko lifesciences
540205,Aditya Vision Ltd,aditya vision
540210,Heads UP Ventures Ltd,heads up ventures
540212,TCI Express Ltd,tci express
540221,Shashank Traders Ltd,shashank traders
540222,Laurus Labs Ltd,laurus labs
540243,New Light Apparels Ltd,new light apparels
540252,Veeram Securities Ltd,veeram securities
540253,Shree Nidhi Trading Co. Ltd,shree nidhi trading co
540259,Shangar Decor Ltd,shangar decor
540266,Globe Commercials Ltd,globe commercials
540268,TruCap Finance Ltd,trucap finance
540269,Super Fine Knitters Ltd,super fine knitters
540293,Pricol Ltd,pricol
540310,Classic Filaments Ltd,classic filaments
540311,JITF Infralogistics Ltd,jitf infralogistics
540332,Tanvi Foods (India) Ltd,tanvi foods
540358,RMC Switchgears Ltd,rmc switchgears
540359,Parmax Pharma Ltd,parmax pharma
540360,Leading Leasing Finance And Investment Company Ltd,leading leasing finance and investment
540361,Danube Industries Ltd,danube
540366,Music Broadcast Ltd,music broadcast
540376,Avenue Supermarts Ltd,avenue supermarts
540377,IFL Enterprises Ltd,ifl enterprises
540385,KD Leisures Ltd,kd leisures
540386,Ontic Finserve Ltd,ontic finserve
540393,Sarthak Metals Ltd,sarthak metals
540395,Chemcrux Enterprises Ltd,chemcrux enterprises
540396,Manomay Tex India Ltd,manomay tex
540401,Maximus International Ltd,maximus international
540402,Manas Properties Ltd,manas properties
540403,CL Educate Ltd,cl educate
540404,Prime Fresh Ltd,prime fresh
540405,Oceanic Foods Ltd,oceanic foods
540416,Octaware Technologies Ltd,octaware technologies
540425,Shankara Building Products Ltd,shankara building products
540455,Escorp Asset Management Ltd,escorp asset management
540468,KMS Medisurgi Ltd,kms medisurgi
540481,Classic Leasing & Finance Ltd,classic leasing finance
540492,Starlineps Enterprises Ltd,starlineps enterprises
540497,S Chand and Company Ltd,s chand and
540515,Kanungo Financiers Ltd,kanungo financiers
540519,Meera Industries Ltd,meera
540530,Housing & Urban Development Corporation Ltd,housing urban development corporation
540544,PSP Projects Ltd,psp projects
540545,Bhakti Gems and Jewellery Ltd,bhakti gems and jewellery
540550,Yug Decor Ltd,yug decor
540570,Variman Global Enterprises Ltd,variman global enterprises
540575,Star Cement Ltd,star cement
540590,Riddhi Corporate Services Ltd,riddhi corporate services
540595,Tejas Networks Ltd,tejas networks
540596,Eris Lifesciences Ltd,eris lifesciences
540597,Containerway International Ltd,containerway international
540602,GTPL Hathway Ltd,gtpl hathway
540611,AU Small Finance Bank Ltd,au small finance bank
540613,Gautam Exim Ltd,gautam exim
540614,G G Engineering Ltd,g g engineering
540615,7NR Retail Ltd,7nr retail
540621,Bhagyanagar Properties Ltd,bhagyanagar properties
540642,Salasar Techno Engineering Ltd,salasar techno engineering
540647,Ganges Securities Ltd,ganges securities
540648,Palash Securities Ltd,palash securities
540649,Avadh Sugar & Energy Ltd,avadh sugar energy
540650,Magadh Sugar & Energy Ltd,magadh sugar energy
540651,Jigar Cables Ltd,jigar cables
540652,Captain Technocast Ltd,captain technocast
540653,Sintex Plastics Technology Ltd,sintex plastics technology
540654,Globalspace Technologies Ltd,globalspace technologies
540673,SIS Ltd,sis
540678,Cochin Shipyard Ltd,cochin shipyard
540679,SMS Lifesciences India Ltd,sms lifesciences
540680,KIOCL Ltd,kiocl
540681,Chothani Foods Ltd,chothani foods
540686,Smruthi Organics Ltd,smruthi organics
540691,Aditya Birla Capital Ltd,aditya birla capital
540692,Apex Frozen Foods Ltd,apex frozen foods
540693,Shish Industries Ltd,shish
540694,ANG Lifesciences India Ltd,ang lifesciences
540695,Dhruv Wellness Ltd,dhruv wellness
540696,KCD Industries India Ltd,kcd industries
540697,A & M Febcon Ltd,a m febcon
540699,Dixon Technologies (India) Ltd,dixon technologies
540700,Bharat Road Network Ltd,bharat road network
540701,Dishman Carbogen Amcis Ltd,dishman carbogen amcis
540702,Lasa Supergenerics Ltd,lasa supergenerics
540703,Pro Clb Global Ltd,pro clb global
540704,Matrimony.com Ltd,matrimony com
540709,Reliance Home Finance Ltd,reliance home finance
540710,Capacite Infraprojects Ltd,capacite infraprojects
540715,Sagar Diamonds Ltd,sagar diamonds
540716,ICICI Lombard General Insurance Company Ltd,icici lombard general insurance
540717,Polo Queen Industrial and Fintech Ltd,polo queen industrial and fintech
540718,AKM Creations Ltd,akm creations
540719,SBI Life Insurance Company Ltd,sbi life insurance
540724,Prataap Snacks Ltd,prataap snacks
540725,Share India Securities Ltd,share india securities
540726,Trident Texofab Ltd,trident texofab
540727,Poojawestern Metaliks Ltd,poojawestern metaliks
540728,Sayaji Industries Ltd,sayaji
540729,Vanta Bioscience Ltd,vanta bioscience
540730,Mehai Technology Ltd,mehai technology
540735,IRIS Business Services Ltd,iris business services
540737,Shree Ganesh Remedies Ltd,shree ganesh remedies
540738,Shreeji Translogistics Ltd,shreeji translogistics
540743,Godrej Agrovet Ltd,godrej agrovet
540744,Mideast Integrated Steels Ltd,mideast integrated steels
540749,MAS Financial Services Ltd,mas financial services
540750,Indian Energy Exchange Ltd,indian energy exchange
540755,General Insurance Corporation of India,general insurance corporation of
540756,Kaarya Facilities and Services Ltd,kaarya facilities and services
540757,Sheetal Cool Products Ltd,sheetal cool products
540762,Tube Investments of India Ltd,tube investments of
540767,Nippon Life India Asset Management Ltd,nippon life india asset management
540768,Mahindra Logistics Ltd,mahindra logistics
540769,The New India Assurance Company Ltd,the new india assurance
540774,IFGL Refractories Ltd,ifgl refractories
540775,Khadim India Ltd,khadim
540776,5paisa Capital Ltd,5paisa capital
540777,HDFC Life Insurance Company Ltd,hdfc life insurance
540782,Sanghvi Brands Ltd,sanghvi brands
540786,Sharika Enterprises Ltd,sharika enterprises
540788,Aspira Pathlab & Diagnostics Ltd,aspira pathlab diagnostics
540789,Diligent Media Corporation Ltd,diligent media corporation
540795,Dynamic Cables Ltd,dynamic cables
540796,Ratnabhumi Developers Ltd,ratnabhumi developers
540797,Shalby Ltd,shalby
540798,Future Supply Chain Solutions Ltd,future supply chain solutions
540809,MRC Agrotech Ltd,mrc agrotech
540811,Diggi Multitrade Ltd,diggi multitrade
540821,Sadhna Broadcast Ltd,sadhna broadcast
540823,Vitesse Agro Ltd,vitesse agro
540824,Astron Paper & Board Mill Ltd,astron paper board mill
540829,Chandrima Mercantiles Ltd,chandrima mercantiles
540843,Rithwik Facility Management Services Ltd,rithwik facility management services
540850,Jhandewalas Foods Ltd,jhandewalas foods
540879,Apollo Micro Systems Ltd,apollo micro systems
540900,Newgen Software Technologies Ltd,newgen software technologies
540901,Praxis Home Retail Ltd,praxis home retail
540902,Amber Enterprises India Ltd,amber enterprises
540903,CRP Risk Management Ltd,crp risk management
540904,Tirupati Foam Ltd,tirupati foam
540914,SRU Steels Ltd,sru steels
540923,Ashoka Metcast Ltd,ashoka metcast
540935,Galaxy Surfactants Ltd,galaxy surfactants
540936,Gautam Gems Ltd,gautam gems
540937,Medico Remedies Ltd,medico remedies
540938,Gujarat Hy-Spin Ltd,gujarat hy spin
540945,Focus Suites Solutions & Services Ltd,focus suites solutions services
540952,Lorenzini Apparels Ltd,lorenzini apparels
540953,Kenvi Jewels Ltd,kenvi jewels
540954,The Indian Wood Products Company Ltd,the indian wood products
540955,Tasty Dairy Specialities Ltd,tasty dairy specialities
540956,Bhatia Communications & Retail (India) Ltd,bhatia communications retail
540961,Shiva Mills Ltd,shiva mills
540975,Aster DM Healthcare Ltd,aster dm healthcare
540980,The Yamuna Syndicate Ltd,the yamuna syndicate
541005,Kanco Tea & Industries Ltd,kanco tea
541006,Angel Fibers Ltd,angel fibers
541019,H.G. Infra Engineering Ltd,h g infra engineering
541053,East India Securities Ltd,east india securities
541083,Inflame Appliances Ltd,inflame appliances
541096,Bharat Parenterals Ltd,bharat parenterals
541112,Shreeshay Engineers Ltd,shreeshay engineers
541143,Bharat Dynamics Ltd,bharat dynamics
541144,Active Clothing Co Ltd,active clothing co
541151,Ridings Consulting Engineers India Ltd,ridings consulting engineers
541152,Goyal Aluminiums Ltd,goyal aluminiums
541153,Bandhan Bank Ltd,bandhan bank
541154,Hindustan Aeronautics Ltd,hindustan aeronautics
541161,KBC Global Ltd,kbc global
541163,Sandhar Technologies Ltd,sandhar technologies
541167,Yasho Industries Ltd,yasho
541178,Benara Bearings and Pistons Ltd,benara bearings and pistons
541179,ICICI Securities Ltd,icici securities
541195,Mishra Dhatu Nigam Ltd,mishra dhatu nigam
541196,Lex Nimble Solutions Ltd,lex nimble solutions
541206,Orissa Bengal Carrier Ltd,orissa bengal carrier
541228,Taylormade Renewables Ltd,taylormade renewables
541233,Lemon Tree Hotels Ltd,lemon tree hotels
541269,Chemfab Alkalis Ltd,chemfab alkalis
541276,Hardwyn India Ltd,hardwyn
541299,Dr Lalchandani Labs Ltd,dr lalchandani labs
541301,Orient Electric Ltd,orient electric
541302,Dhruv Consultancy Services Ltd,dhruv consultancy services
541303,Akshar Spintex Ltd,akshar spintex
541304,Indo Us Bio-Tech Ltd,indo us bio tech
541336,Indostar Capital Finance Ltd,indostar capital finance
541337,Milestone Furniture Ltd,milestone furniture
541338,U. H. Zaveri Ltd,u h zaveri
541347,Parvati Sweetners and Power Ltd,parvati sweetners and power
541352,Megastar Foods Ltd,megastar foods
541353,Innovators Facade Systems Ltd,innovators facade systems
541400,Zim Laboratories Ltd,zim laboratories
541401,Arihant Institute Ltd,arihant institute
541402,Affordable Robotic & Automation Ltd,affordable robotic automation
541403,Dollar Industries Ltd,dollar
541418,Nakoda Group of Industries Ltd,nakoda group of
541444,Palm Jewels Ltd,palm jewels
541445,Waa Solar Ltd,waa solar
541450,Adani Green Energy Ltd,adani green energy
541503,Unick Fix-A-Form And Printers Ltd,unick fix a form and printers
541540,Solara Active Pharma Sciences Ltd,solara active pharma sciences
541545,Talwalkars Healthclubs Ltd,talwalkars healthclubs
541546,Gayatri Highways Ltd,gayatri highways
541556,RITES Ltd,rites
541557,Fine Organic Industries Ltd,fine organic
541578,Varroc Engineering Ltd,varroc engineering
541601,Rajnish Wellness Ltd,rajnish wellness
541627,Hi-Tech Winding Systems Ltd,hi tech winding systems
541633,Sophia Traexpo Ltd,sophia traexpo
541634,Raw Edge Industrial Solutions Ltd,raw edge industrial solutions
541700,TCNS Clothing Co. Ltd,tcns clothing co
541701,Supershakti Metaliks Ltd,supershakti metaliks
541702,Ashnisha Industries Ltd,ashnisha
541703,Ganesh Films India Ltd,ganesh films
541729,HDFC Asset Management Company Ltd,hdfc asset management
541735,Vivanta Industries Ltd,vivanta
541741,Tinna Trade Ltd,tinna trade
541770,CreditAccess Grameen Ltd,creditaccess grameen
541771,Amin Tannery Ltd,amin tannery
541778,Deep Polymers Ltd,deep polymers
541799,Sungold Media and Entertainment Ltd,sungold media and entertainment
541865,Add-Shop ERetail Ltd,add shop eretail
541890,Space Incubatrics Technologies Ltd,space incubatrics technologies
541929,Synergy Green Industries Ltd,synergy green
541945,Ranjeet Mechatronics Ltd,ranjeet mechatronics
541956,IRCON International Ltd,ircon international
541967,Sky Gold Ltd,sky gold
541973,Mac Hotels Ltd,mac hotels
541974,Manorama Industries Ltd,manorama
541983,Innovative Ideals and Services (India) Ltd,innovative ideals and services
541988,AAVAS Financiers Ltd,aavas financiers
542002,Devoted Construction Ltd,devoted construction
542011,Garden Reach Shipbuilders & Engineers Ltd,garden reach shipbuilders engineers
542012,A-1 Acid Ltd,a 1 acid
542013,Dolfin Rubbers Ltd,dolfin rubbers
542019,Shubham Polyspin Ltd,shubham polyspin
542020,AKI India Ltd,aki
542025,Sun Retail Ltd,sun retail
542034,S. M. Gold Ltd,s m gold
542046,Vivid Mercantile Ltd,vivid mercantile
542057,BCPL Railway Infrastructure Ltd,bcpl railway infrastructure
542066,Adani Total Gas Ltd,adani total gas
542117,Netripples Software Ltd,netripples software
542123,The Phosphate Company Ltd,the phosphate
542141,Techno Electric & Engineering Company Ltd,techno electric engineering
542145,Roni Households Ltd,roni households
542146,Shree Krishna Infrastructure Ltd,shree krishna infrastructure
542155,Diksha Greens Ltd,diksha greens
542176,Aryan Share and Stock Brokers Ltd,aryan share and stock brokers
542206,Nivaka Fashions Ltd,nivaka fashions
542216,Dalmia Bharat Ltd,dalmia bharat
542231,Nila Spaces Ltd,nila spaces
542232,Shankar Lal Rampal Dye-Chem Ltd,shankar lal rampal dye chem
542233,Trejhara Solutions Ltd,trejhara solutions
542248,Deccan Health Care Ltd,deccan health care
542285,Axita Cotton Ltd,axita cotton
542323,KPI Green Energy Ltd,kpi green energy
542332,Hi-Klass Trading and Investment Ltd,hi klass trading and investment
542333,RPSG Ventures Ltd,rpsg ventures
542337,Spencers Retail Ltd,spencers retail
542351,Gloster Ltd,gloster
542367,Xelpmoc Design and Tech Ltd,xelpmoc design and tech
542383,Ritco Logistics Ltd,ritco logistics
542399,Chalet Hotels Ltd,chalet hotels
542437,Anmol India Ltd,anmol
542446,Jonjua Overseas Ltd,jonjua overseas
542459,Kranti Industries Ltd,kranti
542460,The Anup Engineering Ltd,the anup engineering
542477,Gleam Fabmat Ltd,gleam fabmat
542484,Arvind Fashions Ltd,arvind fashions
542503,Mahip Industries Ltd,mahip
542524,Ambassador Intra Holdings Ltd,ambassador intra holdings
542579,Ashapuri Gold Ornament Ltd,ashapuri gold ornament
542580,Aartech Solonics Ltd,aartech solonics
542592,Humming Bird Education Ltd,humming bird education
542597,MSTC Ltd,mstc
542599,Roopshri Resorts Ltd,roopshri resorts
542627,Chandni Machines Ltd,chandni machines
542628,Northern Spirits Ltd,northern spirits
542649,Rail Vikas Nigam Ltd,rail vikas nigam
542650,Metropolis Healthcare Ltd,metropolis healthcare
542651,KPIT Technologies Ltd,kpit technologies
542652,Polycab India Ltd,polycab
542653,Jinaams Dress Ltd,jinaams dress
542654,V R Films & Studios Ltd,v r films studios
542655,Vikas Lifecare Ltd,vikas lifecare
542665,Neogen Chemicals Ltd,neogen chemicals
542666,G. K. P. Printing & Packaging Ltd,g k p printing packaging
542667,White Organic Retail Ltd,white organic retail
542668,Evans Electric Ltd,evans electric
542669,BMW Industries Ltd,bmw
542670,Artemis Electricals and Projects Ltd,artemis electricals and projects
542677,Mahesh Developers Ltd,mahesh developers
542678,Cian Healthcare Ltd,cian healthcare
542679,Dhanashree Electronics Ltd,dhanashree electronics
542682,Harish Textile Engineers Ltd,harish textile engineers
542683,Suich Industries Ltd,suich
542684,Prakash Pipes Ltd,prakash pipes
542685,Digicontent Ltd,digicontent
542694,Parshva Enterprises Ltd,parshva enterprises
542721,Anand Rayons Ltd,anand rayons
542724,Earum Pharmaceuticals Ltd,earum pharmaceuticals
542725,SBC Exports Ltd,sbc exports
542726,IndiaMART InterMESH Ltd,indiamart intermesh
542727,City Pulse Multiplex Ltd,city pulse multiplex
542728,SK International Export Ltd,sk international export
542729,DCM Nouvelle Ltd,dcm nouvelle
542752,Affle (India) Ltd,affle
542753,Seacoast Shipping Services Ltd,seacoast shipping services
542760,Sterling and Wilson Renewable Energy Ltd,sterling and wilson renewable energy
542771,Novateor Research Laboratories Ltd,novateor research laboratories
542772,360 ONE WAM LTD,360 one wam
542773,IIFL Securities Ltd,iifl securities
542801,Misquita Engineering Ltd,misquita engineering
542802,Galactico Corporate Services Ltd,galactico corporate services
542803,Vaxfab Enterprises Ltd,vaxfab enterprises
542812,Gujarat Fluorochemicals Ltd,gujarat fluorochemicals
542830,Indian Railway Catering and Tourism Corporation Ltd,indian railway catering and tourism corporation
542850,Goblin India Ltd,goblin
542851,Gensol Engineering Ltd,gensol engineering
542852,Vishwaraj Sugar Industries Ltd,vishwaraj sugar
542857,Greenpanel Industries Ltd,greenpanel
542862,Shahlon Silk Industries Ltd,shahlon silk
542864,Mount Housing and Infrastructure Ltd,mount housing and infrastructure
542865,Anuroop Packaging Ltd,anuroop packaging
542866,Colab Cloud Platforms Ltd,colab cloud platforms
542867,CSB Bank Ltd,csb bank
542904,Ujjivan Small Finance Bank Ltd,ujjivan small finance bank
542905,Hindware Home Innovation Ltd,hindware home innovation
542907,Prince Pipes and Fittings Ltd,prince pipes and fittings
542918,Gian Life Care Ltd,gian life care
542919,Artemis Medicare Services Ltd,artemis medicare services
542920,Sumitomo Chemical India Ltd,sumitomo chemical
542924,Janus Corporation Ltd,janus corporation
542932,Birla Tyres Ltd,birla tyres
542933,Universus Photo Imagings Ltd,universus photo imagings
542934,Chandra Bhagat Pharma Ltd,chandra bhagat pharma
542935,ICL Organic Dairy Products Ltd,icl organic dairy products
542938,Octavius Plantations Ltd,octavius plantations
543064,Suven Pharmaceuticals Ltd,suven pharmaceuticals
543065,SM Auto Stamping Ltd,sm auto stamping
543171,RO Jewels Ltd,ro jewels
543172,Cospower Engineering Ltd,cospower engineering
543187,Hitachi Energy India Ltd,hitachi energy
543193,DJ Mediaprint & Logistics Ltd,dj mediaprint logistics
543207,Natural Biocon (India) Ltd,natural biocon
555555,ICICI Prudential S&P BSE Sensex ETF,icici prudential s p bse sensex etf
570001,Tata Motors  Ltd - DVR,tata motors dvr
570002,Future Enterprises Ltd_DVR,future enterprises _dvr
570003,Gujarat NRE Coke  Ltd,gujarat nre coke
570004,JAIN IRRIGATION SYSTEMS LTD.,jain irrigation systems
580001,STANDARD CHARTERED PLC,standard chartered
590003,KARUR VYSYA BANK LTD.,karur vysya bank
590005,TIDE WATER OIL (INDIA) LTD.,tide water oil
590006,AMRUTANJAN HEALTH CARE LTD.,amrutanjan health care
590011,MOVING PICTURE COMPANY (INDIA) LTD.,moving picture company
590013,XPRO INDIA LTD.,xpro
590018,HISAR METAL INDUSTRIES LTD.,hisar metal
590021,BHARAT RASAYAN LTD.,bharat rasayan
590022,EASTERN SILK INDUSTRIES LTD.,eastern silk
590024,FERTILIZERS & CHEMICALS TRAVANCORE LTD.,fertilizers chemicals travancore
590025,GINNI FILAMENTS LTD.,ginni filaments
590028,NICCO CORPORATION LTD.,nicco corporation
590030,SOUTHERN PETROCHEMICALS LTD.,southern petrochemicals
590031,DE NORA INDIA LTD.,de nora
590033,Schneider Electric President Systems Limited,schneider electric president systems
590035,TIRUPATI FOAM LTD.,tirupati foam
590036,Kalptaru Papers Ltd.,kalptaru papers
590038,VISU INTERNATIONAL LTD.,visu international
590041,KAVVERI TELECOM PRODUCTS LTD.,kavveri telecom products
590043,HARITA SEATING SYSTEMS LTD.,harita seating systems
590046,SMRUTHI ORGANICS LTD.,smruthi organics
590050,Css Technergy Ltd,css technergy
590051,SAKSOFT LTD.,saksoft
590053,Kar Mobiles Ltd.,kar mobiles
590054,Jeypore Sugar Company Ltd.,jeypore sugar
590055,Polyspin Exports Ltd.,polyspin exports
590056,SALONA COTSPIN LTD.,salona cotspin
590057,Equippp Social Impact Technologies Ltd,equippp social impact technologies
590058,Shree Ajit Pulp & Paper Ltd,shree ajit pulp paper
590060,M K Exim India Ltd,m k exim
590061,BRUSHMAN (INDIA) LTD.,brushman
590062,ANDHRA SUGARS LTD.,andhra sugars
590063,DUNCANS INDUSTRIES LTD.,duncans
590065,INDIA MOTOR PARTS & ACCESSORIES LTD.,india motor parts accessories
590066,K.C.P.LTD.,k c p
590068,KHAITAN (INDIA) LTD.,khaitan
590070,RADAAN MEDIAWORKS (I) LTD.,radaan mediaworks i
590071,SUNDARAM FINANCE LTD.,sundaram finance
590072,SUNDARAM BRAKE LININGS LTD.,sundaram brake linings
590073,WHEELS INDIA LTD.,wheels
590074,Ortin Laboratories Ltd.,ortin laboratories
590075,LAMBODHARA TEXTILES LTD.,lambodhara textiles
590076,Camson Bio Technologies Ltd,camson bio technologies
590077,Ranklin Solutions Ltd.,ranklin solutions
590078,MAITHAN ALLOYS LTD.,maithan alloys
590079,Joonktollee Tea & Industries Ltd,joonktollee tea
590080,EASTERN GASES LTD.,eastern gases
590081,BRAHMANAND HIMGHAR LTD.,brahmanand himghar
590082,LOHIA SECURITIES LTD.,lohia securities
590083,MAVENS BIOTECH LTD.,mavens biotech
590084,KANCO ENTERPRISES LTD.,kanco enterprises
590085,Gloster Ltd.,gloster
590086,ORISSA MINERALS DEVELOPMENT COMPANY LTD.,orissa minerals development
590087,ELLENBARRIE INDUSTRIAL GASES LTD.,ellenbarrie industrial gases
590088,ADINATH BIO-LABS LTD.,adinath bio labs
590090,Swarnajyothi Agrotech & Power Limited,swarnajyothi agrotech power
590091,TRINETHRA INFRA VENTURES LTD.,trinethra infra ventures
590094,Farmax India Limited,farmax
590103,Nippon India ETF Nifty 50 BeES,nippon india etf nifty 50 bees
590104,Nippon India ETF Nifty Next 50 Junior BeES,nippon india etf nifty next 50 junior bees
590106,Nippon India ETF Nifty Bank BeES,nippon india etf nifty bank bees
590107,Kotak Nifty PSU Bank ETF,kotak nifty psu bank etf
590108,Nippon India ETF Nifty PSU Bank BeES,nippon india etf nifty psu bank bees
590109,Nippon India ETF Nifty 50 Shariah BeES,nippon india etf nifty 50 shariah bees
590110,Quantum Nifty 50 ETF,quantum nifty 50 etf
590111,Vaishnavi Gold Limited,vaishnavi gold
590112,Kotak Mahindra Mutual Fund - Permitted,kotak mahindra mutual fund permitted
590114,Naolin Enterprises Limited,naolin enterprises
590115,Motilal Oswal MOSt Shares M50 ETF,motilal oswal most shares m50 etf
590116,7Seas Technologies Ltd,7seas technologies
590117,Mahaveer Infoway Ltd.,mahaveer infoway
590118,Infronics Systems Ltd.,infronics systems
590120,PROVESTMENT SERVICES LTD.,provestment services
590121,Pilani Investment And Industries Corporation Ltd.,pilani investment and industries corporation
590122,ASHIKA CREDIT CAPITAL LTD.,ashika credit capital
590124,RUNEECHA TEXTILES LTD.,runeecha textiles
590126,GRADIENTE INFOTAINMENT LTD.,gradiente infotainment
590127,Oripro Ltd.,oripro
590128,SHREE TULSI ONLINE.COM LTD.,shree tulsi online com
590129,Star Delta Transformers Ltd.,star delta transformers
590130,KANCO TEA & INDUSTRIES LTD.,kanco tea
590132,JAY MAHESH INFRAVENTURES LTD.,jay mahesh infraventures
590133,GENERA AGRI CORP LTD.,genera agri corp
590134,Madras Fertilizers Ltd,madras fertilizers
